{"type":"FeatureCollection","features":[{"type":"Feature","geometry":{"type":"Polygon","coordinates":[[[85.115,54.44],[84.845,54.34],[84.8,54.345],[84.67,54.295],[84.575,54.235],[84.55,54.165],[84.46,54.145],[84.4,54.18],[84.355,54.16],[84.19,54.17],[83.855,54.09],[83.88,54.125],[83.73,54.1],[83.555,54.11],[83.535,54.08],[83.475,54.065],[83.49,53.98],[83.45,53.945],[83.35,53.935],[83.305,54.065],[83.22,54.05],[83.2,54.065],[83.1,54.01],[83.09,53.99],[82.715,53.78],[82.76,53.75],[82.62,53.67],[82.665,53.64],[82.5,53.545],[82.58,53.515],[82.485,53.495],[82.41,53.505],[82.335,53.53],[82.29,53.58],[82.21,53.59],[82.185,53.64],[82.06,53.685],[81.94,53.715],[81.79,53.725],[81.72,53.845],[81.835,53.87],[81.835,53.965],[81.75,53.95],[81.695,53.98],[81.62,53.96],[81.585,53.915],[81.54,53.935],[81.565,54.005],[81.51,54.025],[81.47,54.075],[81.385,54.05],[81.325,54.09],[81.24,54.085],[81.21,54.115],[81.125,54.115],[81.09,54.195],[81.035,54.24],[80.98,54.305],[80.95,54.375],[80.81,54.345],[80.855,54.26],[80.795,54.26],[80.535,54.17],[80.57,54.125],[80.515,54.105],[80.46,54.115],[80.22,54.03],[80.19,54.08],[80.05,54.045],[80.095,53.99],[79.96,53.945],[79.85,53.89],[79.89,53.84],[79.775,53.81],[79.76,53.835],[79.625,53.795],[79.64,53.745],[79.42,53.68],[79.385,53.71],[79.3,53.705],[79.26,53.675],[79.12,53.675],[79.09,53.7],[79.04,53.655],[78.94,53.675],[78.79,53.66],[78.71,53.63],[78.615,53.635],[78.65,53.58],[78.645,53.515],[78.56,53.505],[78.42,53.51],[78.42,53.485],[78.33,53.48],[78.26,53.51],[78.235,53.545],[78.23,53.615],[78.155,53.62],[78.155,53.585],[78.11,53.575],[77.955,53.58],[77.91,53.57],[77.93,53.505],[77.965,53.49],[78.075,53.475],[78.07,53.44],[77.92,53.45],[77.955,53.385],[77.89,53.365],[77.905,53.29],[78.12,53.07],[78.305,52.885],[78.535,52.635],[78.765,52.38],[79.11,52.005],[79.41,51.615],[79.535,51.465],[79.72,51.215],[79.73,51.19],[79.9,50.975],[80.075,50.74],[80.065,50.81],[80.085,50.83],[80.185,50.825],[80.195,50.9],[80.245,50.92],[80.375,50.925],[80.42,50.96],[80.48,50.97],[80.48,51.11],[80.435,51.12],[80.445,51.21],[80.635,51.205],[80.635,51.265],[80.68,51.315],[80.94,51.26],[80.92,51.22],[81.105,51.18],[81.145,51.21],[81.175,51.16],[81.14,51.08],[81.105,51.06],[81.06,50.95],[81.19,50.95],[81.29,50.975],[81.415,50.975],[81.435,50.93],[81.435,50.865],[81.485,50.825],[81.45,50.755],[81.585,50.74],[81.795,50.77],[81.885,50.805],[81.995,50.79],[82.08,50.75],[82.225,50.735],[82.27,50.77],[82.35,50.775],[82.565,50.745],[82.74,50.85],[82.715,50.9],[82.735,50.925],[82.91,50.91],[82.98,50.885],[83.005,50.925],[83.11,50.965],[83.12,51.01],[83.2,50.995],[83.29,51.01],[83.405,51.015],[83.445,50.975],[83.5,50.975],[83.595,50.95],[83.65,50.955],[83.715,50.895],[83.795,50.89],[83.91,50.815],[83.965,50.8],[83.95,50.745],[84.025,50.7],[84.08,50.64],[84.13,50.66],[84.25,50.665],[84.29,50.685],[84.475,50.685],[84.515,50.72],[84.51,50.765],[84.56,50.78],[84.58,50.83],[84.435,50.86],[84.44,50.91],[84.49,50.95],[84.34,50.98],[84.305,51.005],[84.22,50.985],[84.06,51.03],[83.98,51.07],[83.935,51.14],[84.04,51.155],[84.12,51.07],[84.18,51.19],[84.195,51.25],[84.255,51.285],[84.33,51.29],[84.385,51.265],[84.455,51.29],[84.46,51.315],[84.635,51.345],[84.64,51.375],[84.735,51.425],[84.765,51.415],[84.85,51.44],[84.9,51.44],[84.92,51.485],[84.995,51.515],[85.11,51.525],[85.165,51.49],[85.245,51.5],[85.26,51.53],[85.33,51.56],[85.445,51.565],[85.48,51.625],[85.475,51.665],[85.505,51.7],[85.58,51.695],[85.605,51.73],[85.705,51.73],[85.765,51.83],[85.75,51.865],[85.855,51.89],[85.82,51.97],[85.885,52.025],[85.92,52.105],[86.085,52.075],[86.17,52.04],[86.405,52.035],[86.455,52.075],[86.455,52.13],[86.565,52.11],[86.65,52.105],[86.725,52.14],[86.725,52.195],[86.765,52.245],[86.78,52.295],[86.695,52.295],[86.64,52.405],[86.68,52.435],[86.655,52.485],[86.67,52.515],[86.795,52.515],[86.78,52.605],[86.82,52.61],[86.935,52.655],[87.015,52.645],[87.055,52.66],[87.125,52.615],[87.17,52.695],[87.115,52.72],[87.055,52.705],[87.01,52.755],[86.945,52.79],[86.95,52.83],[86.91,52.845],[87.01,52.9],[87.015,52.96],[87.055,53.04],[86.945,53.065],[86.855,53.095],[86.84,53.12],[86.645,53.18],[86.63,53.25],[86.735,53.25],[86.81,53.295],[86.875,53.36],[86.865,53.44],[86.93,53.475],[86.93,53.505],[86.815,53.46],[86.54,53.53],[86.495,53.57],[86.425,53.61],[86.395,53.595],[86.355,53.66],[86.3,53.83],[86.185,53.81],[86.125,53.98],[86.045,54.01],[85.87,54.04],[85.75,54.165],[85.69,54.145],[85.625,54.215],[85.565,54.2],[85.54,54.225],[85.42,54.185],[85.315,54.295],[85.16,54.455],[85.115,54.44]]]},"properties":{"shapeName":"Алтайский край","shapeISO":"RU-ALT","shapeID":"28173009B80457268982215","shapeGroup":"RUS","shapeType":"ADM1"}},{"type":"Feature","geometry":{"type":"Polygon","coordinates":[[[42.44,54.825],[42.39,54.78],[42.44,54.71],[42.54,54.685],[42.59,54.705],[42.645,54.67],[42.6,54.635],[42.65,54.59],[42.615,54.53],[42.565,54.5],[42.565,54.445],[42.63,54.375],[42.53,54.37],[42.475,54.3],[42.405,54.285],[42.385,54.255],[42.3,54.225],[42.205,54.255],[42.205,54.19],[42.26,54.16],[42.35,54.165],[42.34,54.19],[42.395,54.255],[42.435,54.255],[42.58,54.165],[42.545,54.145],[42.57,54.085],[42.5,54.07],[42.415,54.105],[42.315,54.085],[42.365,54.02],[42.415,54.01],[42.445,53.94],[42.405,53.94],[42.355,53.89],[42.35,53.855],[42.35,53.795],[42.41,53.8],[42.5,53.735],[42.51,53.81],[42.555,53.8],[42.725,53.81],[42.745,53.785],[42.84,53.815],[42.93,53.795],[43.025,53.825],[43.045,53.855],[43.105,53.87],[43.14,53.825],[43.18,53.835],[43.16,53.885],[43.11,53.895],[43.125,53.975],[43.19,53.995],[43.35,53.995],[43.46,53.98],[43.535,54.015],[43.63,53.965],[43.745,53.96],[43.845,53.925],[43.925,53.875],[43.885,53.8],[43.98,53.75],[44.12,53.73],[44.15,53.705],[44.295,53.69],[44.35,53.71],[44.415,53.7],[44.505,53.65],[44.59,53.665],[44.625,53.69],[44.705,53.68],[44.73,53.705],[44.69,53.75],[44.64,53.755],[44.605,53.8],[44.6,53.87],[44.685,53.915],[44.805,53.925],[44.835,53.965],[45.095,53.95],[45.185,53.97],[45.34,53.87],[45.415,53.9],[45.54,53.895],[45.54,53.93],[45.66,53.92],[45.815,53.975],[45.865,54],[45.895,54.06],[45.96,54.1],[45.97,54.13],[46.06,54.17],[46.155,54.155],[46.2,54.185],[46.34,54.19],[46.395,54.24],[46.665,54.295],[46.705,54.325],[46.72,54.4],[46.535,54.4],[46.49,54.445],[46.545,54.47],[46.49,54.5],[46.535,54.525],[46.52,54.59],[46.44,54.57],[46.41,54.585],[46.5,54.625],[46.525,54.655],[46.42,54.69],[46.455,54.72],[46.445,54.76],[46.38,54.83],[46.41,54.875],[46.245,54.98],[46.295,55.03],[46.23,55.085],[46.18,55.07],[46.21,55.035],[46.14,55.025],[46.06,55.05],[45.96,54.995],[45.83,55.01],[45.7,55.01],[45.75,55.065],[45.77,55.155],[45.73,55.185],[45.595,55.165],[45.55,55.13],[45.57,55.1],[45.485,55.085],[45.42,55.025],[45.445,54.96],[45.425,54.885],[45.23,54.875],[45.22,54.785],[45.19,54.75],[45.11,54.8],[45.035,54.745],[45.02,54.705],[45.085,54.65],[45.04,54.635],[45.045,54.595],[45.01,54.555],[45.1,54.545],[45.14,54.49],[45.09,54.475],[44.97,54.49],[44.91,54.465],[44.83,54.48],[44.77,54.52],[44.69,54.49],[44.63,54.555],[44.56,54.53],[44.46,54.525],[44.405,54.535],[44.37,54.585],[44.27,54.605],[44.2,54.595],[44.17,54.635],[44.07,54.65],[44.095,54.735],[44.005,54.73],[43.92,54.74],[43.96,54.805],[43.86,54.805],[43.68,54.835],[43.62,54.855],[43.59,54.905],[43.48,54.89],[43.48,54.82],[43.22,54.805],[43.21,54.89],[43.17,54.9],[43.115,54.795],[43.045,54.77],[42.97,54.8],[42.9,54.76],[42.745,54.79],[42.72,54.82],[42.64,54.78],[42.545,54.805],[42.5,54.84],[42.445,54.8],[42.435,54.795],[42.44,54.825]]]},"properties":{"shapeName":"Республика Мордовия","shapeISO":"RU-MO","shapeID":"28173009B16834140201491","shapeGroup":"RUS","shapeType":"ADM1"}},{"type":"Feature","geometry":{"type":"Polygon","coordinates":[[[37.27,54.84],[37.23,54.805],[37.245,54.77],[37.205,54.745],[37.245,54.71],[37.2,54.64],[37.15,54.605],[37.14,54.565],[37.075,54.545],[36.98,54.605],[36.92,54.59],[36.905,54.56],[36.935,54.505],[36.88,54.505],[36.875,54.445],[36.97,54.43],[36.985,54.39],[36.93,54.345],[36.965,54.29],[36.84,54.285],[36.81,54.27],[36.7,54.295],[36.545,54.28],[36.5,54.25],[36.39,54.225],[36.25,54.21],[36.235,54.17],[36.09,54.18],[36.145,54.135],[36.215,54.09],[36.1,54.005],[36.075,53.96],[35.985,53.91],[35.975,53.8],[35.915,53.775],[35.96,53.72],[36.03,53.725],[36.075,53.68],[36.005,53.66],[35.99,53.625],[36.08,53.57],[36.175,53.54],[36.295,53.55],[36.29,53.52],[36.32,53.475],[36.37,53.47],[36.47,53.43],[36.495,53.39],[36.575,53.375],[36.635,53.42],[36.7,53.395],[36.695,53.37],[36.785,53.295],[37.015,53.27],[37.095,53.285],[37.16,53.26],[37.26,53.26],[37.295,53.28],[37.44,53.295],[37.505,53.265],[37.59,53.28],[37.57,53.18],[37.65,53.095],[37.725,53.125],[37.82,53.07],[37.865,53.01],[37.925,53.055],[38.045,53.045],[38.12,53.055],[38.23,52.995],[38.265,53.02],[38.37,52.99],[38.465,53.01],[38.56,52.995],[38.67,53.13],[38.58,53.19],[38.625,53.21],[38.605,53.25],[38.565,53.26],[38.55,53.33],[38.625,53.355],[38.765,53.36],[38.765,53.4],[38.73,53.435],[38.725,53.53],[38.79,53.55],[38.865,53.555],[38.94,53.575],[38.915,53.66],[38.92,53.765],[38.85,53.76],[38.815,53.78],[38.855,53.855],[38.795,53.88],[38.89,53.92],[38.82,53.94],[38.78,53.995],[38.8,54.01],[38.71,54.06],[38.685,54.1],[38.77,54.125],[38.765,54.18],[38.72,54.21],[38.71,54.245],[38.665,54.255],[38.57,54.29],[38.51,54.295],[38.505,54.345],[38.525,54.395],[38.4,54.475],[38.39,54.535],[38.44,54.545],[38.515,54.59],[38.47,54.645],[38.255,54.665],[38.12,54.715],[38.05,54.72],[38.04,54.765],[37.98,54.8],[37.99,54.825],[37.935,54.85],[37.79,54.835],[37.76,54.745],[37.68,54.72],[37.625,54.745],[37.575,54.74],[37.545,54.78],[37.495,54.795],[37.455,54.84],[37.36,54.85],[37.27,54.84]]]},"properties":{"shapeName":"Тульская область","shapeISO":"RU-TUL","shapeID":"28173009B42082792489997","shapeGroup":"RUS","shapeType":"ADM1"}},{"type":"Feature","geometry":{"type":"Polygon","coordinates":[[[62.06,56.13],[62.115,56.09],[62.23,56.03],[62.22,55.995],[62.24,55.935],[62.32,55.95],[62.305,55.84],[62.36,55.805],[62.47,55.8],[62.525,55.77],[62.515,55.725],[62.55,55.665],[62.525,55.59],[62.6,55.53],[62.62,55.49],[62.455,55.465],[62.475,55.435],[62.32,55.415],[62.265,55.44],[62.19,55.445],[62.165,55.41],[62.24,55.36],[62.17,55.35],[62.16,55.315],[62.065,55.305],[62.07,55.26],[62.16,55.23],[62.235,55.11],[62.21,55.005],[62.145,55.04],[62.045,55.02],[61.965,55.03],[61.995,54.98],[62.01,54.905],[62.055,54.9],[62.12,54.815],[62.035,54.765],[62.03,54.725],[62.085,54.72],[62.08,54.675],[62.155,54.67],[62.32,54.67],[62.395,54.685],[62.44,54.715],[62.52,54.69],[62.55,54.65],[62.67,54.625],[62.825,54.66],[62.9,54.695],[62.98,54.705],[63.2,54.7],[63.235,54.645],[63.225,54.61],[63.285,54.58],[63.235,54.485],[63.195,54.465],[63.18,54.395],[63.125,54.38],[63.17,54.31],[63.345,54.25],[63.35,54.195],[63.4,54.19],[63.625,54.23],[63.66,54.245],[63.805,54.27],[63.9,54.215],[63.96,54.2],[64.02,54.23],[63.975,54.29],[64.045,54.285],[64.1,54.31],[64.185,54.31],[64.355,54.335],[64.42,54.325],[64.48,54.365],[64.56,54.365],[64.63,54.395],[64.66,54.36],[64.74,54.355],[64.975,54.425],[65.12,54.33],[65.19,54.345],[65.24,54.375],[65.2,54.465],[65.21,54.53],[65.305,54.57],[65.495,54.595],[65.455,54.625],[65.49,54.655],[65.555,54.635],[65.635,54.64],[65.745,54.605],[65.83,54.655],[65.845,54.695],[65.98,54.715],[65.965,54.64],[66,54.625],[66.38,54.705],[66.65,54.745],[66.73,54.74],[66.79,54.765],[67,54.785],[67.05,54.78],[67.105,54.81],[67.28,54.825],[67.335,54.875],[67.4,54.855],[67.515,54.86],[67.565,54.845],[67.775,54.885],[67.82,54.97],[67.91,54.985],[68.035,54.95],[68.235,54.97],[68.24,55.055],[68.27,55.085],[68.19,55.15],[68.28,55.205],[68.445,55.195],[68.65,55.21],[68.635,55.265],[68.695,55.29],[68.715,55.35],[68.68,55.39],[68.555,55.43],[68.485,55.415],[68.435,55.475],[68.32,55.505],[68.315,55.57],[68.23,55.575],[68.18,55.61],[68.175,55.72],[68.14,55.73],[68.01,55.695],[67.92,55.655],[67.845,55.685],[67.795,55.73],[67.635,55.715],[67.405,55.73],[67.32,55.855],[67.28,55.94],[67.305,55.965],[67.1,55.96],[67.085,55.975],[66.765,55.975],[66.765,56.01],[66.67,56.04],[66.63,56.005],[66.45,55.96],[66.42,55.995],[66.355,56.015],[66.29,56.055],[66.16,56.07],[66.07,56.01],[66.02,55.995],[65.835,56.075],[65.78,56.13],[65.78,56.16],[65.675,56.225],[65.685,56.27],[65.455,56.285],[65.25,56.275],[65.12,56.31],[65.135,56.37],[65.095,56.44],[65.03,56.465],[64.99,56.52],[65.03,56.64],[64.995,56.715],[64.925,56.77],[64.865,56.795],[64.885,56.825],[64.7,56.815],[64.545,56.79],[64.495,56.745],[64.33,56.755],[64.295,56.74],[64.35,56.685],[64.345,56.645],[64.285,56.605],[64.185,56.59],[64.17,56.56],[64.22,56.54],[64.215,56.49],[64.18,56.46],[64.06,56.475],[63.83,56.48],[63.725,56.54],[63.685,56.535],[63.595,56.56],[63.6,56.59],[63.475,56.61],[63.4,56.58],[63.315,56.57],[63.125,56.565],[62.985,56.6],[62.89,56.59],[62.87,56.545],[62.745,56.56],[62.725,56.51],[62.655,56.515],[62.605,56.49],[62.57,56.565],[62.515,56.565],[62.43,56.525],[62.255,56.4],[62.255,56.34],[62.18,56.305],[62.155,56.275],[62.07,56.295],[62.055,56.245],[62.08,56.2],[62.06,56.13]]]},"properties":{"shapeName":"Курганская область","shapeISO":"RU-KGN","shapeID":"28173009B71296032393878","shapeGroup":"RUS","shapeType":"ADM1"}},{"type":"Feature","geometry":{"type":"Polygon","coordinates":[[[44.85,43.565],[44.795,43.595],[44.695,43.595],[44.71,43.55],[44.62,43.545],[44.63,43.615],[44.505,43.59],[44.505,43.545],[44.48,43.515],[44.48,43.47],[44.51,43.405],[44.58,43.415],[44.57,43.235],[44.625,43.22],[44.67,43.235],[44.695,43.27],[44.775,43.16],[44.845,43.135],[44.9,43.095],[44.96,43.04],[44.935,43],[44.955,42.945],[44.88,42.915],[44.855,42.835],[44.795,42.86],[44.75,42.845],[44.665,42.88],[44.635,42.875],[44.68,42.755],[44.755,42.715],[44.765,42.645],[44.805,42.615],[44.835,42.675],[44.865,42.69],[44.885,42.745],[44.945,42.75],[45.04,42.695],[45.085,42.71],[45.15,42.78],[45.175,42.78],[45.19,42.85],[45.24,42.89],[45.245,42.93],[45.19,42.98],[45.175,43.065],[45.19,43.165],[45.135,43.195],[45.11,43.315],[45.13,43.325],[45.13,43.42],[45.07,43.45],[45.06,43.51],[44.97,43.53],[44.87,43.535],[44.85,43.565]]]},"properties":{"shapeName":"Республика Ингушетия","shapeISO":"RU-IN","shapeID":"28173009B75413689166101","shapeGroup":"RUS","shapeType":"ADM1"}},{"type":"Feature","geometry":{"type":"Polygon","coordinates":[[[62,65.72],[61.885,65.685],[61.83,65.645],[61.705,65.605],[61.63,65.56],[61.465,65.445],[61.42,65.385],[61.3,65.33],[61.285,65.295],[61.365,65.25],[61.3,65.22],[61.285,65.17],[61.135,65.175],[61.09,65.15],[61.075,65.08],[60.995,65.065],[60.945,65.015],[60.81,65.025],[60.75,64.98],[60.755,64.94],[60.645,64.925],[60.515,64.965],[60.435,65.005],[60.445,65.055],[60.375,65.07],[60.205,65.075],[60.175,65.05],[60.035,65.03],[60.055,64.995],[59.99,64.94],[59.89,64.93],[59.74,64.875],[59.705,64.82],[59.625,64.785],[59.66,64.705],[59.725,64.695],[59.735,64.655],[59.625,64.655],[59.57,64.595],[59.54,64.49],[59.63,64.46],[59.615,64.41],[59.655,64.375],[59.6,64.335],[59.56,64.25],[59.68,64.15],[59.83,64.135],[59.81,64.065],[59.77,64.04],[59.755,63.985],[59.69,63.945],[59.56,63.91],[59.58,63.865],[59.535,63.805],[59.535,63.715],[59.475,63.64],[59.48,63.57],[59.44,63.535],[59.38,63.42],[59.31,63.385],[59.32,63.315],[59.365,63.265],[59.285,63.17],[59.325,63.125],[59.24,63.1],[59.205,63.03],[59.325,62.94],[59.45,62.92],[59.435,62.78],[59.36,62.755],[59.41,62.705],[59.425,62.635],[59.47,62.605],[59.445,62.565],[59.55,62.545],[59.635,62.55],[59.605,62.445],[59.615,62.375],[59.49,62.3],[59.51,62.28],[59.4,62.155],[59.425,62.05],[59.49,61.945],[59.585,61.945],[59.63,61.92],[59.72,61.93],[59.975,61.885],[59.945,61.835],[59.945,61.755],[60,61.72],[60.515,61.735],[60.84,61.7],[60.995,61.695],[61.23,61.655],[61.46,61.585],[61.885,61.435],[61.89,61.405],[62.2,61.335],[62.485,61.26],[62.645,61.17],[62.825,61],[62.76,60.855],[62.865,60.655],[62.905,60.62],[63.225,60.295],[63.18,60.225],[63.605,60.1],[63.795,59.815],[63.825,59.745],[63.85,59.565],[63.875,59.46],[64.02,59.38],[64.49,59.375],[64.905,59.335],[65.07,59.31],[65.135,59.21],[65.235,59.205],[65.34,59.01],[65.375,58.9],[65.655,58.66],[65.95,58.615],[66.29,58.595],[66.365,58.58],[66.455,58.605],[66.785,58.655],[66.77,58.925],[66.97,58.97],[67.055,58.925],[67.3,59.025],[67.61,59.105],[67.65,59.16],[67.785,59.2],[68.1,59.205],[68.26,59.24],[68.395,59.3],[68.5,59.435],[68.575,59.59],[68.735,59.57],[69.05,59.69],[69.31,59.77],[69.305,59.785],[69.145,59.88],[69.07,59.905],[69.17,59.965],[69.27,59.99],[69.625,59.97],[69.65,59.91],[70,59.925],[70.135,59.95],[70.205,59.935],[70.395,59.84],[70.69,59.87],[70.775,59.87],[71,59.83],[71.18,59.905],[71.26,59.79],[71.5,59.74],[71.545,59.685],[71.66,59.655],[71.79,59.635],[71.835,59.57],[71.895,59.555],[72.025,59.55],[72.085,59.53],[72.185,59.465],[72.23,59.41],[72.44,59.3],[72.42,59.21],[72.55,59.14],[72.745,59.135],[72.91,59.155],[72.975,59.125],[72.93,59.055],[73.1,58.95],[73.01,58.9],[73.025,58.875],[73.225,58.85],[73.495,58.825],[73.72,58.855],[73.86,58.805],[73.99,58.81],[74.085,58.75],[74.175,58.725],[74.51,58.72],[74.585,58.73],[74.8,58.725],[74.895,58.685],[75,58.7],[75.13,58.665],[75.635,58.91],[75.7,58.97],[75.73,59.015],[75.64,59.21],[75.84,59.28],[75.9,59.4],[75.99,59.385],[76.175,59.53],[76.415,59.545],[76.5,59.545],[76.665,59.57],[76.65,59.605],[76.67,59.685],[76.74,59.71],[76.775,59.99],[76.77,60.065],[76.715,60.115],[76.83,60.18],[76.865,60.27],[76.76,60.33],[76.765,60.395],[76.83,60.465],[77.07,60.525],[77.055,60.62],[76.965,60.65],[77.1,60.705],[77.08,60.77],[77.11,60.86],[77.31,60.84],[77.395,60.815],[77.705,60.82],[77.89,60.78],[77.97,60.74],[78.09,60.795],[78.195,60.8],[78.485,60.765],[78.645,60.815],[78.82,60.765],[78.87,60.77],[78.98,60.81],[79.22,60.825],[79.295,60.8],[79.29,60.72],[79.375,60.645],[79.425,60.64],[79.51,60.67],[79.68,60.68],[79.94,60.67],[80.2,60.675],[80.405,60.75],[80.64,60.77],[80.705,60.805],[80.985,60.775],[81.05,60.755],[81.105,60.64],[81.46,60.605],[81.585,60.64],[81.88,60.64],[82.165,60.515],[82.41,60.61],[82.375,60.705],[83.155,61.025],[83.475,61.035],[83.95,60.835],[84.265,60.865],[84.64,61],[84.735,61.015],[85.28,61.17],[85.695,61.285],[85.7,61.315],[85.64,61.365],[85.8,61.455],[85.965,61.46],[85.96,61.545],[85.845,61.595],[85.715,61.575],[85.495,61.615],[85.405,61.685],[85.28,61.675],[85.175,61.71],[85.095,61.75],[84.92,61.79],[84.84,61.775],[84.68,61.81],[84.625,61.865],[84.525,61.92],[84.525,61.99],[84.49,62.03],[84.49,62.1],[84.44,62.195],[84.425,62.23],[84.295,62.27],[84.305,62.31],[84.24,62.38],[84.1,62.375],[84,62.415],[83.96,62.49],[83.815,62.57],[83.625,62.505],[83.555,62.525],[83.325,62.46],[83.025,62.525],[83.05,62.59],[82.76,62.66],[82.76,62.75],[82.46,62.775],[82.385,62.76],[82.29,62.765],[82.16,62.815],[82.045,62.765],[81.945,62.745],[81.84,62.695],[81.74,62.705],[81.665,62.73],[81.64,62.78],[81.395,62.815],[81.29,62.86],[81.32,62.91],[81.22,62.935],[81.15,62.97],[81.04,63.065],[81.035,63.15],[80.92,63.155],[80.68,63.115],[80.59,63.08],[80.59,63.01],[80.285,62.895],[80.185,62.865],[80.095,62.82],[79.97,62.815],[79.91,62.785],[79.905,62.73],[79.845,62.61],[79.55,62.605],[79.44,62.62],[79.25,62.605],[78.74,62.6],[78.52,62.56],[78.405,62.56],[78.135,62.495],[78.095,62.465],[77.87,62.575],[77.38,62.71],[77.135,62.81],[77.025,62.97],[76.85,62.99],[76.665,63.035],[76.34,62.95],[76.265,63.015],[76.04,63.065],[75.97,63.07],[75.895,63.105],[75.78,63.115],[75.605,63.09],[75.315,63.1],[75.175,63.06],[75.08,63.07],[74.94,63.025],[74.525,63.035],[74.39,63.115],[74.255,63.175],[74,63.17],[73.5,63.19],[73.365,63.23],[73.265,63.335],[73.105,63.38],[73.055,63.425],[72.895,63.395],[72.87,63.355],[72.665,63.28],[72.405,63.3],[72.13,63.295],[72,63.25],[71.915,63.255],[71.645,63.195],[71.535,63.47],[71.565,63.57],[71.455,63.685],[71.245,63.7],[70.925,63.705],[70.825,63.82],[70.705,63.885],[70.69,63.94],[70.61,63.97],[70.56,64.015],[70.765,64.11],[70.77,64.19],[70.665,64.24],[70.45,64.25],[70.29,64.345],[70.165,64.34],[70.085,64.32],[69.89,64.32],[69.725,64.395],[69.395,64.385],[69.28,64.475],[69.14,64.455],[69.05,64.455],[68.86,64.44],[68.97,64.35],[69.035,64.325],[68.92,64.27],[68.89,64.22],[68.745,64.235],[68.55,64.285],[68.45,64.29],[68.195,64.19],[68.19,64.175],[68.06,64.14],[67.835,64.045],[67.76,64.04],[67.68,64.075],[67.585,64.07],[67.47,64.08],[67.17,64.125],[67.2,64.15],[67.01,64.19],[66.865,64.205],[66.83,64.29],[66.865,64.35],[66.915,64.375],[66.99,64.45],[66.97,64.51],[66.81,64.545],[66.71,64.555],[66.455,64.525],[66.2,64.59],[65.995,64.58],[65.935,64.555],[65.375,64.555],[65.175,64.47],[64.985,64.47],[64.725,64.43],[64.605,64.445],[64.48,64.37],[64.045,64.36],[63.95,64.325],[63.915,64.29],[63.61,64.27],[63.505,64.29],[63.41,64.335],[63.515,64.365],[63.48,64.455],[63.395,64.465],[63.245,64.52],[63.05,64.515],[62.915,64.465],[62.835,64.505],[62.715,64.495],[62.56,64.56],[62.59,64.64],[62.73,64.68],[62.81,64.735],[62.805,64.84],[62.695,64.875],[62.75,64.935],[62.825,65.055],[62.815,65.195],[62.87,65.29],[62.455,65.34],[62.365,65.43],[62.425,65.505],[62.315,65.535],[62.305,65.585],[62.265,65.63],[62.155,65.66],[62,65.72]]]},"properties":{"shapeName":"Ханты-Мансийский автономный округ","shapeISO":"RU-KHM","shapeID":"28173009B731487536241","shapeGroup":"RUS","shapeType":"ADM1"}},{"type":"Feature","geometry":{"type":"Polygon","coordinates":[[[47.07,60.845],[47.035,60.725],[46.975,60.69],[46.965,60.655],[47.015,60.625],[46.995,60.575],[46.955,60.535],[46.875,60.515],[46.89,60.455],[46.87,60.415],[46.79,60.395],[46.76,60.365],[46.815,60.295],[46.765,60.235],[46.635,60.265],[46.51,60.245],[46.42,60.265],[46.33,60.215],[46.325,60.165],[46.38,60.13],[46.585,60.08],[46.65,60.085],[46.76,60.06],[46.89,60.075],[46.92,60.125],[47.035,60.125],[46.92,59.765],[47.155,59.75],[47.12,59.6],[47.05,59.37],[47.25,59.355],[47.21,59.2],[47.37,59.135],[47.45,59.14],[47.445,59.095],[47.52,59.06],[47.525,59.03],[47.59,58.975],[47.575,58.915],[47.495,58.895],[47.32,58.93],[47.25,58.87],[47.265,58.82],[47.305,58.79],[47.075,58.755],[47.065,58.715],[47,58.69],[47.02,58.62],[46.89,58.605],[46.825,58.59],[46.66,58.57],[46.56,58.48],[46.58,58.4],[46.41,58.39],[46.39,58.285],[46.415,58.215],[46.335,58.165],[46.32,58.1],[46.345,58.06],[46.44,58.005],[46.54,58.04],[46.585,58.03],[47.295,58.015],[47.415,58.005],[47.46,57.98],[47.71,57.94],[47.765,57.88],[47.615,57.86],[47.58,57.81],[47.605,57.74],[47.535,57.69],[47.555,57.655],[47.515,57.63],[47.48,57.515],[47.375,57.52],[47.38,57.545],[47.265,57.56],[47.135,57.51],[47.02,57.49],[46.9,57.515],[46.84,57.505],[46.755,57.52],[46.82,57.445],[46.77,57.41],[46.76,57.365],[46.685,57.34],[46.72,57.285],[46.8,57.29],[46.84,57.175],[46.75,57.16],[46.815,57.09],[46.795,57.045],[46.755,57.035],[46.765,56.97],[46.72,56.965],[46.82,56.92],[46.905,56.93],[47.1,56.925],[47.125,56.885],[47.135,56.805],[47.245,56.81],[47.36,56.85],[47.435,56.885],[47.49,56.87],[47.665,56.985],[47.77,57],[47.95,56.985],[47.99,57],[48.135,56.995],[48.205,57.015],[48.16,57.055],[48.25,57.095],[48.33,57.165],[48.43,57.115],[48.55,57.155],[48.665,57.15],[48.675,57.17],[48.81,57.17],[48.86,57.105],[48.95,57.085],[49.005,57.125],[48.99,57.185],[49.035,57.295],[49.15,57.33],[49.21,57.315],[49.16,57.155],[49.205,57.11],[49.25,57.04],[49.39,57.02],[49.47,57.06],[49.52,57.05],[49.6,57.08],[49.675,57.045],[49.76,56.95],[49.745,56.915],[49.77,56.875],[49.87,56.885],[49.96,56.855],[50.04,56.85],[50.045,56.795],[50.105,56.79],[50.095,56.73],[50.06,56.66],[50.08,56.61],[50.15,56.605],[50.175,56.65],[50.24,56.63],[50.3,56.63],[50.345,56.675],[50.43,56.61],[50.49,56.61],[50.44,56.55],[50.525,56.515],[50.5,56.475],[50.55,56.41],[50.62,56.375],[50.63,56.34],[50.745,56.32],[50.825,56.345],[50.915,56.28],[50.83,56.24],[50.875,56.195],[50.985,56.2],[50.98,56.165],[51.03,56.135],[51.21,56.125],[51.22,56.085],[51.31,56.07],[51.445,56.125],[51.445,56.225],[51.39,56.23],[51.405,56.285],[51.265,56.38],[51.3,56.42],[51.195,56.435],[51.155,56.475],[51.14,56.53],[51.18,56.685],[51.395,56.665],[51.39,56.765],[51.485,56.8],[51.535,56.855],[51.425,56.93],[51.34,56.945],[51.31,57.02],[51.22,57.085],[51.195,57.14],[51.21,57.2],[51.18,57.24],[51.125,57.245],[51.165,57.44],[51.4,57.47],[51.53,57.46],[51.625,57.48],[51.625,57.53],[51.705,57.515],[51.755,57.54],[51.765,57.575],[51.85,57.62],[51.885,57.7],[51.955,57.765],[51.87,57.83],[51.825,57.915],[51.89,57.95],[51.9,58.01],[51.805,58.04],[51.84,58.06],[51.8,58.12],[51.715,58.135],[51.685,58.175],[51.745,58.215],[51.725,58.25],[51.82,58.285],[51.795,58.34],[51.965,58.455],[52.09,58.465],[52.17,58.49],[52.295,58.465],[52.36,58.435],[52.845,58.395],[52.895,58.535],[53.09,58.52],[53.16,58.54],[53.18,58.5],[53.16,58.45],[53.25,58.445],[53.215,58.4],[53.375,58.385],[53.49,58.44],[53.595,58.445],[53.62,58.475],[53.785,58.455],[53.74,58.565],[53.705,58.6],[53.765,58.655],[53.735,58.68],[53.785,58.725],[53.905,58.755],[53.925,58.795],[53.825,58.83],[53.755,58.965],[53.77,59.015],[53.84,59.035],[53.905,59.085],[53.815,59.11],[53.725,59.18],[53.68,59.15],[53.72,59.12],[53.49,59.15],[53.385,59.155],[53.23,59.32],[53.225,59.36],[53.355,59.46],[53.45,59.705],[53.6,59.685],[53.63,59.74],[53.685,60.01],[53.625,60.115],[53.565,60.16],[53.42,60.225],[53.375,60.155],[53.075,60.15],[52.92,60.155],[52.44,60.185],[52.315,60.225],[52.065,60.31],[51.975,60.28],[51.86,60.19],[51.765,60.085],[51.665,60.03],[51.55,59.94],[51.465,59.915],[51.42,59.94],[51.39,59.995],[51.18,60.05],[51.05,60.03],[50.83,59.865],[50.735,59.87],[50.475,59.835],[50.405,59.84],[50.29,59.805],[50.27,59.75],[49.99,59.78],[49.985,59.725],[50.085,59.68],[49.98,59.66],[49.86,59.655],[49.8,59.485],[49.87,59.48],[49.83,59.365],[49.87,59.36],[49.815,59.21],[49.73,59.2],[49.52,59.215],[49.57,59.395],[49.345,59.41],[49.35,59.465],[49.215,59.475],[49.15,59.505],[49.04,59.48],[49.1,59.66],[48.525,59.705],[48.51,59.78],[48.5,60.02],[48.47,60.13],[48.49,60.195],[48.775,60.32],[48.785,60.355],[48.675,60.39],[48.53,60.4],[48.555,60.46],[48.495,60.47],[48.495,60.515],[48.56,60.55],[48.42,60.835],[47.965,60.88],[47.955,60.99],[47.895,61.015],[47.655,61.035],[47.605,61.06],[47.465,61.045],[47.195,61.065],[47.195,60.995],[47.11,60.94],[47.07,60.845]]]},"properties":{"shapeName":"Кировская область","shapeISO":"RU-KIR","shapeID":"28173009B31225333555943","shapeGroup":"RUS","shapeType":"ADM1"}},{"type":"Feature","geometry":{"type":"Polygon","coordinates":[[[62,65.72],[62.13,65.75],[62.23,65.76],[62.265,65.785],[62.47,65.825],[62.485,65.845],[62.8,65.86],[62.775,65.905],[62.82,65.94],[62.905,65.965],[62.835,65.995],[62.87,66.065],[62.955,66.1],[63,66.18],[63.14,66.255],[63.28,66.22],[63.235,66.335],[63.285,66.345],[63.33,66.425],[63.42,66.465],[63.51,66.46],[63.63,66.52],[63.805,66.535],[63.95,66.605],[63.975,66.635],[64.19,66.65],[64.265,66.645],[64.395,66.72],[64.46,66.715],[64.55,66.765],[64.56,66.8],[64.68,66.8],[64.78,66.835],[64.875,66.835],[65.04,66.87],[65.14,66.91],[65.14,66.955],[65.08,67.04],[65.205,67.065],[65.245,67.095],[65.18,67.145],[65.305,67.185],[65.43,67.21],[65.665,67.325],[65.745,67.335],[65.7,67.38],[66.01,67.41],[66.075,67.47],[66.09,67.515],[66.055,67.575],[65.825,67.54],[65.785,67.57],[65.835,67.6],[65.785,67.64],[65.845,67.67],[65.96,67.655],[66.05,67.675],[66.16,67.65],[66.22,67.685],[66.225,67.755],[66.055,67.785],[66.055,67.88],[66.135,67.915],[65.905,67.96],[65.75,67.92],[65.55,67.935],[65.43,67.91],[65.385,67.93],[65.33,67.995],[65.34,68.095],[65.28,68.2],[65.295,68.25],[65.475,68.42],[65.3,68.395],[65.115,68.415],[64.99,68.39],[64.825,68.41],[64.585,68.355],[64.53,68.325],[64.53,68.28],[64.585,68.2],[64.405,68.18],[64.37,68.13],[64.215,68.115],[64.035,68.055],[63.88,68.035],[63.965,67.905],[63.925,67.85],[63.87,67.825],[63.73,67.815],[63.7,67.735],[63.495,67.745],[63.43,67.77],[63.33,67.75],[63.31,67.715],[63.16,67.695],[63.095,67.635],[62.945,67.605],[62.925,67.54],[62.855,67.49],[62.915,67.445],[62.865,67.37],[62.755,67.35],[62.15,67.195],[61.785,67.11],[61.705,67.055],[61.71,67.03],[61.59,66.995],[61.38,66.98],[61.32,67],[60.11,67],[60.03,66.96],[59.98,67],[58.835,67],[57.705,67],[57.07,67],[55.89,67],[54.93,67],[53.875,67],[52.945,67.055],[52.15,67.1],[52.075,67.065],[52.045,67.025],[51.825,67],[51.83,66.945],[51.7,66.92],[51.625,66.94],[51.52,66.94],[51.535,66.86],[51.485,66.835],[51.545,66.775],[50.855,66.6],[50.345,66.475],[49.78,66.32],[49,66.115],[49.035,65.52],[49.05,65.225],[49.635,65.29],[50.235,64.83],[50.5,64.795],[50.36,64.51],[49.915,64.56],[49.905,64.55],[49.55,64.575],[49.485,64.425],[48.96,64.48],[48.885,64.325],[48.525,64.355],[48.465,64.205],[48.19,64.23],[48.16,64.345],[47.89,64.345],[47.345,64.355],[46.965,64.34],[46.63,64.315],[46.32,64.25],[45.85,64.28],[45.715,64.255],[45.4,64.175],[45.595,64.055],[45.945,63.955],[46.15,63.945],[46.5,63.865],[46.81,63.755],[46.88,63.705],[47.015,63.58],[47.01,63.52],[46.94,63.455],[46.945,63.35],[47.03,63.29],[47.05,63.255],[47.16,63.245],[47.39,63.155],[47.565,63.145],[47.53,63.05],[47.41,62.965],[47.29,62.91],[47.06,62.825],[47.245,62.64],[47.23,62.335],[47.405,62.335],[47.39,62.18],[47.645,62.175],[47.66,62.33],[48.28,62.31],[48.325,62.305],[48.3,62.475],[48.255,62.505],[48.35,62.735],[48.68,62.7],[48.74,62.85],[49.565,62.775],[49.495,62.63],[49.425,62.445],[49.47,62.365],[49.375,62.135],[49.29,62.14],[49.23,62.1],[49.04,61.65],[49.5,61.605],[49.375,61.305],[49.32,61.155],[49.125,61.17],[48.96,61.105],[48.93,61.14],[48.475,61.02],[48.42,60.835],[48.56,60.55],[48.495,60.515],[48.495,60.47],[48.555,60.46],[48.53,60.4],[48.675,60.39],[48.785,60.355],[48.775,60.32],[48.49,60.195],[48.47,60.13],[48.5,60.02],[48.51,59.78],[48.525,59.705],[49.1,59.66],[49.04,59.48],[49.15,59.505],[49.215,59.475],[49.35,59.465],[49.345,59.41],[49.57,59.395],[49.52,59.215],[49.73,59.2],[49.815,59.21],[49.87,59.36],[49.83,59.365],[49.87,59.48],[49.8,59.485],[49.86,59.655],[49.98,59.66],[50.085,59.68],[49.985,59.725],[49.99,59.78],[50.27,59.75],[50.29,59.805],[50.405,59.84],[50.475,59.835],[50.735,59.87],[50.83,59.865],[51.05,60.03],[51.18,60.05],[51.39,59.995],[51.42,59.94],[51.465,59.915],[51.55,59.94],[51.665,60.03],[51.765,60.085],[51.86,60.19],[51.975,60.28],[52.065,60.31],[52.315,60.225],[52.37,60.355],[52.335,60.36],[52.355,60.44],[52.125,60.465],[52.155,60.54],[51.77,60.58],[51.89,60.88],[52.36,60.83],[52.43,60.975],[52.805,60.94],[52.87,61.09],[53.415,61.035],[53.355,60.885],[53.815,60.83],[53.875,60.985],[54.975,60.86],[55.05,61.01],[55.2,60.99],[55.275,61.15],[55.73,61.095],[55.815,61.245],[56.275,61.19],[56.325,61.29],[56.325,61.335],[56.38,61.445],[56.565,61.42],[56.595,61.495],[56.655,61.525],[57.08,61.475],[57.095,61.5],[57.92,61.5],[58.845,61.495],[58.845,61.52],[59.06,61.54],[59.15,61.63],[59.24,61.625],[59.35,61.665],[59.35,61.695],[59.42,61.755],[59.325,61.785],[59.33,61.845],[59.45,61.935],[59.49,61.945],[59.425,62.05],[59.4,62.155],[59.51,62.28],[59.49,62.3],[59.615,62.375],[59.605,62.445],[59.635,62.55],[59.55,62.545],[59.445,62.565],[59.47,62.605],[59.425,62.635],[59.41,62.705],[59.36,62.755],[59.435,62.78],[59.45,62.92],[59.325,62.94],[59.205,63.03],[59.24,63.1],[59.325,63.125],[59.285,63.17],[59.365,63.265],[59.32,63.315],[59.31,63.385],[59.38,63.42],[59.44,63.535],[59.48,63.57],[59.475,63.64],[59.535,63.715],[59.535,63.805],[59.58,63.865],[59.56,63.91],[59.69,63.945],[59.755,63.985],[59.77,64.04],[59.81,64.065],[59.83,64.135],[59.68,64.15],[59.56,64.25],[59.6,64.335],[59.655,64.375],[59.615,64.41],[59.63,64.46],[59.54,64.49],[59.57,64.595],[59.625,64.655],[59.735,64.655],[59.725,64.695],[59.66,64.705],[59.625,64.785],[59.705,64.82],[59.74,64.875],[59.89,64.93],[59.99,64.94],[60.055,64.995],[60.035,65.03],[60.175,65.05],[60.205,65.075],[60.375,65.07],[60.445,65.055],[60.435,65.005],[60.515,64.965],[60.645,64.925],[60.755,64.94],[60.75,64.98],[60.81,65.025],[60.945,65.015],[60.995,65.065],[61.075,65.08],[61.09,65.15],[61.135,65.175],[61.285,65.17],[61.3,65.22],[61.365,65.25],[61.285,65.295],[61.3,65.33],[61.42,65.385],[61.465,65.445],[61.63,65.56],[61.705,65.605],[61.83,65.645],[61.885,65.685],[62,65.72]]]},"properties":{"shapeName":"Республика Коми","shapeISO":"RU-KO","shapeID":"28173009B21210279674314","shapeGroup":"RUS","shapeType":"ADM1"}},{"type":"Feature","geometry":{"type":"Polygon","coordinates":[[[47.12,59.6],[46.795,59.625],[46.79,59.595],[46.41,59.62],[46.37,59.5],[46.405,59.495],[46.37,59.34],[46.165,59.355],[46.165,59.315],[46.02,59.325],[45.98,59.17],[45.34,59.215],[45.335,59.185],[45.055,59.2],[45.04,59.12],[44.59,59.15],[44.4,59.16],[44.355,59.135],[44.295,59.17],[44.19,59.17],[44.21,59.225],[44.09,59.235],[43.95,59.21],[43.9,59.24],[43.805,59.245],[43.775,59.27],[43.695,59.26],[43.64,59.23],[43.61,59.19],[43.51,59.26],[43.515,59.3],[43.42,59.29],[43.335,59.265],[43.385,59.205],[43.335,59.2],[43.285,59.245],[43.22,59.235],[43.175,59.265],[43.085,59.25],[43.05,59.21],[43,59.215],[42.865,59.18],[42.79,59.175],[42.755,59.215],[42.69,59.225],[42.655,59.265],[42.67,59.315],[42.635,59.33],[42.35,59.305],[42.31,59.27],[42.205,59.33],[42.215,59.41],[42.035,59.43],[41.985,59.395],[41.95,59.26],[42.03,59.24],[42.1,59.25],[42.09,59.155],[42,59.105],[41.96,59.12],[41.88,59.085],[41.825,59.105],[41.73,59.11],[41.715,59.085],[41.525,59.04],[41.515,59.015],[41.4,58.99],[41.35,58.95],[41.27,58.99],[41.175,58.935],[41.18,58.895],[41.255,58.89],[41.26,58.84],[41.155,58.805],[41.23,58.74],[41.05,58.605],[40.93,58.575],[41.02,58.54],[41.08,58.47],[41.05,58.44],[41.135,58.395],[41.195,58.34],[41.105,58.29],[41.035,58.285],[40.985,58.245],[40.96,58.195],[40.885,58.18],[40.895,58.11],[40.84,58.065],[40.77,58.06],[40.81,58.005],[40.68,57.985],[40.6,57.895],[40.64,57.865],[40.675,57.695],[40.72,57.66],[40.675,57.595],[40.63,57.57],[40.525,57.595],[40.45,57.535],[40.505,57.52],[40.425,57.485],[40.445,57.415],[40.43,57.285],[40.5,57.275],[40.535,57.305],[40.635,57.29],[40.85,57.35],[40.92,57.32],[41.02,57.32],[41.14,57.41],[41.315,57.415],[41.42,57.44],[41.42,57.48],[41.565,57.455],[41.61,57.495],[41.62,57.565],[41.575,57.63],[41.605,57.74],[41.79,57.72],[41.895,57.695],[41.93,57.635],[42.02,57.63],[42.025,57.59],[42.105,57.585],[42.13,57.565],[42.215,57.56],[42.375,57.575],[42.43,57.63],[42.465,57.62],[42.625,57.635],[42.705,57.62],[42.75,57.69],[42.83,57.685],[42.885,57.655],[42.85,57.615],[42.865,57.57],[42.81,57.53],[42.845,57.51],[42.825,57.425],[42.895,57.37],[43.01,57.38],[43.305,57.43],[43.305,57.485],[43.365,57.53],[43.42,57.55],[43.495,57.605],[43.55,57.555],[43.63,57.545],[43.67,57.49],[43.855,57.415],[43.93,57.435],[44.015,57.435],[44.315,57.515],[44.505,57.61],[44.5,57.655],[44.595,57.7],[44.71,57.69],[44.765,57.71],[44.76,57.755],[44.83,57.795],[44.88,57.88],[44.8,57.96],[44.815,58.015],[44.87,58.075],[45.01,58.09],[45.225,58.09],[45.22,58.055],[45.295,58.03],[45.51,58.03],[45.51,57.975],[45.625,57.925],[45.685,57.93],[45.745,57.97],[45.735,58.015],[45.845,58.05],[45.925,58.055],[46.345,58.06],[46.32,58.1],[46.335,58.165],[46.415,58.215],[46.39,58.285],[46.41,58.39],[46.58,58.4],[46.56,58.48],[46.66,58.57],[46.825,58.59],[46.89,58.605],[47.02,58.62],[47,58.69],[47.065,58.715],[47.075,58.755],[47.305,58.79],[47.265,58.82],[47.25,58.87],[47.32,58.93],[47.495,58.895],[47.575,58.915],[47.59,58.975],[47.525,59.03],[47.52,59.06],[47.445,59.095],[47.45,59.14],[47.37,59.135],[47.21,59.2],[47.25,59.355],[47.05,59.37],[47.12,59.6]]]},"properties":{"shapeName":"Костромская область","shapeISO":"RU-KOS","shapeID":"28173009B70678486994214","shapeGroup":"RUS","shapeType":"ADM1"}},{"type":"Feature","geometry":{"type":"MultiPolygon","coordinates":[[[[78.75,72.905],[78.635,72.855],[78.65,72.8],[78.81,72.775],[78.89,72.735],[79.24,72.72],[79.385,72.7],[79.575,72.75],[79.505,72.8],[79.54,72.82],[79.51,72.93],[79.385,73.01],[79.215,73.075],[79.145,73.08],[79.01,73.005],[78.75,72.905]]],[[[111.32,73.855],[111.21,73.96],[111.6,74.02],[111.55,74.05],[111.28,74.045],[111.1,74],[111.06,73.905],[110.88,73.915],[110.675,73.975],[110.32,74.015],[109.975,74],[109.88,73.89],[109.815,73.86],[109.55,73.815],[109.58,73.725],[109.655,73.68],[110.125,73.705],[110.295,73.68],[110.395,73.725],[110.605,73.75],[110.67,73.795],[110.9,73.765],[110.99,73.815],[111.175,73.825],[111.32,73.855]]],[[[82.945,74.075],[83.09,74.09],[83.355,74.05],[83.385,74.085],[83.585,74.1],[83.465,74.13],[83.22,74.135],[83.11,74.12],[82.945,74.075]]],[[[82.695,74.12],[82.635,74.145],[82.435,74.105],[82.49,74.06],[82.715,74.055],[82.825,74.09],[82.695,74.12]]],[[[84.89,74.475],[84.825,74.51],[84.625,74.495],[84.445,74.455],[84.585,74.425],[84.805,74.405],[84.695,74.48],[84.89,74.475]]],[[[85.665,74.53],[85.52,74.57],[85.29,74.575],[85.185,74.545],[85.175,74.48],[85.365,74.45],[85.665,74.53]]],[[[85.78,74.455],[85.91,74.485],[86.18,74.485],[86.225,74.545],[85.975,74.595],[85.795,74.575],[85.755,74.55],[85.78,74.455]]],[[[85.665,74.74],[85.63,74.79],[85.47,74.8],[85.345,74.765],[85.45,74.715],[85.665,74.74]]],[[[82.09,75.13],[82.03,75.11],[81.78,75.19],[81.84,75.21],[81.765,75.26],[81.895,75.285],[82.01,75.175],[82.195,75.155],[82.31,75.205],[82.23,75.235],[82.21,75.28],[82.365,75.3],[82.43,75.34],[82.355,75.41],[82.285,75.425],[82.275,75.52],[81.94,75.49],[81.67,75.415],[81.585,75.325],[81.595,75.275],[81.73,75.2],[81.895,75.15],[82.095,75.08],[82.09,75.13]]],[[[86.675,74.83],[86.865,74.825],[86.71,74.905],[86.835,74.91],[86.93,74.875],[87.115,74.89],[87.185,74.945],[86.975,74.98],[86.705,74.95],[86.55,74.975],[86.495,74.89],[86.29,74.91],[86.29,74.86],[86.37,74.84],[86.545,74.85],[86.675,74.83]]],[[[82.13,75.855],[82.405,75.855],[82.4,75.88],[82,75.905],[82.035,75.955],[81.78,75.96],[81.675,75.905],[81.945,75.865],[82.13,75.855]]],[[[82.685,75.925],[82.89,75.935],[82.91,75.9],[83.305,75.915],[83.305,75.955],[83.11,75.97],[82.85,75.97],[82.68,75.99],[82.295,75.955],[82.32,75.93],[82.685,75.925]]],[[[97.03,76],[97.205,76.01],[97.23,76.09],[96.92,76.04],[96.725,75.99],[96.79,75.975],[97.03,76]]],[[[95.625,76.195],[95.77,76.155],[96.145,76.155],[96.405,76.145],[96.4,76.255],[96.425,76.31],[95.99,76.29],[95.885,76.31],[95.69,76.28],[95.66,76.245],[95.405,76.275],[95.46,76.22],[95.625,76.195]]],[[[106.875,78.09],[107.35,78.07],[107.525,78.04],[107.75,78.095],[107.78,78.14],[107.535,78.185],[107.275,78.15],[106.895,78.165],[106.53,78.12],[106.875,78.09]]],[[[106.3,78.25],[106.135,78.24],[106.17,78.19],[106.355,78.185],[106.61,78.265],[106.84,78.265],[106.815,78.31],[106.595,78.33],[106.47,78.3],[106.475,78.26],[106.3,78.25]]],[[[76.11,79.66],[76.115,79.64],[76.36,79.56],[76.76,79.515],[76.78,79.49],[77.445,79.48],[77.38,79.525],[76.67,79.63],[76.455,79.63],[76.11,79.66]]],[[[91.2,79.74],[91.35,79.685],[91.685,79.645],[92,79.675],[91.75,79.725],[91.2,79.74]]],[[[79.31,80.88],[79.14,80.875],[78.905,80.84],[78.845,80.765],[79.1,80.745],[79.53,80.745],[79.91,80.76],[80.11,80.8],[80.105,80.86],[79.595,80.9],[79.31,80.88]]],[[[91.03,81.215],[90.6,81.21],[90.205,81.18],[90.155,81.14],[90.23,81.095],[90.455,81.065],[90.805,81.035],[91.21,81.04],[91.42,81.065],[91.635,81.13],[91.475,81.19],[91.03,81.215]]],[[[92.81,79.685],[93.05,79.695],[93.71,79.83],[93.88,79.905],[93.605,79.945],[93.28,80.005],[92.985,80.03],[92.78,80.025],[92.095,80.055],[91.95,80.085],[91.43,80.055],[91.14,80.065],[91.295,80.005],[91.145,79.955],[91.385,79.91],[91.18,79.88],[91.235,79.835],[91.97,79.8],[92.16,79.805],[92.375,79.755],[92.25,79.73],[92.06,79.735],[92.03,79.69],[92.365,79.665],[92.81,79.685]]],[[[92.81,80.13],[93.06,80.105],[93.585,80.01],[93.8,80],[94.12,80.04],[94.22,80.04],[94.57,80.115],[94.825,80.145],[95.105,80.15],[95.805,80.215],[96.7,80.215],[97.32,80.23],[97.5,80.325],[97.21,80.355],[97.305,80.405],[97.155,80.53],[97.16,80.575],[97.325,80.62],[97.5,80.615],[98.065,80.68],[97.94,80.705],[97.86,80.755],[97.715,80.795],[97.245,80.845],[97.135,80.88],[96.845,80.915],[96.735,80.98],[96.53,81.045],[96.505,81.08],[96.28,81.12],[95.915,81.245],[95.745,81.275],[95.36,81.26],[95.23,81.22],[95.29,81.19],[94.885,81.09],[94.445,81.07],[94.215,81.03],[93.52,81.005],[93.405,80.965],[93.195,80.955],[93.205,80.895],[92.96,80.86],[92.855,80.8],[92.585,80.73],[92.635,80.71],[93.195,80.74],[93.33,80.725],[92.855,80.595],[92.91,80.47],[92.495,80.465],[92.28,80.44],[92.17,80.405],[92.445,80.365],[92.025,80.36],[91.635,80.33],[91.595,80.295],[91.78,80.265],[92.255,80.27],[92.39,80.225],[92.345,80.185],[92.495,80.145],[92.81,80.13]]],[[[101.25,79.13],[101.07,79.055],[101.275,79.025],[101.02,79.01],[100.9,78.895],[100.815,78.85],[100.905,78.79],[100.655,78.795],[100.36,78.655],[100.385,78.58],[100.255,78.54],[100.245,78.46],[100.155,78.41],[100.05,78.405],[100.15,78.35],[99.89,78.265],[99.77,78.2],[99.625,78.16],[99.405,78.02],[99.56,77.92],[99.765,77.94],[100.07,77.945],[100.245,77.985],[100.705,78.065],[100.785,78.06],[101.105,78.12],[101.27,78.165],[101.85,78.185],[102.1,78.165],[102.335,78.195],[102.53,78.2],[102.765,78.18],[103.1,78.215],[103.29,78.2],[103.485,78.23],[103.76,78.23],[104.39,78.31],[104.695,78.315],[104.9,78.305],[105.12,78.37],[105.415,78.49],[105.465,78.545],[105.39,78.6],[105.425,78.63],[105.305,78.785],[104.95,78.855],[104.785,78.825],[104.535,78.89],[104.585,78.92],[104.415,78.99],[104.16,78.99],[104.045,79.05],[104.095,79.13],[103.56,79.155],[103.545,79.105],[103.4,79.09],[102.98,79.01],[102.81,78.895],[102.725,78.885],[102.59,78.81],[102.47,78.81],[102.64,78.915],[102.775,78.96],[102.76,79.075],[102.855,79.115],[102.87,79.185],[103.04,79.26],[103.225,79.3],[103.05,79.31],[102.91,79.375],[102.675,79.4],[102.315,79.415],[102.205,79.325],[102.325,79.22],[102.005,79.245],[101.905,79.34],[101.65,79.34],[101.595,79.295],[101.68,79.23],[101.36,79.22],[101.25,79.13]]],[[[95.625,80.11],[95.51,80.105],[95.335,80.025],[95.02,80.065],[94.835,80.045],[94.695,79.985],[94.45,79.965],[94.335,79.89],[94.715,79.82],[94.71,79.8],[94.055,79.765],[93.85,79.7],[93.715,79.62],[93.54,79.605],[93.31,79.54],[93.325,79.495],[93.675,79.575],[93.97,79.515],[93.755,79.465],[94.015,79.43],[94.055,79.48],[94.31,79.485],[94.43,79.425],[94.345,79.41],[94.405,79.345],[94.295,79.335],[94.375,79.24],[94.725,79.18],[94.68,79.115],[94.87,79.05],[95.08,79.025],[95.5,79.095],[95.665,79.095],[95.75,79.06],[95.73,78.99],[96.075,78.98],[96.365,79.015],[96.51,78.985],[96.91,79.005],[96.97,78.935],[97.175,78.885],[97.655,78.81],[97.835,78.815],[97.985,78.795],[98.155,78.815],[98.42,78.77],[98.59,78.805],[99.065,78.8],[99.28,78.815],[99.52,78.81],[99.565,78.85],[99.875,78.895],[99.99,78.94],[99.855,79.015],[99.915,79.075],[99.58,79.115],[99.635,79.145],[99.305,79.23],[99.145,79.29],[99.28,79.3],[99.62,79.245],[99.81,79.295],[99.81,79.475],[99.875,79.495],[99.78,79.545],[99.845,79.63],[99.95,79.67],[99.93,79.72],[100.105,79.77],[100.025,79.84],[99.885,79.865],[99.805,79.92],[99.51,79.97],[99.46,80.015],[99.275,80.045],[99.07,80.05],[98.79,80.03],[98.6,80.045],[98.5,80.01],[98.56,79.98],[98.455,79.935],[98.43,79.87],[98.32,79.83],[97.86,79.83],[97.665,79.85],[97.94,79.9],[97.885,79.955],[98.075,80.06],[97.75,80.13],[97.67,80.165],[97.17,80.165],[96.895,80.105],[96.63,80.12],[96.515,80.1],[96.295,80.115],[95.955,80.1],[95.625,80.11]]],[[[84.265,60.865],[84.295,60.81],[84.35,60.795],[84.55,60.6],[84.79,60.35],[84.72,60.305],[84.745,60.27],[84.615,60.165],[84.635,60.03],[84.575,59.985],[84.585,59.955],[84.71,59.89],[85.5,59.885],[86.02,59.95],[86.635,59.95],[87.08,59.88],[87.175,59.685],[87.515,59.665],[87.74,59.425],[87.9,59.255],[88.5,59.285],[88.625,59.295],[88.575,59.21],[88.83,59.025],[88.44,58.915],[88.385,58.895],[88.26,58.795],[87.925,58.51],[88.015,58.215],[88.07,58.22],[88.105,58.115],[88.685,58.035],[88.86,57.955],[89.295,57.95],[89.355,57.915],[89.36,57.74],[89.345,57.71],[89.38,57.655],[89.355,57.615],[89.21,57.595],[89.13,57.615],[89.085,57.49],[89.03,57.465],[88.975,57.485],[88.945,57.44],[88.865,57.445],[88.735,57.21],[88.625,57.21],[88.515,57.09],[88.65,57.08],[88.715,57.09],[88.6,56.8],[88.65,56.82],[88.625,56.72],[88.735,56.715],[88.675,56.68],[88.665,56.62],[88.5,56.62],[88.545,56.53],[88.605,56.53],[88.595,56.43],[88.695,56.42],[88.695,56.365],[88.86,56.375],[88.92,56.335],[88.9,56.3],[89.04,56.3],[89.035,56.2],[89.125,56.185],[89.105,56.15],[89.195,56.135],[89.195,56.08],[89.27,56.07],[89.24,55.995],[89.305,55.895],[89.4,55.855],[89.335,55.81],[89.335,55.765],[89.195,55.73],[89.015,55.675],[88.915,55.66],[88.89,55.63],[88.67,55.52],[88.66,55.48],[88.6,55.425],[88.74,55.43],[88.75,55.395],[88.87,55.395],[88.9,55.34],[88.97,55.345],[89.01,55.325],[89.01,55.235],[89.085,55.19],[89.065,55.12],[89.17,55.125],[89.265,55.105],[89.28,55.04],[89.37,55.045],[89.43,55.06],[89.54,55.07],[89.625,55.045],[89.665,55],[89.73,55.045],[89.725,55.07],[89.835,55.085],[89.985,55.12],[90.12,55.11],[90.125,55.155],[90.215,55.155],[90.25,55.11],[90.245,55.08],[90.295,55.065],[90.385,55.075],[90.5,55.06],[90.53,54.99],[90.505,54.905],[90.635,54.905],[90.78,54.91],[90.78,54.87],[90.945,54.85],[90.945,54.78],[90.915,54.72],[90.92,54.655],[90.95,54.635],[91.095,54.585],[91.26,54.505],[91.25,54.435],[91.275,54.38],[91.415,54.28],[91.485,54.17],[91.575,54.085],[91.565,54.02],[91.515,53.96],[91.48,53.945],[91.43,53.865],[91.45,53.79],[91.49,53.735],[91.57,53.71],[91.565,53.595],[91.625,53.575],[91.625,53.535],[91.76,53.49],[91.905,53.43],[91.925,53.35],[91.845,53.295],[91.81,53.245],[91.74,53.18],[91.635,53.145],[91.575,53.14],[91.475,53.155],[91.42,53.09],[91.445,53.035],[91.505,52.995],[91.465,52.915],[91.385,52.835],[91.315,52.78],[91.32,52.735],[91.265,52.71],[91.26,52.635],[91.22,52.62],[91.12,52.635],[90.96,52.6],[90.895,52.6],[90.72,52.47],[90.69,52.435],[90.69,52.37],[90.64,52.33],[90.59,52.31],[90.535,52.235],[90.485,52.195],[90.53,52.145],[90.635,52.095],[90.715,52.09],[90.765,52.05],[90.76,52.015],[90.825,51.96],[90.85,51.9],[90.915,51.925],[91.07,51.95],[91.18,51.9],[91.355,51.89],[91.485,51.895],[91.55,51.91],[91.635,51.88],[91.73,51.87],[91.805,51.885],[91.88,51.87],[91.915,51.825],[92.08,51.77],[92.255,51.825],[92.285,51.81],[92.365,51.82],[92.44,51.795],[92.54,51.79],[92.645,51.81],[92.695,51.85],[92.89,51.845],[92.91,51.885],[92.96,51.915],[93.01,51.915],[93.12,51.965],[93.145,52.015],[93.245,52.04],[93.265,52.085],[93.34,52.13],[93.395,52.125],[93.47,52.17],[93.64,52.195],[93.675,52.215],[93.685,52.315],[93.765,52.38],[93.755,52.43],[93.81,52.45],[93.83,52.495],[93.945,52.565],[94,52.65],[94.095,52.675],[94.095,52.74],[94.14,52.755],[94.145,52.82],[94.305,52.9],[94.4,52.915],[94.495,52.89],[94.525,52.96],[94.585,52.995],[94.6,53.045],[94.575,53.075],[94.6,53.17],[94.7,53.215],[94.715,53.24],[94.675,53.285],[94.605,53.29],[94.62,53.33],[94.72,53.375],[94.815,53.395],[94.97,53.405],[95.035,53.365],[95.115,53.4],[95.22,53.47],[95.305,53.445],[95.285,53.41],[95.335,53.375],[95.405,53.365],[95.44,53.4],[95.65,53.46],[95.685,53.505],[95.725,53.515],[95.835,53.49],[95.885,53.5],[95.965,53.49],[96.035,53.455],[96.11,53.45],[96.105,53.505],[96.23,53.515],[96.22,53.57],[96.24,53.62],[96.44,53.535],[96.63,53.555],[96.685,53.59],[96.69,53.645],[96.615,53.675],[96.485,53.69],[96.485,53.73],[96.4,53.76],[96.34,53.835],[96.3,53.85],[96.195,53.905],[96.1,53.98],[96.06,54.025],[96.1,54.06],[95.955,54.095],[95.85,54.21],[95.69,54.235],[95.645,54.295],[95.695,54.37],[95.68,54.39],[95.75,54.42],[95.845,54.42],[95.92,54.4],[95.975,54.495],[96.035,54.535],[96.065,54.575],[96.125,54.545],[96.205,54.535],[96.29,54.56],[96.485,54.515],[96.54,54.53],[96.545,54.585],[96.58,54.625],[96.565,54.7],[96.61,54.73],[96.71,54.865],[96.7,54.935],[96.645,54.965],[96.595,55.03],[96.685,55.085],[96.67,55.155],[96.69,55.18],[96.68,55.255],[96.73,55.255],[96.82,55.285],[96.93,55.3],[96.85,55.43],[96.855,55.485],[96.81,55.55],[96.86,55.58],[96.83,55.615],[96.745,55.655],[96.825,55.69],[96.78,55.715],[96.785,55.79],[96.89,55.83],[96.915,55.86],[96.99,55.85],[96.99,56.005],[97.065,56.005],[97.13,56.115],[97.3,56.075],[97.36,56.03],[97.44,56.145],[97.41,56.165],[97.475,56.195],[97.575,56.185],[97.555,56.28],[97.555,56.375],[97.88,56.375],[97.88,56.535],[97.74,56.545],[97.78,56.59],[97.76,56.705],[97.805,56.775],[97.785,56.8],[97.67,56.805],[97.54,56.785],[97.47,56.84],[97.52,56.9],[97.665,56.96],[97.53,56.97],[97.47,56.995],[97.345,57.03],[97.57,57.335],[97.955,57.83],[98.11,57.83],[98.38,57.8],[98.49,57.795],[98.635,57.77],[98.75,57.795],[98.84,57.735],[98.915,57.715],[99.04,57.745],[99.085,57.78],[99.205,57.76],[99.345,57.8],[99.435,57.79],[99.5,57.885],[99.625,57.99],[99.635,58.055],[99.68,58.085],[99.76,58.085],[99.81,58.06],[99.865,58.075],[99.96,58.085],[100.09,58.07],[100.07,58.005],[100.08,57.945],[100.13,57.92],[100.15,57.87],[100.29,57.795],[100.285,57.77],[100.37,57.725],[100.325,57.685],[100.38,57.67],[100.38,57.625],[100.425,57.575],[100.41,57.55],[100.515,57.495],[100.68,57.455],[100.72,57.415],[100.785,57.41],[100.81,57.44],[100.875,57.465],[100.925,57.45],[100.95,57.57],[100.865,57.595],[100.82,57.635],[100.905,57.775],[100.86,57.795],[100.845,57.875],[100.975,57.865],[101.02,57.88],[101.04,57.93],[101.14,57.97],[101.165,58.045],[101.12,58.06],[101.11,58.105],[101.2,58.13],[101.27,58.195],[101.365,58.235],[101.5,58.23],[101.645,58.34],[101.7,58.41],[101.79,58.455],[101.925,58.465],[102.03,58.49],[102.1,58.49],[102.21,58.53],[102.3,58.585],[102.34,58.65],[102.565,58.74],[102.58,58.79],[102.545,58.825],[102.555,58.905],[102.45,58.94],[102.435,58.99],[102.49,59.01],[102.41,59.07],[102.42,59.13],[102.5,59.185],[102.785,59.2],[102.865,59.22],[102.85,59.245],[102.94,59.3],[103.02,59.32],[103.06,59.28],[103.135,59.26],[103.22,59.26],[103.27,59.285],[103.33,59.24],[103.22,59.24],[103.245,59.17],[103.315,59.135],[103.395,59.03],[103.56,58.995],[103.635,58.925],[103.705,58.935],[103.785,58.91],[103.9,58.92],[103.945,58.905],[103.95,58.79],[103.89,58.74],[103.95,58.72],[104.065,58.79],[104.215,58.755],[104.255,58.715],[104.34,58.735],[104.385,58.71],[104.345,58.675],[104.465,58.61],[104.535,58.64],[104.69,58.655],[104.815,58.695],[104.875,58.75],[104.755,58.815],[104.79,58.865],[104.875,58.91],[104.91,58.955],[105.095,59.015],[105.115,59.05],[105.3,59.075],[105.365,59.12],[105.295,59.155],[105.34,59.195],[105.27,59.27],[105.22,59.265],[105.175,59.315],[105.22,59.345],[105.235,59.44],[105.195,59.475],[104.995,59.46],[104.85,59.56],[104.84,59.605],[104.78,59.64],[104.76,59.685],[104.89,59.765],[104.99,59.765],[105.03,59.795],[105.015,59.84],[105.145,59.885],[105.25,59.87],[105.345,59.845],[105.435,59.86],[105.435,59.97],[105.505,60],[105.485,60.025],[105.42,60.155],[105.46,60.17],[105.48,60.22],[105.46,60.255],[105.325,60.3],[105.245,60.275],[105.08,60.3],[104.97,60.29],[104.865,60.31],[104.79,60.375],[104.655,60.405],[104.65,60.505],[104.56,60.55],[104.57,60.575],[104.505,60.625],[104.565,60.665],[104.61,60.72],[104.58,60.77],[104.51,60.785],[104.47,60.85],[104.61,60.885],[104.635,60.905],[104.575,60.945],[104.625,60.99],[104.625,61.08],[104.695,61.09],[104.76,61.135],[104.885,61.195],[105.02,61.2],[104.99,61.27],[104.92,61.325],[104.815,61.335],[104.905,61.375],[104.91,61.395],[105.06,61.405],[105.155,61.425],[105.28,61.425],[105.32,61.515],[105.365,61.54],[105.55,61.58],[105.585,61.625],[105.71,61.66],[105.815,61.63],[105.905,61.69],[105.97,61.685],[105.95,61.75],[105.895,61.825],[105.94,61.87],[106.11,61.955],[106.18,61.965],[106.31,62.035],[106.395,62.045],[106.41,62.1],[106.39,62.145],[106.425,62.16],[106.415,62.255],[106.345,62.28],[106.465,62.33],[106.43,62.395],[106.545,62.395],[106.63,62.465],[106.755,62.5],[106.67,62.555],[106.77,62.64],[106.635,62.66],[106.59,62.685],[106.49,62.69],[106.515,62.79],[106.445,62.815],[106.435,62.865],[106.28,62.91],[106.195,62.92],[106.17,63.005],[106.13,63.035],[106.165,63.085],[106.355,63.105],[106.395,63.125],[106.395,63.185],[106.44,63.215],[106.345,63.245],[106.355,63.3],[106.41,63.355],[106.52,63.325],[106.66,63.325],[106.72,63.375],[106.725,63.41],[106.595,63.455],[106.58,63.505],[106.475,63.54],[106.655,63.625],[106.685,63.665],[106.6,63.725],[106.665,63.765],[106.695,63.825],[106.77,63.85],[106.785,63.89],[106.73,63.935],[106.605,63.985],[106.665,64.045],[106.855,63.98],[106.975,63.97],[107.045,63.925],[107.15,63.95],[107.195,63.975],[107.305,63.98],[107.375,63.935],[107.565,63.895],[107.625,63.935],[107.61,63.96],[107.685,64],[107.77,64.02],[107.965,64.02],[108.05,64],[108.215,64.01],[108.385,64.045],[108.245,64.25],[108.085,64.245],[108.045,64.185],[107.975,64.18],[107.82,64.23],[107.64,64.31],[107.56,64.315],[107.375,64.26],[107.32,64.275],[107.255,64.345],[107.135,64.35],[106.96,64.405],[106.885,64.44],[106.825,64.42],[106.725,64.435],[106.655,64.53],[106.555,64.515],[106.56,64.46],[106.27,64.445],[106.185,64.415],[106.09,64.43],[106.135,64.485],[106.06,64.525],[105.985,64.535],[105.92,64.5],[105.815,64.5],[105.755,64.58],[105.71,64.6],[105.78,64.67],[105.875,64.685],[105.825,64.72],[105.82,64.76],[105.865,64.82],[105.985,64.83],[105.93,64.91],[106.115,64.91],[106.065,64.965],[105.98,65],[105.95,65.04],[106.025,65.065],[106.11,65.07],[106.19,65.135],[106.31,65.145],[106.315,65.17],[106.425,65.23],[106.43,65.315],[106.515,65.34],[106.545,65.38],[106.775,65.385],[106.855,65.41],[106.86,65.44],[106.94,65.47],[106.965,65.51],[106.705,65.54],[106.705,65.6],[106.595,65.64],[106.43,65.665],[106.45,65.71],[106.45,65.825],[106.485,65.855],[106.465,65.93],[106.52,66],[106.415,66.06],[106.34,66.15],[106.205,66.145],[106.11,66.195],[106.135,66.25],[106.135,66.31],[106.095,66.335],[106.15,66.41],[106.25,66.435],[106.33,66.475],[106.32,66.52],[106.235,66.565],[106.225,66.695],[106.17,66.71],[106.085,66.78],[105.985,66.805],[106.095,66.86],[106.08,66.895],[105.855,66.91],[105.785,66.935],[105.7,66.925],[105.545,66.985],[105.58,67.02],[105.67,67.015],[105.77,67.03],[105.95,67.04],[106.065,67.115],[106.07,67.17],[106.22,67.17],[106.34,67.2],[106.44,67.265],[106.545,67.29],[106.68,67.25],[106.82,67.335],[106.835,67.495],[106.875,67.67],[106.87,67.835],[106.885,67.92],[106.92,68.255],[106.905,68.685],[106.905,68.86],[106.605,69.085],[106.145,69.41],[106.18,69.44],[106.34,69.475],[106.35,69.51],[106.445,69.56],[106.52,69.58],[106.615,69.56],[106.63,69.53],[106.85,69.525],[107.07,69.555],[107.175,69.585],[107.41,69.615],[107.605,69.66],[108.02,69.7],[108.005,69.75],[108.22,69.83],[108.25,69.855],[108.495,69.845],[108.55,69.83],[108.805,69.83],[108.9,69.845],[108.945,69.77],[109.12,69.77],[109.2,69.755],[109.325,69.79],[109.415,69.895],[109.375,69.915],[109.42,69.97],[109.53,69.995],[109.545,70.03],[109.415,70.05],[109.35,70.085],[109.365,70.13],[109.305,70.145],[109.3,70.21],[109.46,70.22],[109.575,70.25],[109.615,70.285],[109.56,70.35],[109.845,70.39],[110.295,70.405],[110.115,70.475],[110.09,70.54],[110.125,70.635],[110.31,70.67],[110.335,70.695],[110.515,70.715],[110.52,70.765],[110.73,70.8],[110.84,70.78],[111.035,70.84],[111.195,70.86],[111.325,70.855],[111.43,70.88],[111.48,70.93],[111.61,70.935],[111.75,70.97],[111.945,70.98],[112.025,71.05],[112.105,71.06],[112.185,71.015],[112.355,71.07],[112.435,71.07],[112.51,71.1],[112.6,71.11],[112.51,71.16],[112.665,71.195],[112.725,71.255],[112.595,71.295],[112.51,71.275],[112.38,71.31],[112.335,71.34],[112,71.4],[112,71.67],[112,72.125],[111.895,72.13],[111.71,72.165],[111.64,72.255],[111.645,72.3],[111.575,72.325],[111.32,72.32],[111.17,72.36],[111.065,72.365],[111.075,72.41],[111,72.435],[111.29,72.485],[111.3,72.515],[111.18,72.56],[111.025,72.565],[110.865,72.605],[110.91,72.63],[110.77,72.645],[110.66,72.755],[110.735,72.8],[110.625,72.88],[110.755,72.9],[110.82,72.95],[110.66,72.99],[110.85,73.055],[110.745,73.105],[110.85,73.16],[110.54,73.15],[110.34,73.165],[110.355,73.2],[110.62,73.25],[110.53,73.315],[110.245,73.375],[110.465,73.42],[110.615,73.425],[110.675,73.47],[110.84,73.52],[110.875,73.565],[111.01,73.56],[111.2,73.605],[111.19,73.66],[110.965,73.7],[110.8,73.655],[110.485,73.635],[110.375,73.615],[110.315,73.57],[110.17,73.535],[110.13,73.5],[109.99,73.49],[109.94,73.46],[109.785,73.435],[109.58,73.44],[109.42,73.475],[109.27,73.535],[109.195,73.505],[109.255,73.47],[109.245,73.42],[109.3,73.39],[109.045,73.365],[108.935,73.335],[108.83,73.34],[108.655,73.315],[108.275,73.295],[108.405,73.22],[108.27,73.205],[108.205,73.23],[108.005,73.22],[107.77,73.155],[107.485,73.16],[107.315,73.15],[107.02,73.16],[106.905,73.13],[106.69,73.14],[106.36,73.19],[106.315,73.14],[106.22,73.125],[106.235,72.965],[106.005,72.915],[105.965,72.86],[105.87,72.86],[105.75,72.8],[105.5,72.74],[105.205,72.75],[105.195,72.685],[105.04,72.665],[104.94,72.67],[104.76,72.6],[104.425,72.61],[104.525,72.67],[104.735,72.695],[104.775,72.75],[104.975,72.775],[105.085,72.805],[105.19,72.775],[105.35,72.79],[105.625,72.875],[105.725,72.885],[105.805,72.97],[105.925,73.005],[105.905,73.105],[106.065,73.14],[106.125,73.275],[106.28,73.32],[106.56,73.31],[106.635,73.295],[106.795,73.32],[106.855,73.385],[106.96,73.46],[107.205,73.535],[107.11,73.565],[106.9,73.575],[106.85,73.595],[106.945,73.63],[107.205,73.61],[107.285,73.62],[107.515,73.62],[107.92,73.635],[108.045,73.67],[108.175,73.66],[108.5,73.775],[108.77,73.935],[109.01,74.02],[109.175,74.06],[109.49,74.08],[109.79,74.155],[109.92,74.21],[109.95,74.3],[109.76,74.285],[109.54,74.305],[109.66,74.33],[109.92,74.335],[110.11,74.385],[110.225,74.375],[110.395,74.42],[110.4,74.5],[110.51,74.485],[110.71,74.505],[110.85,74.535],[111.1,74.57],[111.34,74.665],[111.51,74.69],[111.68,74.68],[111.845,74.69],[111.945,74.725],[112.145,74.855],[112.245,74.88],[112.755,74.94],[112.84,74.96],[112.93,75.02],[113.1,75.06],[113.295,75.14],[113.51,75.21],[113.685,75.31],[113.69,75.385],[113.755,75.425],[113.705,75.505],[113.56,75.5],[113.39,75.515],[113.29,75.565],[113.325,75.65],[113.24,75.66],[112.995,75.61],[113.035,75.555],[112.95,75.54],[112.8,75.545],[112.805,75.6],[112.885,75.635],[112.815,75.655],[112.885,75.695],[112.84,75.74],[112.665,75.77],[112.48,75.775],[112.525,75.84],[112.715,75.81],[112.885,75.755],[113.165,75.705],[113.55,75.66],[113.58,75.6],[113.41,75.555],[113.565,75.535],[113.735,75.62],[113.795,75.7],[113.89,75.765],[113.925,75.845],[113.77,75.93],[113.64,75.91],[113.47,76.095],[113.5,76.115],[113.425,76.19],[113.285,76.255],[113.17,76.235],[112.985,76.24],[113.025,76.195],[113.16,76.185],[112.99,76.115],[113.05,76.085],[112.795,76.055],[112.84,76.11],[112.71,76.21],[112.715,76.33],[112.225,76.46],[112.115,76.505],[112.025,76.505],[111.965,76.55],[111.72,76.6],[111.565,76.6],[111.605,76.655],[111.14,76.71],[111.14,76.755],[110.875,76.71],[110.68,76.72],[110.645,76.75],[110.38,76.735],[110.105,76.685],[109.785,76.695],[109.425,76.75],[109.24,76.72],[108.635,76.7],[108.385,76.71],[108.22,76.73],[107.955,76.725],[107.97,76.655],[108.045,76.64],[107.99,76.57],[107.89,76.53],[107.615,76.49],[107.435,76.525],[106.8,76.485],[106.58,76.485],[106.455,76.515],[106.43,76.585],[106.56,76.595],[106.65,76.555],[106.785,76.61],[106.81,76.725],[107.06,76.75],[107.075,76.8],[107.24,76.8],[107.42,76.895],[107.29,77.005],[107.08,76.99],[106.87,77.045],[106.5,77.005],[106.405,77.045],[106.195,77.055],[105.975,76.995],[105.63,76.97],[105.5,76.99],[105.515,77.02],[105.785,77.03],[105.82,77.09],[105.655,77.1],[105.435,77.065],[105.225,77.09],[105.08,77.055],[104.94,77.055],[104.805,77.09],[104.44,77.075],[104.275,77.1],[104.625,77.15],[104.84,77.165],[104.955,77.15],[105.14,77.18],[105.365,77.195],[105.615,77.255],[105.62,77.275],[105.885,77.365],[106.195,77.335],[106.265,77.365],[106.04,77.405],[105.935,77.47],[105.88,77.545],[105.645,77.55],[105.345,77.54],[105.07,77.58],[104.975,77.575],[104.805,77.62],[104.84,77.67],[104.705,77.685],[104.425,77.655],[104.255,77.725],[104.09,77.715],[103.78,77.635],[103.61,77.61],[103.445,77.605],[103.285,77.63],[102.905,77.52],[102.655,77.495],[102.43,77.4],[102.395,77.36],[102.085,77.34],[101.97,77.29],[101.795,77.245],[101.395,77.11],[101.28,77.05],[101.335,76.995],[101.185,76.92],[101.07,76.945],[100.93,76.86],[101.08,76.75],[101.205,76.755],[101.435,76.68],[101.185,76.68],[101.155,76.6],[101.08,76.535],[100.88,76.5],[100.54,76.46],[100.34,76.45],[100.105,76.465],[99.77,76.445],[99.405,76.445],[98.975,76.5],[98.87,76.455],[99.005,76.415],[99.105,76.335],[99.285,76.335],[99.405,76.27],[99.605,76.255],[99.6,76.21],[99.735,76.175],[99.795,76.12],[99.895,76.09],[99.8,76.055],[99.67,76.09],[99.475,76.085],[99.475,76.125],[99.265,76.12],[99.195,76.14],[99.34,76.205],[99.08,76.21],[98.85,76.2],[98.83,76.255],[98.525,76.19],[98.29,76.16],[98.2,76.165],[98.12,76.105],[98.205,76.09],[97.98,76.045],[97.81,76.085],[97.61,76.05],[97.8,76.025],[97.84,75.99],[97.705,75.965],[97.515,75.995],[97.37,75.975],[96.98,75.96],[96.935,75.915],[96.505,75.885],[96.71,75.97],[96.54,75.97],[96.365,75.95],[95.995,75.935],[95.755,75.825],[95.655,75.855],[95.79,75.93],[96.055,76.005],[96.1,76.035],[96.01,76.065],[96.255,76.085],[96.005,76.11],[95.9,76.14],[95.615,76.15],[95.415,76.15],[95.27,76.105],[95.115,76.095],[94.975,76.11],[94.91,76.155],[94.63,76.11],[94.615,76.075],[94.115,76.12],[93.96,76.11],[93.89,76.075],[93.535,76.025],[93.42,76.075],[93.29,76.065],[93.18,76.015],[93.055,76.03],[92.885,75.975],[92.945,75.915],[93.13,75.915],[93.12,75.955],[93.275,75.96],[93.47,75.875],[93.5,75.92],[93.685,75.885],[93.925,75.92],[93.96,75.9],[93.41,75.825],[93.145,75.815],[93.015,75.795],[92.505,75.775],[92.41,75.74],[92.19,75.74],[91.635,75.685],[91.635,75.63],[91.495,75.65],[91.31,75.625],[91.205,75.66],[90.995,75.6],[90.9,75.64],[90.7,75.63],[90.675,75.6],[90.455,75.58],[90.36,75.59],[89.97,75.555],[89.98,75.495],[89.715,75.485],[89.705,75.435],[89.45,75.425],[89.26,75.49],[89,75.425],[89.04,75.395],[88.865,75.38],[88.615,75.325],[88.44,75.245],[88.3,75.2],[88.335,75.16],[88.21,75.125],[87.91,75.105],[87.195,75.15],[87.065,75.14],[86.895,75.1],[87.29,75.05],[87.355,75.035],[87.7,75.03],[87.81,75.005],[87.57,74.955],[87.405,75.005],[87.245,74.995],[87.195,74.97],[87.365,74.93],[87.135,74.87],[87.045,74.825],[87.015,74.735],[86.92,74.74],[86.64,74.705],[86.46,74.73],[86.405,74.78],[86.245,74.805],[86.01,74.72],[85.75,74.65],[85.96,74.625],[86.37,74.615],[86.38,74.585],[86.51,74.56],[86.745,74.485],[86.81,74.43],[87.045,74.44],[86.99,74.35],[86.89,74.415],[86.74,74.42],[86.565,74.48],[86.155,74.445],[86.35,74.35],[86.31,74.335],[86.12,74.4],[85.97,74.395],[85.91,74.36],[85.965,74.305],[86.075,74.285],[86.375,74.285],[86.465,74.25],[86.63,74.255],[86.79,74.2],[86.725,74.125],[86.825,74.095],[86.965,74.07],[87.31,74.07],[87.295,74.035],[87.025,74.05],[86.955,74.015],[87.15,73.94],[87.21,73.865],[87.125,73.855],[86.795,73.89],[86.58,73.865],[86.51,73.88],[86.36,73.865],[86.105,73.86],[85.895,73.815],[85.765,73.825],[85.56,73.795],[85.495,73.755],[85.52,73.72],[85.175,73.7],[85.05,73.71],[84.88,73.755],[84.7,73.75],[84.455,73.71],[84.175,73.7],[83.525,73.645],[83.185,73.635],[82.505,73.64],[82.355,73.65],[82.155,73.635],[81.895,73.635],[81.48,73.605],[81.365,73.575],[81,73.57],[80.865,73.54],[80.81,73.56],[80.575,73.56],[80.565,73.52],[80.685,73.42],[80.57,73.355],[80.445,73.35],[80.375,73.29],[80.635,73.26],[80.705,73.19],[80.485,73.18],[80.425,73.15],[80.63,73.13],[80.64,73.1],[80.56,73.07],[80.71,73.055],[80.82,73.015],[80.88,72.945],[80.84,72.795],[80.695,72.73],[80.72,72.625],[80.89,72.615],[80.85,72.54],[80.765,72.51],[80.85,72.475],[80.9,72.425],[81.025,72.41],[81.235,72.355],[81.815,72.325],[82.07,72.28],[82.22,72.285],[82.37,72.19],[82.345,72.12],[82.26,72.1],[82.525,72.025],[82.665,71.915],[82.81,71.895],[83.135,71.88],[83.36,71.84],[83.455,71.79],[83.445,71.74],[83.28,71.705],[83.145,71.73],[82.975,71.735],[82.955,71.765],[82.705,71.76],[82.44,71.72],[82.27,71.705],[81.93,71.69],[81.68,71.695],[81.37,71.75],[81.29,71.79],[81.285,71.835],[80.68,72.05],[80.78,72.075],[80.135,72.17],[79.96,72.2],[79.56,72.335],[79.245,72.365],[78.975,72.365],[78.555,72.375],[78.455,72.35],[78.46,72.315],[78.61,72.285],[78.65,72.25],[78.615,72.175],[78.76,72.165],[79.03,72.105],[79.07,72.075],[79.405,72.04],[79.615,72.05],[79.86,72.02],[79.855,71.995],[79.995,71.98],[80.23,71.93],[80.37,71.865],[80.075,71.825],[80.125,71.785],[80.09,71.75],[80.145,71.665],[79.955,71.61],[79.825,71.585],[79.55,71.605],[79.39,71.61],[79.31,71.585],[79.37,71.53],[79.315,71.455],[79.135,71.395],[79.22,71.305],[79.435,71.295],[79.995,71.115],[80.365,71.075],[80.585,71.045],[80.64,70.835],[80.715,70.81],[80.645,70.71],[80.66,70.685],[80.785,70.66],[80.815,70.62],[80.745,70.57],[80.685,70.5],[80.745,70.435],[80.89,70.44],[80.79,70.385],[80.645,70.4],[80.62,70.455],[80.415,70.46],[80.225,70.4],[80.125,70.34],[80.025,70.33],[79.885,70.26],[79.755,70.275],[79.665,70.235],[79.65,70.19],[79.505,70.11],[79.4,70.125],[79.22,70.06],[79.21,70.01],[79.115,69.935],[78.91,69.855],[78.98,69.84],[79.015,69.8],[79.165,69.74],[79.05,69.705],[79.42,69.66],[79.51,69.625],[79.625,69.505],[79.64,69.465],[79.78,69.43],[79.82,69.39],[79.92,69.35],[80.105,69.37],[80.235,69.365],[80.31,69.33],[80.53,69.31],[80.7,69.32],[80.96,69.2],[81.34,69.285],[81.44,69.25],[81.585,69.27],[81.675,69.32],[81.64,69.345],[81.64,69.415],[81.69,69.45],[81.82,69.425],[81.96,69.355],[81.95,69.325],[81.805,69.255],[81.85,69.195],[82,69.195],[82.14,69.16],[82.25,69.155],[82.395,69.175],[82.47,69.145],[82.475,69.08],[82.37,69.075],[82.315,69.045],[82.43,69.015],[82.495,68.97],[82.595,68.805],[82.8,68.76],[82.87,68.685],[82.825,68.635],[82.7,68.62],[82.635,68.595],[82.62,68.55],[82.69,68.475],[82.715,68.395],[82.65,68.285],[82.555,68.26],[82.53,68.205],[82.55,68.165],[82.35,68.125],[82.4,67.97],[82.335,67.935],[82.07,67.94],[81.975,67.96],[81.745,67.935],[81.73,67.9],[81.855,67.8],[82.015,67.755],[82.11,67.685],[82.03,67.645],[82.17,67.595],[82.26,67.545],[82.395,67.52],[82.23,67.41],[82.305,67.335],[82.2,67.245],[82.135,67.22],[82.74,67],[83.025,66.885],[83.07,66.845],[83.145,66.83],[83.185,66.755],[83.33,66.66],[83.19,66.605],[83.085,66.575],[83.075,66.465],[83.115,66.405],[83.255,66.375],[83.54,66.185],[83.51,66.15],[83.35,66.12],[83.27,66.05],[83.295,66.005],[83.455,65.925],[83.53,65.85],[83.475,65.815],[83.565,65.76],[83.76,65.79],[84,65.785],[84.15,65.695],[84.28,65.685],[84.285,65.62],[84.175,65.595],[84.34,65.55],[84.405,65.55],[84.435,65.51],[84.53,65.46],[84.495,65.39],[84.565,65.315],[84.535,65.24],[84.385,65.2],[84.285,65.085],[84.375,65.06],[84.335,64.995],[84.32,64.92],[84.43,64.905],[84.575,64.915],[84.92,64.955],[85.025,64.925],[84.98,64.88],[84.92,64.865],[85,64.83],[85.1,64.82],[85.145,64.77],[85.275,64.795],[85.315,64.79],[85.53,64.855],[85.72,64.83],[85.835,64.785],[85.82,64.68],[85.905,64.6],[85.905,64.575],[85.805,64.495],[85.92,64.43],[85.93,64.37],[86.005,64.27],[85.985,64.18],[85.935,64.135],[85.965,64.05],[85.9,64.045],[85.71,63.99],[85.63,63.95],[85.505,63.93],[85.465,63.865],[85.4,63.855],[85.33,63.8],[85.34,63.76],[85.305,63.65],[85.185,63.605],[85.145,63.565],[85.08,63.535],[85.24,63.5],[85.3,63.515],[85.42,63.435],[85.38,63.41],[85.455,63.355],[85.56,63.38],[85.685,63.375],[85.705,63.335],[85.57,63.285],[85.495,63.15],[85.595,63.08],[85.62,63.03],[85.505,62.98],[85.535,62.94],[85.46,62.88],[85.345,62.87],[85.265,62.815],[85.22,62.8],[85.155,62.705],[85.06,62.66],[85.1,62.63],[84.96,62.595],[84.9,62.56],[84.94,62.515],[84.925,62.475],[84.785,62.415],[84.715,62.4],[84.575,62.3],[84.5,62.22],[84.44,62.195],[84.49,62.1],[84.49,62.03],[84.525,61.99],[84.525,61.92],[84.625,61.865],[84.68,61.81],[84.84,61.775],[84.92,61.79],[85.095,61.75],[85.175,61.71],[85.28,61.675],[85.405,61.685],[85.495,61.615],[85.715,61.575],[85.845,61.595],[85.96,61.545],[85.965,61.46],[85.8,61.455],[85.64,61.365],[85.7,61.315],[85.695,61.285],[85.28,61.17],[84.735,61.015],[84.64,61],[84.265,60.865]]],[[[97.03,76.24],[97.125,76.295],[96.945,76.325],[96.865,76.31],[96.705,76.205],[96.86,76.2],[97.03,76.24]]],[[[112.5,76.435],[112.59,76.455],[112.63,76.5],[112.505,76.565],[112.18,76.62],[112.005,76.6],[112.1,76.53],[112.285,76.525],[112.405,76.46],[112.5,76.435]]],[[[95.965,76.595],[96.27,76.6],[96.27,76.635],[96.465,76.675],[96.19,76.685],[96.07,76.645],[95.895,76.63],[95.965,76.595]]],[[[89.365,77.295],[89.225,77.245],[89.2,77.2],[89.52,77.16],[89.615,77.18],[89.72,77.235],[89.6,77.3],[89.365,77.295]]],[[[95.625,76.975],[95.805,76.965],[95.755,76.915],[96.06,76.975],[96.235,76.975],[96.275,77.005],[96.535,77.09],[96.575,77.125],[96.415,77.175],[96.17,77.11],[95.81,77.065],[95.545,77.035],[95.5,76.995],[95.625,76.975]]],[[[82.275,77.46],[82.42,77.455],[82.605,77.48],[82.495,77.525],[82.265,77.535],[82.14,77.515],[82.275,77.46]]],[[[107.625,77.25],[107.755,77.3],[107.41,77.34],[107.3,77.28],[107.625,77.25]]]]},"properties":{"shapeName":"Красноярский край","shapeISO":"RU-KYA","shapeID":"28173009B65133456612022","shapeGroup":"RUS","shapeType":"ADM1"}},{"type":"Feature","geometry":{"type":"Polygon","coordinates":[[[115.73,56.96],[115.705,56.935],[115.615,56.91],[115.585,56.875],[115.615,56.77],[115.56,56.695],[115.455,56.665],[115.41,56.605],[115.52,56.575],[115.65,56.58],[115.69,56.555],[115.675,56.52],[115.7,56.485],[115.795,56.44],[115.68,56.41],[115.695,56.34],[115.675,56.28],[115.755,56.2],[115.82,56.165],[115.76,56.135],[115.785,56.075],[115.78,55.985],[115.905,55.93],[115.875,55.87],[115.835,55.855],[115.83,55.8],[115.86,55.745],[115.83,55.68],[115.91,55.655],[115.875,55.605],[115.91,55.585],[115.875,55.54],[115.875,55.495],[115.955,55.435],[115.905,55.41],[115.99,55.355],[116.065,55.385],[116.11,55.345],[116.18,55.36],[116.24,55.355],[116.375,55.38],[116.445,55.3],[116.475,55.23],[116.595,55.18],[116.625,55.145],[116.675,55.14],[116.77,55.1],[116.845,55.03],[116.81,54.995],[116.865,54.93],[116.87,54.88],[116.915,54.865],[116.91,54.795],[116.85,54.77],[116.84,54.705],[116.815,54.675],[116.745,54.655],[116.77,54.59],[116.7,54.57],[116.72,54.53],[116.635,54.505],[116.565,54.505],[116.43,54.475],[116.4,54.505],[116.25,54.49],[116.175,54.51],[116.115,54.48],[116.045,54.485],[115.97,54.455],[115.935,54.47],[115.845,54.46],[115.785,54.435],[115.675,54.43],[115.605,54.415],[115.585,54.385],[115.495,54.375],[115.5,54.315],[115.42,54.28],[115.345,54.27],[115.315,54.235],[115.16,54.185],[115.145,54.12],[115.015,54.075],[114.985,54],[114.785,53.945],[114.755,53.93],[114.58,53.915],[114.58,53.885],[114.515,53.815],[114.435,53.805],[114.365,53.815],[114.35,53.775],[114.245,53.745],[113.985,53.725],[113.965,53.645],[113.89,53.65],[113.825,53.63],[113.775,53.59],[113.86,53.57],[113.885,53.52],[113.835,53.485],[113.825,53.415],[113.875,53.37],[113.935,53.36],[113.955,53.32],[113.925,53.285],[113.95,53.25],[114.005,53.245],[114.045,53.21],[114.115,53.185],[114.205,53.18],[114.21,53.145],[114.17,53.085],[114.205,53.07],[114.265,53.085],[114.32,53.04],[114.32,52.98],[114.255,52.935],[114.225,52.865],[114.24,52.835],[114.18,52.755],[114.08,52.68],[114.02,52.665],[113.96,52.625],[113.915,52.64],[113.85,52.605],[113.64,52.53],[113.59,52.45],[113.54,52.49],[113.485,52.47],[113.15,52.455],[113.095,52.405],[112.98,52.38],[112.92,52.33],[112.875,52.35],[112.805,52.325],[112.735,52.325],[112.68,52.355],[112.545,52.345],[112.515,52.32],[112.505,52.245],[112.385,52.2],[112.305,52.245],[112.24,52.235],[112.195,52.25],[112.18,52.3],[112.07,52.285],[112.01,52.21],[111.935,52.195],[111.935,52.165],[111.795,52.085],[111.735,52],[111.675,51.975],[111.6,51.93],[111.515,51.915],[111.465,51.87],[111.345,51.88],[111.285,51.84],[111.205,51.825],[111.15,51.835],[111.015,51.79],[111,51.725],[110.935,51.72],[110.835,51.65],[110.87,51.615],[110.85,51.59],[110.775,51.585],[110.71,51.515],[110.62,51.515],[110.525,51.5],[110.43,51.52],[110.365,51.58],[110.295,51.605],[110.11,51.6],[110.06,51.62],[109.96,51.61],[109.95,51.585],[109.835,51.555],[109.79,51.515],[109.725,51.505],[109.62,51.45],[109.58,51.455],[109.435,51.425],[109.385,51.385],[109.315,51.395],[109.245,51.37],[109.12,51.43],[109.125,51.46],[109.05,51.51],[108.97,51.44],[108.915,51.43],[108.86,51.45],[108.785,51.435],[108.68,51.505],[108.625,51.49],[108.635,51.44],[108.615,51.41],[108.5,51.405],[108.475,51.365],[108.46,51.295],[108.395,51.275],[108.465,51.21],[108.56,51.18],[108.565,51.12],[108.455,51.055],[108.34,51.065],[108.325,50.995],[108.26,50.9],[108.265,50.825],[108.06,50.775],[108.07,50.74],[108.18,50.65],[108.265,50.66],[108.34,50.62],[108.48,50.595],[108.51,50.55],[108.55,50.54],[108.68,50.535],[108.69,50.51],[108.655,50.465],[108.595,50.455],[108.535,50.47],[108.34,50.395],[108.225,50.415],[108.17,50.39],[108.16,50.345],[108.11,50.305],[108.015,50.345],[107.965,50.32],[107.925,50.23],[107.87,50.2],[107.8,50.185],[107.735,50.155],[107.735,50.11],[107.785,50.065],[107.795,49.99],[107.755,49.97],[107.795,49.935],[107.97,49.94],[107.965,49.91],[107.92,49.875],[107.97,49.735],[107.935,49.71],[107.97,49.655],[108.03,49.67],[108.05,49.62],[108.125,49.575],[108.235,49.54],[108.305,49.53],[108.35,49.465],[108.355,49.43],[108.425,49.415],[108.43,49.37],[108.52,49.325],[108.61,49.325],[108.655,49.345],[108.72,49.335],[108.815,49.345],[108.895,49.335],[108.955,49.345],[109.06,49.325],[109.17,49.355],[109.345,49.325],[109.5,49.235],[109.56,49.22],[109.685,49.225],[109.855,49.2],[109.905,49.205],[110.12,49.18],[110.225,49.16],[110.33,49.2],[110.38,49.245],[110.475,49.2],[110.685,49.17],[110.805,49.18],[110.94,49.215],[111.08,49.26],[111.275,49.31],[111.375,49.36],[111.515,49.325],[111.545,49.325],[111.67,49.38],[111.79,49.385],[111.815,49.375],[111.96,49.38],[112.195,49.445],[112.28,49.485],[112.485,49.525],[112.69,49.505],[112.71,49.52],[112.805,49.515],[112.905,49.57],[113.045,49.61],[113.16,49.755],[113.16,49.78],[113.22,49.835],[113.395,49.91],[113.475,49.935],[113.49,49.975],[113.65,50],[113.745,50.075],[113.88,50.105],[114.18,50.245],[114.34,50.285],[114.47,50.235],[114.515,50.23],[114.615,50.245],[114.7,50.245],[114.83,50.225],[115.01,50.165],[115.07,50.095],[115.225,49.99],[115.36,49.94],[115.505,49.905],[115.745,49.885],[115.985,49.97],[116.075,50.015],[116.235,50.035],[116.345,49.995],[116.53,49.945],[116.62,49.93],[116.71,49.84],[117.06,49.685],[117.275,49.63],[117.47,49.625],[117.635,49.565],[117.795,49.52],[117.87,49.51],[117.89,49.595],[117.945,49.61],[118.075,49.615],[118.115,49.655],[118.15,49.66],[118.25,49.74],[118.38,49.78],[118.38,49.825],[118.475,49.83],[118.475,49.865],[118.55,49.905],[118.555,49.92],[118.685,49.95],[118.735,49.945],[118.8,49.97],[118.91,49.98],[119.085,49.985],[119.155,50.025],[119.19,50.085],[119.23,50.075],[119.285,50.115],[119.33,50.17],[119.31,50.215],[119.35,50.33],[119.35,50.36],[119.245,50.34],[119.15,50.365],[119.15,50.4],[119.205,50.425],[119.255,50.465],[119.255,50.54],[119.29,50.585],[119.275,50.605],[119.35,50.63],[119.375,50.68],[119.425,50.685],[119.495,50.75],[119.525,50.865],[119.51,50.895],[119.565,50.935],[119.59,50.985],[119.7,51.025],[119.72,51.075],[119.755,51.09],[119.78,51.17],[119.75,51.215],[119.815,51.23],[119.805,51.28],[119.87,51.295],[119.875,51.335],[119.935,51.355],[119.995,51.46],[119.975,51.49],[120.045,51.55],[120.03,51.585],[120.05,51.63],[120.165,51.68],[120.31,51.785],[120.355,51.785],[120.39,51.83],[120.535,51.88],[120.55,51.91],[120.65,51.925],[120.655,51.955],[120.71,52.005],[120.68,52.035],[120.765,52.12],[120.78,52.165],[120.74,52.205],[120.75,52.255],[120.62,52.325],[120.62,52.36],[120.685,52.43],[120.685,52.52],[120.655,52.565],[120.62,52.57],[120.48,52.63],[120.39,52.615],[120.28,52.62],[120.185,52.575],[120.08,52.585],[120.025,52.635],[120.06,52.705],[120.025,52.775],[120.09,52.785],[120.135,52.815],[120.28,52.86],[120.33,52.895],[120.36,52.945],[120.405,52.96],[120.445,53.01],[120.525,53.045],[120.555,53.08],[120.635,53.105],[120.69,53.145],[120.725,53.2],[120.835,53.24],[120.825,53.27],[120.94,53.295],[121.035,53.285],[121.085,53.305],[121.12,53.275],[121.275,53.29],[121.325,53.325],[121.41,53.315],[121.57,53.35],[121.695,53.395],[121.735,53.385],[121.815,53.415],[122.11,53.43],[122.095,53.465],[121.975,53.555],[121.995,53.575],[121.95,53.615],[121.965,53.7],[121.935,53.725],[121.91,53.855],[121.845,53.955],[121.745,53.97],[121.655,54.025],[121.63,54.1],[121.665,54.14],[121.725,54.14],[121.765,54.175],[121.71,54.23],[121.745,54.28],[121.67,54.35],[121.665,54.375],[121.76,54.44],[121.89,54.415],[121.91,54.375],[122.025,54.405],[122.13,54.415],[122.145,54.46],[122.03,54.52],[122.005,54.56],[121.935,54.58],[121.94,54.63],[121.89,54.675],[121.94,54.715],[121.88,54.805],[121.78,54.77],[121.65,54.75],[121.665,54.835],[121.75,54.87],[121.845,54.94],[121.96,55],[121.94,55.055],[121.95,55.09],[121.915,55.12],[122.035,55.195],[121.96,55.215],[121.94,55.28],[121.985,55.315],[121.96,55.375],[122,55.435],[121.99,55.505],[121.945,55.515],[121.9,55.62],[121.835,55.615],[121.76,55.63],[121.695,55.615],[121.605,55.525],[121.42,55.495],[121.335,55.53],[121.36,55.605],[121.325,55.67],[121.315,55.78],[121.335,55.82],[121.245,55.88],[121.27,55.94],[121.215,56.03],[121.045,56.01],[121.005,56.03],[120.915,56.035],[120.83,56.015],[120.78,55.975],[120.66,55.965],[120.635,55.935],[120.475,55.93],[120.48,55.885],[120.35,55.88],[120.345,55.92],[120.23,55.925],[120.14,55.87],[120.095,55.915],[120.125,55.96],[120.125,56.03],[120.03,56.12],[120.035,56.155],[120.12,56.16],[120.175,56.205],[120.29,56.2],[120.38,56.235],[120.42,56.23],[120.54,56.265],[120.385,56.32],[120.375,56.37],[120.325,56.365],[120.235,56.405],[120.255,56.445],[120.115,56.48],[120.09,56.5],[119.95,56.495],[119.925,56.55],[119.835,56.565],[119.795,56.595],[119.81,56.64],[119.885,56.68],[119.78,56.695],[119.775,56.735],[119.68,56.735],[119.655,56.78],[119.705,56.83],[119.82,56.855],[119.855,56.895],[119.805,56.93],[119.78,56.985],[119.69,56.985],[119.595,57.03],[119.575,57.075],[119.605,57.135],[119.66,57.17],[119.605,57.235],[119.585,57.305],[119.51,57.37],[119.435,57.385],[119.4,57.435],[119.42,57.515],[119.49,57.55],[119.5,57.6],[119.415,57.62],[119.34,57.62],[119.27,57.595],[119.225,57.525],[119.17,57.52],[119.14,57.555],[119.18,57.59],[119.165,57.72],[119.06,57.73],[119.045,57.765],[119.105,57.835],[119.095,57.915],[119.165,58.03],[119.145,58.09],[119.165,58.17],[119.115,58.24],[119.07,58.25],[118.985,58.235],[118.785,58.225],[118.68,58.18],[118.575,58.23],[118.515,58.235],[118.45,58.28],[118.405,58.28],[118.255,58.395],[118.12,58.4],[118,58.425],[117.87,58.41],[117.67,58.405],[117.625,58.375],[117.47,58.325],[117.53,58.285],[117.55,58.23],[117.595,58.185],[117.59,58.155],[117.505,58.155],[117.45,58.175],[117.41,58.145],[117.43,58.11],[117.385,57.94],[117.43,57.93],[117.345,57.865],[117.17,57.855],[117.12,57.86],[117.1,57.8],[117.18,57.75],[117.14,57.665],[117.25,57.635],[117.335,57.635],[117.255,57.535],[117.325,57.48],[117.345,57.365],[117.45,57.35],[117.435,57.305],[117.45,57.26],[117.545,57.275],[117.63,57.325],[117.78,57.32],[117.755,57.24],[117.7,57.2],[117.635,57.195],[117.575,57.165],[117.615,57.115],[117.675,57.09],[117.68,57.045],[117.63,56.975],[117.55,56.955],[117.575,56.915],[117.56,56.865],[117.485,56.89],[117.465,56.845],[117.395,56.85],[117.345,56.9],[117.32,56.965],[117.25,56.915],[117.18,56.895],[117.16,56.84],[116.995,56.82],[116.87,56.77],[116.74,56.745],[116.52,56.775],[116.475,56.815],[116.42,56.815],[116.315,56.87],[116.23,56.83],[116.175,56.84],[116.08,56.825],[116.015,56.88],[115.98,56.87],[115.835,56.945],[115.73,56.96]]]},"properties":{"shapeName":"Забайкальский край","shapeISO":"RU-ZAB","shapeID":"28173009B29209288820923","shapeGroup":"RUS","shapeType":"ADM1"}},{"type":"Feature","geometry":{"type":"Polygon","coordinates":[[[64.925,56.77],[65.17,56.765],[65.19,56.85],[65.215,56.845],[65.255,56.92],[65.055,56.905],[65.075,56.945],[65.01,56.965],[64.965,57.155],[65.005,57.235],[64.825,57.295],[64.87,57.39],[64.85,57.45],[64.895,57.455],[64.925,57.5],[64.935,57.555],[64.99,57.56],[64.965,57.605],[64.905,57.595],[64.835,57.65],[65.405,57.825],[65.465,57.765],[65.535,57.765],[65.625,57.795],[65.685,57.84],[65.635,57.86],[65.695,57.895],[65.795,57.875],[65.825,57.935],[65.985,57.945],[66.04,57.995],[66.185,58.01],[66,58.25],[65.995,58.335],[65.95,58.615],[65.655,58.66],[65.375,58.9],[65.34,59.01],[65.235,59.205],[65.135,59.21],[65.07,59.31],[64.905,59.335],[64.49,59.375],[64.02,59.38],[63.875,59.46],[63.85,59.565],[63.825,59.745],[63.795,59.815],[63.605,60.1],[63.18,60.225],[63.225,60.295],[62.905,60.62],[62.865,60.655],[62.76,60.855],[62.825,61],[62.645,61.17],[62.485,61.26],[62.2,61.335],[61.89,61.405],[61.885,61.435],[61.46,61.585],[61.23,61.655],[60.995,61.695],[60.84,61.7],[60.515,61.735],[60,61.72],[59.945,61.755],[59.945,61.835],[59.975,61.885],[59.72,61.93],[59.63,61.92],[59.585,61.945],[59.49,61.945],[59.45,61.935],[59.33,61.845],[59.325,61.785],[59.42,61.755],[59.35,61.695],[59.35,61.665],[59.405,61.62],[59.405,61.535],[59.445,61.515],[59.4,61.465],[59.445,61.415],[59.37,61.395],[59.32,61.335],[59.26,61.3],[59.25,61.26],[59.29,61.22],[59.29,61.16],[59.345,61.105],[59.385,60.945],[59.475,60.94],[59.485,60.83],[59.425,60.75],[59.43,60.64],[59.385,60.585],[59.36,60.525],[59.285,60.5],[59.22,60.445],[59.175,60.35],[59.14,60.205],[59.105,60.18],[59.095,60.125],[59.03,60.015],[58.965,59.98],[58.99,59.91],[58.84,59.93],[58.8,59.845],[58.695,59.855],[58.6,59.695],[58.48,59.71],[58.365,59.465],[58.525,59.435],[58.6,59.355],[58.625,59.3],[58.68,59.27],[58.79,59.24],[58.96,59.235],[58.995,59.21],[59.195,59.145],[59.095,59],[59.205,58.955],[59.17,58.91],[59.08,58.905],[59.08,58.845],[59.105,58.775],[59.155,58.72],[59.235,58.725],[59.31,58.695],[59.4,58.7],[59.415,58.665],[59.395,58.585],[59.455,58.48],[59.385,58.43],[59.285,58.42],[59.28,58.375],[59.185,58.28],[59.135,58.26],[58.925,58.28],[58.91,58.24],[58.815,58.215],[58.74,58.145],[58.665,58.105],[58.675,58.07],[58.585,58.04],[58.64,58.005],[58.685,57.9],[58.745,57.895],[58.73,57.85],[58.865,57.84],[58.83,57.735],[58.68,57.655],[58.535,57.565],[58.46,57.58],[58.445,57.675],[58.16,57.68],[58.095,57.66],[58.12,57.605],[58.03,57.61],[57.97,57.49],[58.01,57.485],[57.94,57.315],[58.03,57.24],[57.985,57.21],[58.03,57.15],[58.105,57.13],[58.07,57.05],[57.98,57.08],[57.945,57.055],[57.875,57.055],[57.83,57],[57.705,56.96],[57.675,56.92],[57.58,56.91],[57.465,56.915],[57.43,56.955],[57.315,56.93],[57.23,56.855],[57.27,56.805],[57.34,56.755],[57.305,56.72],[57.335,56.685],[57.44,56.675],[57.4,56.64],[57.39,56.53],[57.325,56.395],[57.405,56.345],[57.435,56.315],[57.405,56.27],[57.5,56.21],[57.465,56.125],[57.515,56.095],[57.6,56.085],[57.655,56.095],[57.685,56.135],[57.775,56.145],[57.895,56.14],[57.92,56.105],[58.075,56.115],[58.165,56.14],[58.255,56.105],[58.385,56.08],[58.42,56.12],[58.47,56.12],[58.51,56.17],[58.585,56.165],[58.645,56.115],[58.71,56.095],[58.83,56.085],[58.9,56.055],[58.96,56.065],[59.04,56.13],[59.04,56.17],[59.02,56.2],[59.17,56.2],[59.2,56.27],[59.14,56.32],[59.225,56.355],[59.29,56.325],[59.555,56.34],[59.57,56.32],[59.715,56.325],[59.635,56.25],[59.785,56.225],[59.865,56.26],[59.915,56.255],[60.05,56.215],[60.17,56.215],[60.26,56.2],[60.28,56.225],[60.365,56.235],[60.555,56.22],[60.575,56.32],[60.68,56.31],[60.655,56.215],[60.71,56.24],[60.77,56.22],[60.845,56.225],[60.965,56.19],[61.045,56.2],[61.105,56.18],[61.185,56.21],[61.145,56.28],[61.09,56.32],[61.12,56.35],[61.175,56.36],[61.335,56.315],[61.435,56.35],[61.58,56.29],[61.62,56.32],[61.735,56.285],[61.775,56.225],[61.87,56.225],[61.84,56.185],[61.935,56.155],[62.06,56.13],[62.08,56.2],[62.055,56.245],[62.07,56.295],[62.155,56.275],[62.18,56.305],[62.255,56.34],[62.255,56.4],[62.43,56.525],[62.515,56.565],[62.57,56.565],[62.605,56.49],[62.655,56.515],[62.725,56.51],[62.745,56.56],[62.87,56.545],[62.89,56.59],[62.985,56.6],[63.125,56.565],[63.315,56.57],[63.4,56.58],[63.475,56.61],[63.6,56.59],[63.595,56.56],[63.685,56.535],[63.725,56.54],[63.83,56.48],[64.06,56.475],[64.18,56.46],[64.215,56.49],[64.22,56.54],[64.17,56.56],[64.185,56.59],[64.285,56.605],[64.345,56.645],[64.35,56.685],[64.295,56.74],[64.33,56.755],[64.495,56.745],[64.545,56.79],[64.7,56.815],[64.885,56.825],[64.865,56.795],[64.925,56.77]]]},"properties":{"shapeName":"Свердловская область","shapeISO":"RU-SVE","shapeID":"28173009B92397886288731","shapeGroup":"RUS","shapeType":"ADM1"}},{"type":"Feature","geometry":{"type":"Polygon","coordinates":[[[42.88,51.235],[42.855,51.245],[42.75,51.235],[42.71,51.25],[42.65,51.22],[42.595,51.155],[42.435,51.145],[42.425,51.16],[42.295,51.135],[42.175,51.135],[42.085,51.15],[41.93,51.195],[41.86,51.16],[41.795,51.08],[41.79,51.035],[41.75,51.005],[41.615,50.985],[41.47,50.95],[41.43,50.915],[41.395,50.84],[41.17,50.775],[41.275,50.75],[41.345,50.71],[41.45,50.605],[41.515,50.61],[41.54,50.575],[41.49,50.565],[41.42,50.5],[41.495,50.42],[41.52,50.365],[41.42,50.245],[41.4,50.205],[41.495,50.08],[41.61,50.04],[41.575,49.99],[41.615,49.96],[41.72,49.945],[41.75,49.92],[41.88,49.905],[41.92,49.85],[41.985,49.835],[42.065,49.77],[42.135,49.735],[42.185,49.675],[42.13,49.595],[42.105,49.515],[42.08,49.515],[42.04,49.405],[42.025,49.35],[42.08,49.34],[42.075,49.285],[42.045,49.21],[42.1,49.195],[42.02,49.135],[42.19,49.12],[42.34,49.14],[42.385,49.105],[42.385,49.06],[42.35,49.05],[42.405,49.005],[42.49,49.01],[42.565,48.97],[42.64,48.96],[42.685,48.935],[42.68,48.875],[42.75,48.825],[42.745,48.775],[42.665,48.725],[42.66,48.7],[42.71,48.615],[42.705,48.585],[42.645,48.575],[42.61,48.545],[42.525,48.52],[42.365,48.495],[42.31,48.515],[42.215,48.465],[42.085,48.415],[42.18,48.275],[42.065,48.265],[42.09,48.235],[42.13,48.14],[42.02,48.09],[42.05,48.025],[42.145,48.025],[42.215,48.035],[42.34,48.025],[42.39,48.01],[42.445,48.025],[42.525,48.02],[42.545,47.97],[42.63,47.91],[42.72,47.875],[42.76,47.76],[42.795,47.715],[42.845,47.67],[42.925,47.52],[42.985,47.505],[43.05,47.555],[43.165,47.555],[43.145,47.53],[43.155,47.465],[43.25,47.445],[43.315,47.45],[43.4,47.47],[43.585,47.485],[43.685,47.45],[43.71,47.475],[43.67,47.55],[43.715,47.72],[43.87,47.76],[43.945,47.755],[44.03,47.825],[44.015,47.84],[44.085,47.9],[44.36,47.85],[44.425,47.955],[44.425,48.04],[44.325,48.04],[44.325,48.24],[44.435,48.23],[44.435,48.205],[44.545,48.19],[44.54,48.05],[44.665,48.06],[44.665,48.085],[44.81,48.05],[44.925,48.12],[44.91,48.22],[44.96,48.27],[44.985,48.295],[44.99,48.36],[45.025,48.36],[45.015,48.425],[45.055,48.425],[45.13,48.475],[45.19,48.47],[45.215,48.515],[45.305,48.45],[45.385,48.475],[45.2,48.535],[45.3,48.565],[45.36,48.55],[45.4,48.57],[45.605,48.605],[45.685,48.645],[45.74,48.65],[45.86,48.72],[45.93,48.785],[45.945,48.845],[46.04,48.865],[46.325,48.835],[46.31,48.82],[46.435,48.76],[46.62,48.67],[46.78,48.95],[46.895,48.98],[46.97,49.025],[47.03,49.09],[47.05,49.165],[46.995,49.23],[46.915,49.285],[46.78,49.34],[46.805,49.43],[46.83,49.565],[46.86,49.645],[46.87,49.745],[46.9,49.865],[46.955,49.87],[47.18,49.935],[47.355,50.095],[47.315,50.15],[47.255,50.19],[47.335,50.24],[47.29,50.285],[47.34,50.33],[47.405,50.335],[47.43,50.38],[47.27,50.38],[47.235,50.43],[47.205,50.43],[47.205,50.51],[47.04,50.51],[47.04,50.49],[46.91,50.49],[46.87,50.525],[46.87,50.575],[46.74,50.665],[46.725,50.705],[46.645,50.685],[46.57,50.69],[46.54,50.645],[46.46,50.615],[46.425,50.545],[46.28,50.575],[46.28,50.53],[46.06,50.525],[46.065,50.605],[46.095,50.615],[46.095,50.665],[46.035,50.665],[45.895,50.75],[45.745,50.755],[45.715,50.74],[45.68,50.665],[45.71,50.585],[45.685,50.575],[45.565,50.59],[45.535,50.555],[45.49,50.605],[45.405,50.615],[45.385,50.59],[45.195,50.585],[45.23,50.7],[45.275,50.72],[45.325,50.86],[45.305,50.915],[45.225,50.935],[45.19,51.045],[45.08,51.08],[45.07,51.12],[44.995,51.145],[44.945,51.11],[44.9,51.115],[44.865,51.17],[44.79,51.15],[44.645,51.18],[44.63,51.13],[44.57,51.125],[44.475,51.21],[44.425,51.18],[44.345,51.175],[44.23,51.2],[44.215,51.13],[44.185,51.095],[44.06,51.105],[44.02,51.16],[43.96,51.145],[43.925,51.16],[43.885,51.11],[43.805,51.12],[43.695,51.11],[43.655,51.055],[43.56,51.06],[43.36,51],[43.325,51.015],[43.195,51.11],[43.145,51.12],[42.88,51.235]]]},"properties":{"shapeName":"Волгоградская область","shapeISO":"RU-VGG","shapeID":"28173009B90356867269748","shapeGroup":"RUS","shapeType":"ADM1"}},{"type":"Feature","geometry":{"type":"Polygon","coordinates":[[[96.69,53.645],[96.705,53.71],[96.74,53.725],[96.895,53.725],[97.01,53.655],[97.125,53.615],[97.295,53.58],[97.39,53.545],[97.455,53.455],[97.54,53.45],[97.605,53.425],[97.59,53.375],[97.865,53.345],[97.94,53.35],[98.005,53.25],[98.115,53.235],[98.19,53.245],[98.24,53.21],[98.295,53.225],[98.32,53.16],[98.31,53.105],[98.475,53.095],[98.505,53.105],[98.635,53.1],[98.665,53.155],[98.725,53.155],[98.77,53.13],[98.865,53.125],[98.93,53.155],[99.01,53.105],[99,53.025],[99.23,52.965],[99.24,52.985],[99.33,53],[99.37,53.035],[99.37,53.1],[99.455,53.12],[99.535,53.105],[99.645,53.145],[99.72,53.15],[99.795,53.2],[99.84,53.195],[99.86,53.235],[99.85,53.29],[99.965,53.31],[99.98,53.33],[100.095,53.305],[100.125,53.345],[100.19,53.37],[100.265,53.375],[100.335,53.29],[100.42,53.25],[100.405,53.195],[100.335,53.165],[100.375,53.105],[100.545,53.03],[100.595,52.985],[100.6,52.95],[100.655,52.92],[100.725,52.91],[100.815,52.865],[100.875,52.805],[100.915,52.785],[101.055,52.765],[101.125,52.72],[101.31,52.645],[101.41,52.635],[101.49,52.555],[101.63,52.48],[101.78,52.37],[101.925,52.32],[101.9,52.28],[101.925,52.22],[102.005,52.21],[102.085,52.225],[102.085,52.26],[102.155,52.285],[102.255,52.265],[102.3,52.23],[102.39,52.27],[102.465,52.23],[102.565,52.22],[102.57,52.165],[102.67,52.065],[102.76,51.995],[102.855,51.97],[102.855,51.95],[102.965,51.9],[103.06,51.9],[103.225,51.805],[103.225,51.77],[103.18,51.725],[103.235,51.665],[103.18,51.615],[103.24,51.57],[103.24,51.505],[103.315,51.49],[103.35,51.44],[103.39,51.47],[103.445,51.465],[103.58,51.485],[103.63,51.48],[103.8,51.435],[103.81,51.13],[103.92,51.15],[104,51.22],[104.065,51.205],[104.15,51.245],[104.19,51.28],[104.425,51.29],[104.485,51.32],[104.565,51.285],[104.64,51.305],[104.67,51.34],[104.665,51.405],[104.63,51.465],[104.595,51.63],[105,51.69],[105.16,51.715],[105.32,51.755],[105.555,51.83],[105.77,51.955],[105.825,52],[105.98,52.175],[106.175,52.36],[106.885,52.67],[107,52.72],[107.715,53.085],[108.015,53.235],[108.295,53.675],[108.45,53.85],[108.635,54],[109,54.335],[109.07,54.425],[108.63,54.545],[108.635,54.64],[108.71,54.665],[108.725,54.795],[108.72,54.9],[108.76,54.935],[108.695,54.98],[108.695,55.06],[108.745,55.105],[108.735,55.13],[108.795,55.165],[108.785,55.23],[108.71,55.255],[108.71,55.285],[108.66,55.31],[108.675,55.405],[108.605,55.44],[108.64,55.49],[108.705,55.5],[108.67,55.57],[108.68,55.605],[108.775,55.615],[108.795,55.69],[108.785,55.77],[108.825,55.85],[108.905,55.875],[108.97,55.94],[109.015,55.925],[109.2,55.905],[109.265,55.96],[109.24,55.995],[109.17,55.985],[109.065,56.01],[108.995,56.005],[108.955,56.03],[108.955,56.065],[108.895,56.085],[108.92,56.125],[108.815,56.23],[108.7,56.255],[108.65,56.24],[108.56,56.32],[108.6,56.365],[108.6,56.4],[108.655,56.42],[108.665,56.455],[108.74,56.505],[108.68,56.56],[108.815,56.59],[108.905,56.58],[109.01,56.62],[109.06,56.61],[109.08,56.66],[109.155,56.67],[109.23,56.65],[109.355,56.715],[109.44,56.73],[109.55,56.74],[109.595,56.71],[109.69,56.695],[109.775,56.73],[109.89,56.795],[109.855,56.85],[109.915,56.925],[109.95,56.92],[110.015,56.975],[110.105,56.97],[110.215,56.93],[110.27,56.95],[110.365,56.945],[110.385,56.91],[110.51,56.895],[110.495,56.86],[110.63,56.835],[110.715,56.88],[110.76,56.885],[110.84,56.84],[110.98,56.875],[111.095,56.815],[111.2,56.84],[111.245,56.89],[111.34,56.895],[111.34,56.955],[111.38,57.015],[111.475,57.08],[111.525,57.13],[111.61,57.1],[111.59,57.06],[111.615,57.01],[111.68,57],[111.83,56.915],[111.87,56.95],[112.065,56.955],[112.21,56.86],[112.33,56.87],[112.405,56.855],[112.455,56.875],[112.49,56.915],[112.57,56.955],[112.68,56.965],[112.74,56.95],[112.68,56.855],[112.705,56.845],[112.735,56.76],[112.875,56.725],[112.87,56.685],[113.08,56.685],[113.155,56.64],[113.22,56.66],[113.365,56.625],[113.385,56.65],[113.5,56.675],[113.59,56.665],[113.7,56.62],[113.79,56.61],[113.83,56.53],[113.86,56.52],[114,56.56],[114.02,56.6],[114.07,56.605],[114.14,56.69],[114.235,56.675],[114.28,56.69],[114.405,56.67],[114.425,56.645],[114.505,56.67],[114.64,56.695],[114.795,56.71],[114.84,56.76],[114.855,56.835],[114.93,56.875],[114.93,56.925],[115.005,56.97],[115.085,56.98],[115.02,57.02],[115.07,57.11],[115.215,57.12],[115.33,57.095],[115.45,57.11],[115.54,57.11],[115.61,57.14],[115.67,57.135],[115.745,57.165],[115.755,57.205],[115.82,57.22],[115.845,57.25],[115.915,57.23],[115.96,57.25],[116.03,57.225],[116.11,57.24],[116.175,57.215],[116.175,57.19],[116.255,57.125],[116.1,57.095],[116.065,57.055],[115.82,57],[115.73,56.96],[115.835,56.945],[115.98,56.87],[116.015,56.88],[116.08,56.825],[116.175,56.84],[116.23,56.83],[116.315,56.87],[116.42,56.815],[116.475,56.815],[116.52,56.775],[116.74,56.745],[116.87,56.77],[116.995,56.82],[117.16,56.84],[117.18,56.895],[117.25,56.915],[117.32,56.965],[117.345,56.9],[117.395,56.85],[117.465,56.845],[117.485,56.89],[117.56,56.865],[117.575,56.915],[117.55,56.955],[117.63,56.975],[117.68,57.045],[117.675,57.09],[117.615,57.115],[117.575,57.165],[117.635,57.195],[117.7,57.2],[117.755,57.24],[117.78,57.32],[117.63,57.325],[117.545,57.275],[117.45,57.26],[117.435,57.305],[117.45,57.35],[117.345,57.365],[117.325,57.48],[117.255,57.535],[117.335,57.635],[117.25,57.635],[117.14,57.665],[117.18,57.75],[117.1,57.8],[117.12,57.86],[117.17,57.855],[117.345,57.865],[117.43,57.93],[117.385,57.94],[117.43,58.11],[117.41,58.145],[117.45,58.175],[117.505,58.155],[117.59,58.155],[117.595,58.185],[117.55,58.23],[117.53,58.285],[117.47,58.325],[117.625,58.375],[117.67,58.405],[117.87,58.41],[118,58.425],[118.12,58.4],[118.255,58.395],[118.405,58.28],[118.45,58.28],[118.515,58.235],[118.575,58.23],[118.68,58.18],[118.785,58.225],[118.985,58.235],[119.07,58.25],[119.115,58.24],[119.14,58.3],[119.06,58.37],[119.105,58.42],[119.13,58.49],[118.99,58.56],[118.865,58.575],[118.775,58.61],[118.86,58.73],[118.84,58.775],[118.875,58.825],[118.765,58.895],[118.75,58.935],[118.875,58.965],[118.82,59.05],[118.695,59.06],[118.71,59.12],[118.67,59.185],[118.81,59.33],[118.75,59.345],[118.765,59.42],[118.605,59.45],[118.495,59.5],[118.36,59.525],[118.34,59.62],[118.24,59.64],[118.08,59.625],[118.03,59.575],[117.94,59.54],[117.97,59.5],[117.825,59.445],[117.785,59.56],[117.645,59.54],[117.585,59.51],[117.5,59.495],[117.44,59.525],[117.25,59.515],[117.195,59.585],[117.11,59.61],[117.145,59.655],[117.205,59.68],[117.175,59.715],[117.23,59.75],[117.22,59.875],[117.1,59.87],[117.01,59.915],[117.075,59.975],[117.155,59.975],[117.355,60.02],[117.265,60.055],[117.1,60.03],[116.99,60.07],[117.01,60.1],[116.88,60.205],[116.78,60.245],[116.76,60.28],[116.61,60.3],[116.625,60.345],[116.545,60.39],[116.325,60.375],[116.27,60.41],[116.185,60.395],[116.165,60.43],[116.005,60.47],[115.94,60.455],[115.875,60.525],[115.76,60.52],[115.695,60.55],[115.595,60.535],[115.365,60.49],[115.305,60.515],[115.21,60.49],[115.215,60.46],[115.095,60.415],[115.115,60.325],[114.985,60.215],[114.905,60.19],[114.775,60.205],[114.655,60.175],[114.565,60.13],[114.545,60.085],[114.49,60.035],[114.555,60.01],[114.53,59.985],[114.425,59.95],[114.295,59.89],[114.29,59.855],[114.23,59.835],[114.225,59.795],[114.13,59.755],[114.1,59.765],[114,59.73],[113.97,59.69],[113.9,59.69],[113.795,59.63],[113.705,59.63],[113.59,59.595],[113.63,59.56],[113.615,59.515],[113.465,59.43],[113.43,59.38],[113.53,59.35],[113.46,59.31],[113.485,59.28],[113.325,59.215],[113.28,59.16],[113.2,59.185],[113.11,59.15],[113.025,59.145],[112.93,59.155],[112.805,59.125],[112.75,59.095],[112.755,59.055],[112.655,59.055],[112.53,59.075],[112.515,59.045],[112.6,58.99],[112.52,58.89],[112.44,58.92],[112.435,59.055],[112.47,59.085],[112.445,59.15],[112.505,59.235],[112.645,59.28],[112.65,59.315],[112.52,59.35],[112.415,59.335],[112.365,59.31],[112.275,59.375],[112.34,59.425],[112.285,59.485],[112.3,59.525],[112.2,59.505],[112.18,59.47],[112.095,59.43],[112.085,59.395],[111.96,59.34],[111.975,59.315],[111.79,59.3],[111.65,59.225],[111.56,59.235],[111.45,59.29],[111.3,59.28],[111.22,59.205],[111.045,59.225],[110.985,59.215],[110.95,59.245],[110.72,59.28],[110.635,59.245],[110.64,59.22],[110.55,59.185],[110.605,59.14],[110.545,59.13],[110.54,59.09],[110.475,59.045],[110.405,59.055],[110.31,59.01],[110.16,58.98],[110.02,59],[109.985,59.025],[109.81,59.005],[109.755,59.035],[109.725,59.09],[109.62,59.085],[109.625,59.165],[109.51,59.195],[109.525,59.25],[109.455,59.315],[109.29,59.315],[109.24,59.38],[109.345,59.415],[109.25,59.465],[109.335,59.51],[109.34,59.545],[109.545,59.665],[109.475,59.72],[109.475,59.77],[109.565,59.845],[109.665,59.875],[109.62,59.94],[109.67,59.94],[109.675,59.985],[109.755,60.025],[109.705,60.055],[109.695,60.16],[109.725,60.24],[109.79,60.255],[109.84,60.34],[109.95,60.415],[109.905,60.46],[109.95,60.505],[110.02,60.535],[110.07,60.59],[110.14,60.605],[110.1,60.695],[110.26,60.685],[110.3,60.725],[110.3,60.78],[110.26,60.82],[110.37,60.94],[110.46,60.98],[110.54,61.085],[110.525,61.18],[110.425,61.21],[110.345,61.175],[110.225,61.165],[110.135,61.225],[110.11,61.28],[109.995,61.315],[109.765,61.335],[109.815,61.37],[109.84,61.425],[109.81,61.48],[109.87,61.55],[109.79,61.61],[109.71,61.655],[109.725,61.685],[109.61,61.74],[109.62,61.8],[109.575,61.835],[109.61,61.86],[109.575,61.915],[109.64,61.93],[109.72,62],[109.815,62.025],[109.87,62.065],[109.885,62.125],[110.005,62.185],[109.92,62.26],[109.995,62.31],[109.89,62.37],[109.91,62.435],[109.825,62.445],[109.665,62.435],[109.555,62.455],[109.465,62.425],[109.43,62.475],[109.36,62.485],[109.3,62.52],[109.255,62.6],[109.38,62.61],[109.38,62.67],[109.485,62.7],[109.465,62.75],[109.515,62.785],[109.685,62.845],[109.62,62.9],[109.495,62.955],[109.525,62.995],[109.47,63.025],[109.5,63.085],[109.455,63.11],[109.44,63.205],[109.475,63.25],[109.42,63.28],[109.43,63.315],[109.205,63.48],[109.19,63.53],[109.08,63.575],[108.83,63.59],[108.735,63.62],[108.655,63.61],[108.565,63.635],[108.4,63.625],[108.36,63.61],[108.145,63.605],[108.125,63.66],[108.225,63.67],[108.3,63.715],[108.285,63.835],[108.375,63.865],[108.495,63.82],[108.615,63.85],[108.65,63.82],[108.805,63.87],[108.71,63.935],[108.75,63.97],[108.74,64.035],[108.615,64.07],[108.56,64.13],[108.595,64.195],[108.52,64.21],[108.505,64.305],[108.365,64.265],[108.19,64.28],[108.085,64.245],[108.245,64.25],[108.385,64.045],[108.215,64.01],[108.05,64],[107.965,64.02],[107.77,64.02],[107.685,64],[107.61,63.96],[107.625,63.935],[107.565,63.895],[107.375,63.935],[107.305,63.98],[107.195,63.975],[107.15,63.95],[107.045,63.925],[106.975,63.97],[106.855,63.98],[106.665,64.045],[106.605,63.985],[106.73,63.935],[106.785,63.89],[106.77,63.85],[106.695,63.825],[106.665,63.765],[106.6,63.725],[106.685,63.665],[106.655,63.625],[106.475,63.54],[106.58,63.505],[106.595,63.455],[106.725,63.41],[106.72,63.375],[106.66,63.325],[106.52,63.325],[106.41,63.355],[106.355,63.3],[106.345,63.245],[106.44,63.215],[106.395,63.185],[106.395,63.125],[106.355,63.105],[106.165,63.085],[106.13,63.035],[106.17,63.005],[106.195,62.92],[106.28,62.91],[106.435,62.865],[106.445,62.815],[106.515,62.79],[106.49,62.69],[106.59,62.685],[106.635,62.66],[106.77,62.64],[106.67,62.555],[106.755,62.5],[106.63,62.465],[106.545,62.395],[106.43,62.395],[106.465,62.33],[106.345,62.28],[106.415,62.255],[106.425,62.16],[106.39,62.145],[106.41,62.1],[106.395,62.045],[106.31,62.035],[106.18,61.965],[106.11,61.955],[105.94,61.87],[105.895,61.825],[105.95,61.75],[105.97,61.685],[105.905,61.69],[105.815,61.63],[105.71,61.66],[105.585,61.625],[105.55,61.58],[105.365,61.54],[105.32,61.515],[105.28,61.425],[105.155,61.425],[105.06,61.405],[104.91,61.395],[104.905,61.375],[104.815,61.335],[104.92,61.325],[104.99,61.27],[105.02,61.2],[104.885,61.195],[104.76,61.135],[104.695,61.09],[104.625,61.08],[104.625,60.99],[104.575,60.945],[104.635,60.905],[104.61,60.885],[104.47,60.85],[104.51,60.785],[104.58,60.77],[104.61,60.72],[104.565,60.665],[104.505,60.625],[104.57,60.575],[104.56,60.55],[104.65,60.505],[104.655,60.405],[104.79,60.375],[104.865,60.31],[104.97,60.29],[105.08,60.3],[105.245,60.275],[105.325,60.3],[105.46,60.255],[105.48,60.22],[105.46,60.17],[105.42,60.155],[105.485,60.025],[105.505,60],[105.435,59.97],[105.435,59.86],[105.345,59.845],[105.25,59.87],[105.145,59.885],[105.015,59.84],[105.03,59.795],[104.99,59.765],[104.89,59.765],[104.76,59.685],[104.78,59.64],[104.84,59.605],[104.85,59.56],[104.995,59.46],[105.195,59.475],[105.235,59.44],[105.22,59.345],[105.175,59.315],[105.22,59.265],[105.27,59.27],[105.34,59.195],[105.295,59.155],[105.365,59.12],[105.3,59.075],[105.115,59.05],[105.095,59.015],[104.91,58.955],[104.875,58.91],[104.79,58.865],[104.755,58.815],[104.875,58.75],[104.815,58.695],[104.69,58.655],[104.535,58.64],[104.465,58.61],[104.345,58.675],[104.385,58.71],[104.34,58.735],[104.255,58.715],[104.215,58.755],[104.065,58.79],[103.95,58.72],[103.89,58.74],[103.95,58.79],[103.945,58.905],[103.9,58.92],[103.785,58.91],[103.705,58.935],[103.635,58.925],[103.56,58.995],[103.395,59.03],[103.315,59.135],[103.245,59.17],[103.22,59.24],[103.33,59.24],[103.27,59.285],[103.22,59.26],[103.135,59.26],[103.06,59.28],[103.02,59.32],[102.94,59.3],[102.85,59.245],[102.865,59.22],[102.785,59.2],[102.5,59.185],[102.42,59.13],[102.41,59.07],[102.49,59.01],[102.435,58.99],[102.45,58.94],[102.555,58.905],[102.545,58.825],[102.58,58.79],[102.565,58.74],[102.34,58.65],[102.3,58.585],[102.21,58.53],[102.1,58.49],[102.03,58.49],[101.925,58.465],[101.79,58.455],[101.7,58.41],[101.645,58.34],[101.5,58.23],[101.365,58.235],[101.27,58.195],[101.2,58.13],[101.11,58.105],[101.12,58.06],[101.165,58.045],[101.14,57.97],[101.04,57.93],[101.02,57.88],[100.975,57.865],[100.845,57.875],[100.86,57.795],[100.905,57.775],[100.82,57.635],[100.865,57.595],[100.95,57.57],[100.925,57.45],[100.875,57.465],[100.81,57.44],[100.785,57.41],[100.72,57.415],[100.68,57.455],[100.515,57.495],[100.41,57.55],[100.425,57.575],[100.38,57.625],[100.38,57.67],[100.325,57.685],[100.37,57.725],[100.285,57.77],[100.29,57.795],[100.15,57.87],[100.13,57.92],[100.08,57.945],[100.07,58.005],[100.09,58.07],[99.96,58.085],[99.865,58.075],[99.81,58.06],[99.76,58.085],[99.68,58.085],[99.635,58.055],[99.625,57.99],[99.5,57.885],[99.435,57.79],[99.345,57.8],[99.205,57.76],[99.085,57.78],[99.04,57.745],[98.915,57.715],[98.84,57.735],[98.75,57.795],[98.635,57.77],[98.49,57.795],[98.38,57.8],[98.11,57.83],[97.955,57.83],[97.57,57.335],[97.345,57.03],[97.47,56.995],[97.53,56.97],[97.665,56.96],[97.52,56.9],[97.47,56.84],[97.54,56.785],[97.67,56.805],[97.785,56.8],[97.805,56.775],[97.76,56.705],[97.78,56.59],[97.74,56.545],[97.88,56.535],[97.88,56.375],[97.555,56.375],[97.555,56.28],[97.575,56.185],[97.475,56.195],[97.41,56.165],[97.44,56.145],[97.36,56.03],[97.3,56.075],[97.13,56.115],[97.065,56.005],[96.99,56.005],[96.99,55.85],[96.915,55.86],[96.89,55.83],[96.785,55.79],[96.78,55.715],[96.825,55.69],[96.745,55.655],[96.83,55.615],[96.86,55.58],[96.81,55.55],[96.855,55.485],[96.85,55.43],[96.93,55.3],[96.82,55.285],[96.73,55.255],[96.68,55.255],[96.69,55.18],[96.67,55.155],[96.685,55.085],[96.595,55.03],[96.645,54.965],[96.7,54.935],[96.71,54.865],[96.61,54.73],[96.565,54.7],[96.58,54.625],[96.545,54.585],[96.54,54.53],[96.485,54.515],[96.29,54.56],[96.205,54.535],[96.125,54.545],[96.065,54.575],[96.035,54.535],[95.975,54.495],[95.92,54.4],[95.845,54.42],[95.75,54.42],[95.68,54.39],[95.695,54.37],[95.645,54.295],[95.69,54.235],[95.85,54.21],[95.955,54.095],[96.1,54.06],[96.06,54.025],[96.1,53.98],[96.195,53.905],[96.3,53.85],[96.34,53.835],[96.4,53.76],[96.485,53.73],[96.485,53.69],[96.615,53.675],[96.69,53.645]]]},"properties":{"shapeName":"Иркутская область","shapeISO":"RU-IRK","shapeID":"28173009B78872068540735","shapeGroup":"RUS","shapeType":"ADM1"}},{"type":"Feature","geometry":{"type":"Polygon","coordinates":[[[53.785,58.455],[53.775,58.42],[53.885,58.315],[53.865,58.285],[53.785,58.235],[53.88,58.2],[53.885,58.165],[53.945,58.145],[53.945,58.085],[53.99,58.07],[54.135,57.96],[54.085,57.92],[54.13,57.875],[54.12,57.81],[54.155,57.775],[54.125,57.735],[54.15,57.705],[54.055,57.68],[54.065,57.645],[54.125,57.615],[54.015,57.595],[53.99,57.56],[54.055,57.53],[54.175,57.52],[54.145,57.485],[54.275,57.46],[54.29,57.435],[54.205,57.4],[54.155,57.4],[54.125,57.345],[54.14,57.315],[54.31,57.305],[54.34,57.225],[54.305,57.185],[54.35,57.16],[54.315,57.09],[54.435,57.03],[54.34,56.975],[54.23,56.99],[54.155,56.98],[54.145,56.915],[54.1,56.875],[54.085,56.81],[54.035,56.76],[53.975,56.75],[53.88,56.81],[53.795,56.8],[53.885,56.665],[53.85,56.655],[53.84,56.625],[53.84,56.595],[54.05,56.605],[54.245,56.46],[54.33,56.485],[54.345,56.4],[54.38,56.38],[54.445,56.375],[54.485,56.41],[54.54,56.51],[54.67,56.5],[54.735,56.43],[54.79,56.425],[54.94,56.37],[54.945,56.335],[55.025,56.325],[55.1,56.35],[55.15,56.305],[55.24,56.335],[55.325,56.315],[55.46,56.33],[55.52,56.38],[55.69,56.41],[55.705,56.435],[55.775,56.445],[55.835,56.42],[55.91,56.455],[55.96,56.37],[56.08,56.295],[56.16,56.315],[56.265,56.305],[56.325,56.365],[56.405,56.405],[56.47,56.37],[56.595,56.275],[56.665,56.235],[56.725,56.23],[56.785,56.165],[56.85,56.165],[56.885,56.11],[56.92,56.105],[57.08,56.16],[57.21,56.18],[57.205,56.24],[57.285,56.305],[57.405,56.345],[57.325,56.395],[57.39,56.53],[57.4,56.64],[57.44,56.675],[57.335,56.685],[57.305,56.72],[57.34,56.755],[57.27,56.805],[57.23,56.855],[57.315,56.93],[57.43,56.955],[57.465,56.915],[57.58,56.91],[57.675,56.92],[57.705,56.96],[57.83,57],[57.875,57.055],[57.945,57.055],[57.98,57.08],[58.07,57.05],[58.105,57.13],[58.03,57.15],[57.985,57.21],[58.03,57.24],[57.94,57.315],[58.01,57.485],[57.97,57.49],[58.03,57.61],[58.12,57.605],[58.095,57.66],[58.16,57.68],[58.445,57.675],[58.46,57.58],[58.535,57.565],[58.68,57.655],[58.83,57.735],[58.865,57.84],[58.73,57.85],[58.745,57.895],[58.685,57.9],[58.64,58.005],[58.585,58.04],[58.675,58.07],[58.665,58.105],[58.74,58.145],[58.815,58.215],[58.91,58.24],[58.925,58.28],[59.135,58.26],[59.185,58.28],[59.28,58.375],[59.285,58.42],[59.385,58.43],[59.455,58.48],[59.395,58.585],[59.415,58.665],[59.4,58.7],[59.31,58.695],[59.235,58.725],[59.155,58.72],[59.105,58.775],[59.08,58.845],[59.08,58.905],[59.17,58.91],[59.205,58.955],[59.095,59],[59.195,59.145],[58.995,59.21],[58.96,59.235],[58.79,59.24],[58.68,59.27],[58.625,59.3],[58.6,59.355],[58.525,59.435],[58.365,59.465],[58.48,59.71],[58.6,59.695],[58.695,59.855],[58.8,59.845],[58.84,59.93],[58.99,59.91],[58.965,59.98],[59.03,60.015],[59.095,60.125],[59.105,60.18],[59.14,60.205],[59.175,60.35],[59.22,60.445],[59.285,60.5],[59.36,60.525],[59.385,60.585],[59.43,60.64],[59.425,60.75],[59.485,60.83],[59.475,60.94],[59.385,60.945],[59.345,61.105],[59.29,61.16],[59.29,61.22],[59.25,61.26],[59.26,61.3],[59.32,61.335],[59.37,61.395],[59.445,61.415],[59.4,61.465],[59.445,61.515],[59.405,61.535],[59.405,61.62],[59.35,61.665],[59.24,61.625],[59.15,61.63],[59.06,61.54],[58.845,61.52],[58.845,61.495],[57.92,61.5],[57.095,61.5],[57.08,61.475],[56.655,61.525],[56.595,61.495],[56.565,61.42],[56.38,61.445],[56.325,61.335],[56.325,61.29],[56.275,61.19],[55.815,61.245],[55.73,61.095],[55.275,61.15],[55.2,60.99],[55.05,61.01],[54.975,60.86],[53.875,60.985],[53.815,60.83],[53.355,60.885],[53.415,61.035],[52.87,61.09],[52.805,60.94],[52.43,60.975],[52.36,60.83],[51.89,60.88],[51.77,60.58],[52.155,60.54],[52.125,60.465],[52.355,60.44],[52.335,60.36],[52.37,60.355],[52.315,60.225],[52.44,60.185],[52.92,60.155],[53.075,60.15],[53.375,60.155],[53.42,60.225],[53.565,60.16],[53.625,60.115],[53.685,60.01],[53.63,59.74],[53.6,59.685],[53.45,59.705],[53.355,59.46],[53.225,59.36],[53.23,59.32],[53.385,59.155],[53.49,59.15],[53.72,59.12],[53.68,59.15],[53.725,59.18],[53.815,59.11],[53.905,59.085],[53.84,59.035],[53.77,59.015],[53.755,58.965],[53.825,58.83],[53.925,58.795],[53.905,58.755],[53.785,58.725],[53.735,58.68],[53.765,58.655],[53.705,58.6],[53.74,58.565],[53.785,58.455]],[[53.845,56.62],[53.89,56.645],[54.035,56.64],[53.955,56.605],[53.855,56.6],[53.845,56.62]]]},"properties":{"shapeName":"Пермский край","shapeISO":"RU-PER","shapeID":"28173009B90469334921421","shapeGroup":"RUS","shapeType":"ADM1"}},{"type":"Feature","geometry":{"type":"Polygon","coordinates":[[[27.74,58.98],[27.355,58.785],[27.555,58.365],[27.49,58.305],[27.49,58.225],[27.59,58.12],[27.635,58.095],[27.61,58.055],[27.62,58.015],[27.7,58],[27.655,57.955],[27.815,57.86],[27.74,57.83],[27.615,57.84],[27.56,57.835],[27.51,57.765],[27.52,57.715],[27.41,57.7],[27.375,57.67],[27.405,57.615],[27.33,57.57],[27.355,57.525],[27.5,57.54],[27.565,57.515],[27.515,57.425],[27.67,57.395],[27.87,57.29],[27.83,57.21],[27.82,57.145],[27.755,57.13],[27.715,57.1],[27.765,57.08],[27.715,57.005],[27.77,57.005],[27.735,56.92],[27.685,56.915],[27.66,56.835],[27.845,56.88],[27.9,56.84],[27.975,56.81],[27.9,56.76],[27.92,56.735],[28.015,56.67],[28.01,56.635],[28.06,56.585],[28.125,56.585],[28.135,56.55],[28.105,56.51],[28.195,56.44],[28.165,56.375],[28.19,56.36],[28.24,56.28],[28.185,56.23],[28.155,56.145],[28.245,56.11],[28.245,56.085],[28.32,56.06],[28.55,56.115],[28.62,56.1],[28.655,56.05],[28.7,56.025],[28.72,55.98],[28.83,55.965],[28.86,55.99],[29.09,56.035],[29.155,56.025],[29.215,55.99],[29.305,55.99],[29.425,55.97],[29.48,55.92],[29.41,55.9],[29.39,55.82],[29.36,55.8],[29.4,55.755],[29.515,55.7],[29.58,55.735],[29.625,55.78],[29.755,55.8],[29.805,55.785],[29.895,55.865],[29.995,55.87],[30.105,55.83],[30.18,55.86],[30.275,55.865],[30.365,55.81],[30.48,55.815],[30.535,55.75],[30.595,55.745],[30.65,55.71],[30.64,55.675],[30.69,55.64],[30.735,55.655],[30.755,55.595],[30.81,55.59],[30.875,55.63],[30.925,55.625],[30.955,55.665],[31.04,55.7],[31.04,55.76],[31.14,55.76],[31.205,55.73],[31.24,55.74],[31.365,55.74],[31.485,55.72],[31.405,55.805],[31.39,55.925],[31.37,55.97],[31.51,56.05],[31.45,56.135],[31.51,56.16],[31.46,56.2],[31.465,56.26],[31.52,56.305],[31.39,56.3],[31.23,56.34],[31.215,56.425],[31.01,56.48],[31,56.525],[31.05,56.575],[31.06,56.645],[30.955,56.655],[30.89,56.645],[30.815,56.7],[30.835,56.715],[30.77,56.76],[30.77,56.79],[30.82,56.825],[30.935,56.865],[30.975,56.91],[30.98,56.97],[30.835,56.95],[30.75,56.955],[30.69,56.985],[30.69,57.15],[30.63,57.175],[30.745,57.265],[30.535,57.305],[30.475,57.335],[30.48,57.405],[30.425,57.425],[30.485,57.485],[30.465,57.52],[30.545,57.545],[30.68,57.645],[30.52,57.64],[30.45,57.69],[30.495,57.74],[30.495,57.77],[30.545,57.865],[30.52,57.885],[30.42,57.88],[30.39,57.905],[30.29,57.91],[30.2,57.895],[30.16,57.925],[30.06,57.955],[29.94,57.945],[29.885,57.97],[29.945,58.025],[29.865,58.07],[29.79,58.09],[29.63,58.1],[29.67,58.135],[29.685,58.21],[29.635,58.255],[29.795,58.255],[29.915,58.31],[29.895,58.45],[29.865,58.425],[29.745,58.425],[29.64,58.445],[29.55,58.48],[29.58,58.535],[29.49,58.55],[29.425,58.59],[29.315,58.615],[29.255,58.6],[29.255,58.67],[29.285,58.695],[29.125,58.72],[29.055,58.74],[29.035,58.835],[28.975,58.805],[28.91,58.805],[28.845,58.825],[28.765,58.825],[28.62,58.865],[28.375,58.88],[28.295,58.825],[28.2,58.935],[28.12,58.975],[27.99,59.015],[27.92,59.02],[27.74,58.98]]]},"properties":{"shapeName":"Псковская область","shapeISO":"RU-PSK","shapeID":"28173009B86476767341172","shapeGroup":"RUS","shapeType":"ADM1"}},{"type":"Feature","geometry":{"type":"Polygon","coordinates":[[[41.4,50.205],[41.34,50.21],[41.29,50.165],[41.385,50.115],[41.385,50.08],[41.34,50.07],[41.3,50.02],[41.195,50.01],[41.085,49.945],[41.04,49.865],[41.045,49.81],[41.005,49.78],[40.92,49.7],[40.795,49.7],[40.78,49.665],[40.635,49.675],[40.575,49.625],[40.55,49.58],[40.375,49.59],[40.275,49.63],[40.16,49.645],[40.135,49.615],[40.17,49.57],[40.04,49.52],[40.03,49.455],[40.115,49.385],[40.195,49.345],[40.185,49.28],[40.21,49.24],[40.135,49.24],[40.075,49.185],[40.03,49.18],[39.94,49.085],[39.88,49.065],[39.805,49.06],[39.765,49.04],[39.695,49.05],[39.665,49],[39.745,48.985],[39.78,48.935],[39.85,48.89],[39.925,48.895],[39.995,48.87],[40.005,48.9],[40.06,48.905],[40.08,48.87],[39.975,48.795],[39.8,48.845],[39.78,48.785],[39.74,48.765],[39.71,48.725],[39.71,48.655],[39.66,48.61],[39.69,48.585],[39.79,48.595],[39.855,48.56],[39.865,48.51],[39.845,48.475],[39.91,48.42],[39.92,48.34],[39.845,48.335],[39.925,48.27],[39.995,48.3],[40.02,48.255],[40.005,48.225],[39.94,48.23],[39.935,48.18],[39.875,48.12],[39.885,48.04],[39.775,48.04],[39.815,48],[39.795,47.92],[39.74,47.83],[39.565,47.835],[39.52,47.825],[39.48,47.86],[39.415,47.83],[39.385,47.87],[39.24,47.865],[39.15,47.84],[39.085,47.87],[38.88,47.875],[38.79,47.815],[38.79,47.74],[38.735,47.7],[38.665,47.7],[38.615,47.645],[38.455,47.645],[38.455,47.615],[38.35,47.615],[38.285,47.545],[38.3,47.475],[38.3,47.395],[38.255,47.375],[38.22,47.305],[38.335,47.305],[38.325,47.255],[38.26,47.24],[38.235,47.2],[38.23,47.12],[38.31,47.14],[38.395,47.135],[38.45,47.15],[38.53,47.215],[38.655,47.26],[38.77,47.27],[38.755,47.24],[38.685,47.245],[38.57,47.225],[38.51,47.18],[38.49,47.14],[38.56,47.115],[38.625,47.14],[38.8,47.175],[38.865,47.175],[38.945,47.2],[38.955,47.27],[39.035,47.265],[39.1,47.29],[39.2,47.285],[39.245,47.25],[39.215,47.185],[39.245,47.085],[39.305,47.055],[39.295,47.02],[39.105,47.035],[38.985,46.98],[38.87,46.945],[38.84,46.905],[38.685,46.87],[38.685,46.825],[38.895,46.825],[38.895,46.73],[38.87,46.73],[38.87,46.57],[38.9,46.56],[38.9,46.635],[39.055,46.625],[39.07,46.6],[39.14,46.62],[39.21,46.62],[39.21,46.68],[39.26,46.71],[39.265,46.795],[39.41,46.795],[39.565,46.805],[39.565,46.79],[39.84,46.79],[39.84,46.77],[40.065,46.77],[40.065,46.74],[40.115,46.72],[40.115,46.645],[40.065,46.63],[40.065,46.535],[40.22,46.54],[40.24,46.45],[40.285,46.45],[40.27,46.315],[40.325,46.285],[40.405,46.27],[40.535,46.275],[40.57,46.285],[40.745,46.285],[40.745,46.23],[40.925,46.23],[40.925,46.295],[40.99,46.3],[40.99,46.205],[40.98,46.115],[41.045,46.125],[41.07,46.08],[41.12,46.06],[41.12,46.005],[41.16,45.95],[41.395,45.95],[41.395,45.995],[41.47,46],[41.62,45.98],[41.715,45.98],[41.7,46.05],[41.64,46.155],[41.695,46.215],[41.74,46.185],[41.865,46.145],[41.91,46.205],[41.91,46.255],[41.965,46.255],[41.96,46.3],[42.17,46.3],[42.165,46.385],[42.1,46.375],[42.065,46.485],[42.065,46.545],[42.2,46.56],[42.28,46.53],[42.395,46.51],[42.445,46.465],[42.49,46.465],[42.6,46.385],[42.68,46.37],[42.77,46.37],[42.78,46.405],[42.93,46.445],[43.335,46.17],[43.54,46.155],[43.63,46.175],[43.685,46.285],[43.75,46.36],[43.81,46.38],[43.845,46.335],[43.89,46.315],[43.96,46.32],[43.97,46.36],[43.925,46.385],[43.915,46.445],[43.93,46.535],[43.815,46.57],[43.88,46.625],[43.915,46.675],[43.91,46.715],[44.035,46.765],[44.085,46.835],[44.155,46.825],[44.25,46.89],[44.325,47.14],[44.32,47.415],[44.31,47.48],[44.235,47.48],[44.235,47.55],[44.135,47.545],[44.135,47.415],[43.965,47.4],[43.925,47.33],[43.94,47.26],[43.795,47.27],[43.785,47.355],[43.71,47.475],[43.685,47.45],[43.585,47.485],[43.4,47.47],[43.315,47.45],[43.25,47.445],[43.155,47.465],[43.145,47.53],[43.165,47.555],[43.05,47.555],[42.985,47.505],[42.925,47.52],[42.845,47.67],[42.795,47.715],[42.76,47.76],[42.72,47.875],[42.63,47.91],[42.545,47.97],[42.525,48.02],[42.445,48.025],[42.39,48.01],[42.34,48.025],[42.215,48.035],[42.145,48.025],[42.05,48.025],[42.02,48.09],[42.13,48.14],[42.09,48.235],[42.065,48.265],[42.18,48.275],[42.085,48.415],[42.215,48.465],[42.31,48.515],[42.365,48.495],[42.525,48.52],[42.61,48.545],[42.645,48.575],[42.705,48.585],[42.71,48.615],[42.66,48.7],[42.665,48.725],[42.745,48.775],[42.75,48.825],[42.68,48.875],[42.685,48.935],[42.64,48.96],[42.565,48.97],[42.49,49.01],[42.405,49.005],[42.35,49.05],[42.385,49.06],[42.385,49.105],[42.34,49.14],[42.19,49.12],[42.02,49.135],[42.1,49.195],[42.045,49.21],[42.075,49.285],[42.08,49.34],[42.025,49.35],[42.04,49.405],[42.08,49.515],[42.105,49.515],[42.13,49.595],[42.185,49.675],[42.135,49.735],[42.065,49.77],[41.985,49.835],[41.92,49.85],[41.88,49.905],[41.75,49.92],[41.72,49.945],[41.615,49.96],[41.575,49.99],[41.61,50.04],[41.495,50.08],[41.4,50.205]]]},"properties":{"shapeName":"Ростовская область","shapeISO":"RU-ROS","shapeID":"28173009B46424166303156","shapeGroup":"RUS","shapeType":"ADM1"}},{"type":"Feature","geometry":{"type":"Polygon","coordinates":[[[42.44,54.825],[42.445,54.885],[42.495,54.91],[42.445,54.97],[42.485,54.99],[42.445,55.025],[42.225,54.96],[42,54.995],[42,55.035],[41.96,55.095],[41.89,55.06],[41.795,55.1],[41.77,55.135],[41.655,55.11],[41.63,55.15],[41.575,55.145],[41.535,55.175],[41.435,55.145],[41.32,55.2],[41.295,55.235],[41.17,55.225],[41.11,55.215],[41.045,55.22],[40.995,55.255],[40.905,55.275],[40.905,55.24],[40.82,55.24],[40.725,55.21],[40.615,55.22],[40.525,55.3],[40.325,55.31],[40.33,55.35],[40.19,55.365],[40.155,55.265],[40.065,55.25],[39.955,55.205],[39.84,55.205],[39.785,55.185],[39.705,55.115],[39.865,55.11],[39.805,55.005],[39.7,55.005],[39.625,55.025],[39.605,54.99],[39.55,54.99],[39.475,54.945],[39.465,54.89],[39.4,54.865],[39.415,54.84],[39.335,54.765],[39.23,54.72],[39.245,54.645],[39.11,54.635],[38.945,54.635],[38.825,54.605],[38.835,54.57],[38.78,54.48],[38.895,54.44],[38.89,54.4],[38.715,54.35],[38.72,54.285],[38.665,54.255],[38.71,54.245],[38.72,54.21],[38.765,54.18],[38.77,54.125],[38.685,54.1],[38.71,54.06],[38.8,54.01],[38.78,53.995],[38.82,53.94],[38.89,53.92],[38.795,53.88],[38.855,53.855],[38.815,53.78],[38.85,53.76],[38.92,53.765],[38.915,53.66],[38.94,53.575],[39.01,53.565],[39.055,53.58],[39.105,53.51],[39.17,53.44],[39.19,53.395],[39.315,53.41],[39.355,53.395],[39.55,53.425],[39.55,53.525],[39.64,53.54],[39.745,53.585],[39.775,53.56],[39.835,53.57],[39.935,53.515],[39.99,53.44],[39.99,53.405],[40.145,53.38],[40.18,53.34],[40.17,53.315],[40.26,53.335],[40.275,53.375],[40.37,53.34],[40.425,53.39],[40.41,53.46],[40.465,53.485],[40.505,53.46],[40.555,53.495],[40.64,53.52],[40.7,53.555],[40.78,53.55],[40.84,53.46],[40.895,53.505],[41,53.495],[41.045,53.475],[41.04,53.43],[41.145,53.415],[41.185,53.475],[41.25,53.47],[41.28,53.51],[41.355,53.525],[41.365,53.645],[41.365,53.765],[41.455,53.78],[41.5,53.775],[41.55,53.81],[41.655,53.785],[41.685,53.81],[41.805,53.81],[41.84,53.82],[41.985,53.805],[42.145,53.805],[42.35,53.855],[42.355,53.89],[42.405,53.94],[42.445,53.94],[42.415,54.01],[42.365,54.02],[42.315,54.085],[42.415,54.105],[42.5,54.07],[42.57,54.085],[42.545,54.145],[42.58,54.165],[42.435,54.255],[42.395,54.255],[42.34,54.19],[42.35,54.165],[42.26,54.16],[42.205,54.19],[42.205,54.255],[42.3,54.225],[42.385,54.255],[42.405,54.285],[42.475,54.3],[42.53,54.37],[42.63,54.375],[42.565,54.445],[42.565,54.5],[42.615,54.53],[42.65,54.59],[42.6,54.635],[42.645,54.67],[42.59,54.705],[42.54,54.685],[42.44,54.71],[42.39,54.78],[42.44,54.825]]]},"properties":{"shapeName":"Рязанская область","shapeISO":"RU-RYA","shapeID":"28173009B69714658607289","shapeGroup":"RUS","shapeType":"ADM1"}},{"type":"Feature","geometry":{"type":"Polygon","coordinates":[[[38.685,44.95],[38.815,44.945],[38.86,44.9],[39.09,44.815],[39.145,44.835],[39.395,44.815],[39.485,44.82],[39.56,44.805],[39.57,44.83],[39.64,44.865],[39.605,44.91],[39.475,44.99],[39.495,45.045],[39.62,45.05],[39.645,45.005],[39.695,44.95],[39.765,44.99],[39.885,45.025],[39.905,45],[39.935,44.885],[39.98,44.8],[40.03,44.745],[39.99,44.715],[39.945,44.735],[39.91,44.715],[39.895,44.66],[39.93,44.59],[39.885,44.555],[39.88,44.395],[39.845,44.355],[39.87,44.34],[39.96,44.35],[39.99,44.26],[40.06,44.27],[40.08,44.235],[40.055,44.14],[39.995,44.075],[39.895,44.125],[39.865,44.185],[39.77,44.18],[39.76,44.15],[39.83,44.085],[39.78,43.96],[39.845,43.925],[39.955,43.935],[40.025,43.88],[40.115,43.87],[40.19,43.845],[40.215,43.78],[40.275,43.76],[40.32,43.78],[40.365,43.775],[40.405,43.865],[40.41,43.94],[40.475,43.96],[40.415,44.065],[40.43,44.115],[40.36,44.245],[40.485,44.315],[40.435,44.42],[40.39,44.47],[40.41,44.53],[40.35,44.55],[40.38,44.635],[40.37,44.715],[40.43,44.735],[40.43,44.76],[40.525,44.765],[40.57,44.74],[40.57,44.655],[40.645,44.635],[40.645,44.585],[40.67,44.545],[40.66,44.485],[40.775,44.465],[40.725,44.56],[40.735,44.6],[40.685,44.65],[40.57,44.865],[40.535,44.9],[40.53,44.935],[40.45,44.98],[40.39,45.035],[40.295,45.07],[40.255,45.1],[40.155,45.12],[40.025,45.095],[39.9,45.095],[39.8,45.13],[39.705,45.15],[39.69,45.195],[39.63,45.215],[39.545,45.19],[39.54,45.16],[39.47,45.13],[39.375,45.055],[39.325,45.045],[39.255,45],[39.18,44.99],[39.14,45],[39.02,44.985],[38.955,45],[38.94,45.035],[38.805,44.995],[38.755,45.04],[38.69,45.06],[38.685,44.95]]]},"properties":{"shapeName":"Республика Адыгея","shapeISO":"RU-AD","shapeID":"28173009B41832925814017","shapeGroup":"RUS","shapeType":"ADM1"}},{"type":"Feature","geometry":{"type":"MultiPolygon","coordinates":[[[[50.09,54.505],[50.11,54.495],[50.105,54.425],[50.155,54.42],[50.15,54.375],[50.19,54.36],[50.24,54.285],[50.21,54.275],[50.245,54.22],[50.2,54.17],[50.195,54.125],[50.225,54.07],[50.185,54.025],[50.115,54.02],[50.015,53.96],[49.98,53.98],[49.93,53.89],[50.035,53.88],[50.025,53.82],[49.85,53.83],[49.815,53.89],[49.735,53.87],[49.705,53.83],[49.435,53.855],[49.31,53.87],[49.3,53.83],[49.25,53.835],[49.19,53.88],[48.995,53.875],[48.995,53.705],[48.85,53.705],[48.78,53.73],[48.685,53.73],[48.67,53.705],[48.51,53.76],[48.5,53.65],[48.35,53.655],[48.345,53.595],[48.405,53.565],[48.37,53.525],[48.37,53.475],[48.27,53.465],[48.23,53.49],[48.095,53.485],[48.05,53.445],[47.935,53.365],[47.94,53.335],[48.04,53.3],[48.16,53.23],[48.11,53.205],[48.21,53.125],[48.135,53.05],[48.225,53.005],[48.25,53.065],[48.365,53.055],[48.335,53.005],[48.36,52.955],[48.525,52.95],[48.585,52.9],[48.58,52.865],[48.43,52.815],[48.375,52.77],[48.35,52.66],[48.465,52.68],[48.53,52.675],[48.575,52.625],[48.695,52.64],[48.725,52.545],[48.835,52.535],[48.88,52.41],[48.925,52.41],[48.91,52.47],[48.96,52.495],[49.04,52.48],[49.17,52.5],[49.26,52.495],[49.35,52.465],[49.31,52.4],[49.435,52.4],[49.45,52.32],[49.51,52.325],[49.52,52.37],[49.57,52.395],[49.64,52.34],[49.6,52.32],[49.66,52.28],[49.73,52.275],[49.8,52.175],[50,52.175],[50.045,52.14],[50.165,52.14],[50.225,52.13],[50.225,52.09],[50.16,52.09],[50.16,52.01],[50.22,52.035],[50.28,52.01],[50.31,52.045],[50.35,52.045],[50.35,51.98],[50.52,51.995],[50.52,51.965],[50.65,51.96],[50.7,51.935],[50.7,51.82],[50.77,51.775],[50.91,51.86],[51,51.89],[51.035,51.925],[51.125,51.925],[51.155,51.955],[51.26,52.02],[51.39,52.07],[51.46,52.225],[51.41,52.225],[51.4,52.32],[51.385,52.36],[51.46,52.365],[51.475,52.43],[51.55,52.43],[51.55,52.465],[51.49,52.51],[51.45,52.57],[51.505,52.595],[51.53,52.63],[51.525,52.675],[51.61,52.68],[51.615,52.645],[51.725,52.655],[51.765,52.8],[51.725,52.805],[51.715,52.875],[51.84,52.865],[51.885,52.95],[51.99,52.945],[52.04,52.965],[52.05,53.09],[52.16,53.09],[52.165,53.12],[52.08,53.125],[52.07,53.155],[52.135,53.165],[52.125,53.235],[52.17,53.235],[52.175,53.325],[52.21,53.38],[52.145,53.405],[52.145,53.445],[52.09,53.47],[52.095,53.545],[52.19,53.555],[52.28,53.745],[52.345,53.795],[52.38,53.89],[52.42,53.94],[52.37,53.975],[52.48,54.07],[52.38,54.08],[52.38,54.135],[52.295,54.15],[52.365,54.19],[52.375,54.255],[52.345,54.295],[52.43,54.31],[52.53,54.305],[52.57,54.34],[52.505,54.375],[52.5,54.46],[52.435,54.465],[52.385,54.445],[52.245,54.44],[52.19,54.42],[52.175,54.375],[52.095,54.33],[52.035,54.355],[52.065,54.42],[51.94,54.44],[51.94,54.515],[51.775,54.555],[51.635,54.565],[51.585,54.615],[51.52,54.65],[51.515,54.595],[51.38,54.59],[51.395,54.635],[51.355,54.655],[51.17,54.65],[51.1,54.585],[51.075,54.54],[51.01,54.55],[50.985,54.44],[50.99,54.405],[50.905,54.37],[50.825,54.365],[50.675,54.395],[50.52,54.325],[50.43,54.42],[50.39,54.48],[50.235,54.445],[50.225,54.49],[50.09,54.505]]],[[[52.225,53.35],[52.285,53.34],[52.315,53.39],[52.245,53.4],[52.225,53.35]]]]},"properties":{"shapeName":"Самарская область","shapeISO":"RU-SAM","shapeID":"28173009B25497318303482","shapeGroup":"RUS","shapeType":"ADM1"}},{"type":"Feature","geometry":{"type":"Polygon","coordinates":[[[88.6,55.425],[88.53,55.345],[88.44,55.305],[88.435,55.28],[88.495,55.23],[88.49,55.21],[88.56,55.115],[88.54,55.035],[88.61,54.96],[88.675,54.95],[88.645,54.895],[88.745,54.89],[88.755,54.79],[88.72,54.765],[88.645,54.765],[88.65,54.725],[88.595,54.685],[88.61,54.645],[88.58,54.615],[88.59,54.54],[88.57,54.48],[88.52,54.46],[88.525,54.415],[88.365,54.38],[88.395,54.355],[88.56,54.34],[88.595,54.285],[88.65,54.295],[88.66,54.33],[88.805,54.385],[88.835,54.42],[88.905,54.405],[88.955,54.35],[88.935,54.32],[89.005,54.3],[89.03,54.33],[89.16,54.34],[89.16,54.31],[89.215,54.25],[89.2,54.18],[89.125,54.12],[89.04,54.11],[89.005,54.065],[89.01,54],[89.075,53.955],[89.195,53.95],[89.21,53.92],[89.165,53.885],[89.24,53.82],[89.19,53.795],[89.05,53.795],[89.005,53.685],[88.935,53.61],[88.84,53.595],[88.875,53.5],[88.82,53.465],[88.79,53.385],[88.91,53.39],[88.945,53.315],[89.035,53.28],[89.045,53.22],[89.01,53.185],[89.075,53.155],[89.02,53.12],[89.01,53.075],[88.935,53.045],[88.92,52.99],[88.97,52.965],[89.075,52.96],[89.115,52.905],[89.22,52.855],[89.24,52.8],[89.195,52.79],[89.135,52.705],[89.055,52.705],[89.095,52.625],[89.06,52.56],[89.015,52.555],[88.985,52.495],[88.89,52.465],[88.86,52.435],[88.775,52.41],[88.7,52.365],[88.675,52.335],[88.715,52.3],[88.665,52.255],[88.585,52.215],[88.54,52.215],[88.475,52.17],[88.375,52.18],[88.365,52.115],[88.285,52.11],[88.25,52.045],[88.125,52.07],[88.055,52.035],[88.09,52],[88.03,51.965],[87.99,51.9],[87.945,51.885],[87.935,51.85],[87.89,51.815],[87.99,51.75],[88.08,51.76],[88.105,51.71],[88.005,51.64],[88,51.59],[87.96,51.575],[87.935,51.525],[87.98,51.465],[88.065,51.465],[88.13,51.415],[88.155,51.35],[88.29,51.35],[88.445,51.285],[88.575,51.32],[88.625,51.38],[88.7,51.39],[88.695,51.47],[88.66,51.53],[88.79,51.555],[89.07,51.59],[89.095,51.625],[89.165,51.635],[89.205,51.66],[89.265,51.64],[89.235,51.555],[89.375,51.605],[89.44,51.605],[89.575,51.56],[89.605,51.53],[89.71,51.56],[89.79,51.61],[89.81,51.65],[89.895,51.705],[89.925,51.755],[90.01,51.765],[90.08,51.73],[90.135,51.76],[90.08,51.82],[90.045,51.975],[90.085,52.015],[90.16,52.06],[90.145,52.15],[90.32,52.175],[90.35,52.2],[90.45,52.185],[90.485,52.195],[90.535,52.235],[90.59,52.31],[90.64,52.33],[90.69,52.37],[90.69,52.435],[90.72,52.47],[90.895,52.6],[90.96,52.6],[91.12,52.635],[91.22,52.62],[91.26,52.635],[91.265,52.71],[91.32,52.735],[91.315,52.78],[91.385,52.835],[91.465,52.915],[91.505,52.995],[91.445,53.035],[91.42,53.09],[91.475,53.155],[91.575,53.14],[91.635,53.145],[91.74,53.18],[91.81,53.245],[91.845,53.295],[91.925,53.35],[91.905,53.43],[91.76,53.49],[91.625,53.535],[91.625,53.575],[91.565,53.595],[91.57,53.71],[91.49,53.735],[91.45,53.79],[91.43,53.865],[91.48,53.945],[91.515,53.96],[91.565,54.02],[91.575,54.085],[91.485,54.17],[91.415,54.28],[91.275,54.38],[91.25,54.435],[91.26,54.505],[91.095,54.585],[90.95,54.635],[90.92,54.655],[90.915,54.72],[90.945,54.78],[90.945,54.85],[90.78,54.87],[90.78,54.91],[90.635,54.905],[90.505,54.905],[90.53,54.99],[90.5,55.06],[90.385,55.075],[90.295,55.065],[90.245,55.08],[90.25,55.11],[90.215,55.155],[90.125,55.155],[90.12,55.11],[89.985,55.12],[89.835,55.085],[89.725,55.07],[89.73,55.045],[89.665,55],[89.625,55.045],[89.54,55.07],[89.43,55.06],[89.37,55.045],[89.28,55.04],[89.265,55.105],[89.17,55.125],[89.065,55.12],[89.085,55.19],[89.01,55.235],[89.01,55.325],[88.97,55.345],[88.9,55.34],[88.87,55.395],[88.75,55.395],[88.74,55.43],[88.6,55.425]]]},"properties":{"shapeName":"Республика Хакасия","shapeISO":"RU-KK","shapeID":"28173009B55422170414647","shapeGroup":"RUS","shapeType":"ADM1"}},{"type":"Feature","geometry":{"type":"Polygon","coordinates":[[[40.17,53.315],[40.095,53.275],[40.105,53.22],[40.14,53.14],[40.155,53.045],[40.125,53.02],[40.12,52.94],[40.08,52.95],[40.035,52.895],[40.095,52.88],[40.085,52.755],[39.93,52.72],[39.96,52.67],[39.95,52.635],[39.975,52.595],[40.045,52.59],[40.065,52.56],[40.175,52.5],[40.225,52.5],[40.295,52.44],[40.295,52.39],[40.4,52.365],[40.515,52.355],[40.565,52.33],[40.57,52.28],[40.67,52.285],[40.735,52.25],[40.695,52.23],[40.61,52.115],[40.625,52.09],[40.605,52.035],[40.555,52.015],[40.535,51.945],[40.705,51.935],[40.755,51.935],[40.805,51.895],[40.845,51.92],[40.925,51.89],[40.95,51.86],[40.88,51.74],[40.97,51.745],[41.065,51.72],[41.115,51.73],[41.295,51.74],[41.28,51.79],[41.305,51.8],[41.43,51.77],[41.585,51.77],[41.635,51.735],[41.725,51.735],[41.845,51.71],[41.96,51.655],[42.07,51.655],[42.105,51.695],[42.23,51.72],[42.305,51.675],[42.27,51.665],[42.345,51.59],[42.425,51.625],[42.485,51.63],[42.52,51.595],[42.505,51.665],[42.515,51.71],[42.67,51.805],[42.715,51.885],[42.715,51.995],[42.765,52.02],[42.79,52.06],[42.76,52.1],[42.775,52.18],[42.89,52.21],[42.895,52.26],[42.94,52.335],[43.04,52.37],[43.08,52.405],[43.025,52.485],[43.06,52.56],[43.13,52.58],[43.22,52.635],[43.2,52.71],[43.105,52.805],[42.955,52.91],[42.96,52.93],[42.81,52.99],[42.755,53.02],[42.63,53.13],[42.55,53.12],[42.51,53.17],[42.56,53.195],[42.505,53.235],[42.42,53.27],[42.38,53.325],[42.25,53.37],[42.245,53.395],[42.3,53.425],[42.255,53.485],[42.155,53.495],[42.11,53.515],[42.12,53.57],[42.125,53.71],[42.08,53.75],[42.155,53.77],[42.145,53.805],[41.985,53.805],[41.84,53.82],[41.805,53.81],[41.685,53.81],[41.655,53.785],[41.55,53.81],[41.5,53.775],[41.455,53.78],[41.365,53.765],[41.365,53.645],[41.355,53.525],[41.28,53.51],[41.25,53.47],[41.185,53.475],[41.145,53.415],[41.04,53.43],[41.045,53.475],[41,53.495],[40.895,53.505],[40.84,53.46],[40.78,53.55],[40.7,53.555],[40.64,53.52],[40.555,53.495],[40.505,53.46],[40.465,53.485],[40.41,53.46],[40.425,53.39],[40.37,53.34],[40.275,53.375],[40.26,53.335],[40.17,53.315]]]},"properties":{"shapeName":"Тамбовская область","shapeISO":"RU-TAM","shapeID":"28173009B50284711669511","shapeGroup":"RUS","shapeType":"ADM1"}},{"type":"Feature","geometry":{"type":"Polygon","coordinates":[[[50.08,56.61],[50.205,56.585],[50.16,56.53],[50.04,56.485],[49.935,56.495],[49.86,56.425],[49.75,56.465],[49.815,56.5],[49.755,56.535],[49.57,56.505],[49.545,56.43],[49.455,56.425],[49.31,56.33],[49.215,56.39],[49.17,56.36],[49.05,56.345],[49.03,56.285],[48.92,56.255],[48.985,56.2],[48.95,56.14],[48.85,56.115],[48.835,56.07],[48.715,56.05],[48.685,56.025],[48.695,55.955],[48.655,55.94],[48.475,55.935],[48.415,55.915],[48.385,55.87],[48.395,55.83],[48.41,55.78],[48.265,55.755],[48.22,55.685],[48.085,55.695],[48.085,55.65],[48.01,55.63],[48.105,55.57],[48.11,55.525],[47.97,55.515],[47.915,55.43],[47.875,55.41],[47.78,55.335],[47.685,55.35],[47.7,55.285],[47.685,55.235],[47.785,55.24],[47.8,55.28],[47.865,55.285],[47.91,55.32],[48.015,55.285],[48.02,55.235],[48.065,55.23],[48.075,55.175],[48.11,55.145],[48.04,55.11],[47.9,55.09],[47.9,55.055],[47.975,55.065],[48.03,55.04],[48.01,54.985],[47.975,54.955],[47.895,54.94],[47.855,54.965],[47.775,54.96],[47.77,54.91],[47.685,54.84],[47.64,54.865],[47.56,54.845],[47.425,54.88],[47.37,54.83],[47.39,54.755],[47.285,54.715],[47.27,54.675],[47.29,54.675],[47.365,54.675],[47.355,54.625],[47.35,54.6],[47.405,54.525],[47.45,54.565],[47.54,54.53],[47.625,54.565],[47.65,54.625],[47.695,54.66],[47.72,54.735],[47.825,54.73],[47.835,54.69],[47.815,54.64],[47.91,54.65],[47.905,54.695],[48.1,54.74],[48.21,54.725],[48.28,54.665],[48.355,54.67],[48.465,54.625],[48.88,54.625],[48.88,54.795],[49.125,54.8],[49.15,54.84],[49.24,54.845],[49.325,54.87],[49.38,54.83],[49.475,54.78],[49.48,54.69],[49.55,54.67],[49.535,54.62],[49.58,54.615],[49.56,54.56],[49.62,54.555],[49.7,54.58],[49.825,54.56],[49.85,54.535],[49.94,54.535],[49.99,54.515],[50.09,54.505],[50.225,54.49],[50.235,54.445],[50.39,54.48],[50.43,54.42],[50.52,54.325],[50.675,54.395],[50.825,54.365],[50.905,54.37],[50.99,54.405],[50.985,54.44],[51.01,54.55],[51.075,54.54],[51.1,54.585],[51.17,54.65],[51.355,54.655],[51.395,54.635],[51.38,54.59],[51.515,54.595],[51.52,54.65],[51.585,54.615],[51.635,54.565],[51.775,54.555],[51.94,54.515],[51.94,54.44],[52.065,54.42],[52.035,54.355],[52.095,54.33],[52.175,54.375],[52.19,54.42],[52.245,54.44],[52.385,54.445],[52.435,54.465],[52.5,54.46],[52.505,54.375],[52.57,54.34],[52.64,54.34],[52.695,54.36],[52.935,54.31],[52.89,54.275],[52.98,54.27],[53.03,54.29],[52.995,54.32],[53.055,54.355],[53.08,54.315],[53.155,54.29],[53.1,54.235],[52.955,54.235],[52.975,54.18],[53.025,54.17],[53.09,54.125],[53.085,54.09],[53.135,54.075],[53.2,54.095],[53.285,54.085],[53.28,54.04],[53.345,54],[53.4,53.995],[53.415,54.03],[53.5,54.055],[53.465,54.09],[53.47,54.14],[53.43,54.205],[53.445,54.26],[53.43,54.335],[53.38,54.375],[53.425,54.425],[53.405,54.45],[53.435,54.57],[53.52,54.615],[53.615,54.695],[53.625,54.8],[53.6,54.82],[53.64,54.91],[53.555,54.88],[53.475,54.95],[53.475,54.98],[53.315,55.045],[53.27,55.05],[53.25,55.105],[53.17,55.105],[53.16,55.165],[53.24,55.175],[53.32,55.16],[53.36,55.2],[53.425,55.23],[53.485,55.215],[53.615,55.215],[53.6,55.265],[53.69,55.295],[53.725,55.325],[53.86,55.365],[53.9,55.43],[53.98,55.465],[53.965,55.53],[54.045,55.545],[54.165,55.62],[54.265,55.705],[54.21,55.705],[54.16,55.74],[54.065,55.78],[54.04,55.81],[53.955,55.78],[53.94,55.845],[53.865,55.885],[53.785,55.895],[53.695,55.925],[53.48,55.875],[53.35,55.855],[53.24,55.87],[53.2,55.925],[53.27,55.935],[53.32,55.98],[53.45,56.02],[53.44,56.065],[53.5,56.13],[53.57,56.125],[53.575,56.18],[53.555,56.245],[53.475,56.245],[53.445,56.27],[53.305,56.25],[53.37,56.1],[53.335,56.06],[53.19,56.11],[53.155,56.16],[53,56.195],[52.97,56.28],[53.02,56.445],[53.09,56.455],[53.1,56.5],[53.055,56.54],[52.985,56.535],[52.935,56.49],[52.97,56.46],[52.925,56.4],[52.81,56.395],[52.735,56.36],[52.645,56.295],[52.555,56.245],[52.585,56.22],[52.74,56.22],[52.84,56.19],[52.84,56.14],[52.87,56.115],[52.8,56.085],[52.745,56.125],[52.715,56.105],[52.745,56.07],[52.725,55.99],[52.56,56.035],[52.455,56.085],[52.38,56.02],[52.32,56.075],[52.205,56.02],[52.245,55.965],[52.155,55.905],[52.075,55.93],[52.01,55.975],[51.95,55.99],[51.93,55.95],[51.815,55.925],[51.675,55.94],[51.65,55.97],[51.59,55.955],[51.47,55.955],[51.41,55.965],[51.4,56.02],[51.545,56.085],[51.635,56.09],[51.645,56.12],[51.55,56.14],[51.445,56.125],[51.31,56.07],[51.22,56.085],[51.21,56.125],[51.03,56.135],[50.98,56.165],[50.985,56.2],[50.875,56.195],[50.83,56.24],[50.915,56.28],[50.825,56.345],[50.745,56.32],[50.63,56.34],[50.62,56.375],[50.55,56.41],[50.5,56.475],[50.525,56.515],[50.44,56.55],[50.49,56.61],[50.43,56.61],[50.345,56.675],[50.3,56.63],[50.24,56.63],[50.175,56.65],[50.15,56.605],[50.08,56.61]]]},"properties":{"shapeName":"Республика Татарстан","shapeISO":"RU-TA","shapeID":"28173009B46738131000378","shapeGroup":"RUS","shapeType":"ADM1"}},{"type":"Feature","geometry":{"type":"Polygon","coordinates":[[[75.13,58.665],[75.2,58.62],[75.11,58.575],[75.375,58.455],[75.255,58.415],[75.055,58.34],[75.24,58.205],[75.07,58.115],[75.305,58.025],[75.565,57.935],[75.575,57.88],[75.55,57.625],[75.705,57.625],[75.85,57.385],[75.965,57.395],[76.095,57.235],[76.1,57.24],[76.695,57.215],[76.92,57.16],[76.95,57.17],[77.785,57.175],[78.3,57.165],[78.45,57.165],[78.43,57.115],[78.725,57.07],[79.2,57],[79.59,56.925],[80.265,56.42],[81.22,56.54],[81.475,56.33],[81.575,56.24],[81.99,56.335],[82.16,56.335],[82.34,56.355],[82.395,56.38],[82.51,56.405],[82.56,56.4],[82.7,56.425],[82.765,56.405],[82.82,56.43],[82.81,56.515],[82.89,56.535],[82.985,56.515],[83.05,56.52],[83.11,56.55],[83.29,56.445],[83.26,56.41],[83.145,56.375],[83.195,56.33],[83.065,56.23],[83.12,56.21],[83.21,56.21],[83.21,56.175],[83.13,56.12],[83.22,56.085],[83.23,56.01],[83.34,55.98],[83.315,55.96],[83.375,55.92],[83.39,55.865],[83.315,55.855],[83.27,55.785],[83.21,55.73],[83.315,55.705],[83.415,55.725],[83.475,55.7],[83.585,55.67],[83.665,55.74],[83.675,55.775],[83.735,55.785],[83.805,55.895],[83.925,55.975],[83.95,56.015],[84.085,56.02],[84.21,56.06],[84.345,55.98],[84.45,56.04],[84.895,56.165],[85.005,56.11],[85.095,56.16],[85.115,56.195],[85.2,56.215],[85.32,56.22],[85.45,56.21],[85.685,56.21],[85.56,56.28],[85.695,56.335],[85.8,56.34],[85.78,56.385],[85.805,56.41],[85.985,56.435],[86,56.48],[86.055,56.48],[86.115,56.5],[86.105,56.54],[86.195,56.58],[86.205,56.625],[86.34,56.635],[86.385,56.55],[86.44,56.55],[86.53,56.575],[86.59,56.615],[86.68,56.645],[86.745,56.605],[86.82,56.615],[86.85,56.555],[87.12,56.535],[87.2,56.56],[87.205,56.585],[87.15,56.625],[87.35,56.635],[87.365,56.595],[87.595,56.665],[87.7,56.55],[88,56.655],[88.06,56.69],[88.14,56.71],[88.425,56.835],[88.525,56.77],[88.6,56.8],[88.715,57.09],[88.65,57.08],[88.515,57.09],[88.625,57.21],[88.735,57.21],[88.865,57.445],[88.945,57.44],[88.975,57.485],[89.03,57.465],[89.085,57.49],[89.13,57.615],[89.21,57.595],[89.355,57.615],[89.38,57.655],[89.345,57.71],[89.36,57.74],[89.355,57.915],[89.295,57.95],[88.86,57.955],[88.685,58.035],[88.105,58.115],[88.07,58.22],[88.015,58.215],[87.925,58.51],[88.26,58.795],[88.385,58.895],[88.44,58.915],[88.83,59.025],[88.575,59.21],[88.625,59.295],[88.5,59.285],[87.9,59.255],[87.74,59.425],[87.515,59.665],[87.175,59.685],[87.08,59.88],[86.635,59.95],[86.02,59.95],[85.5,59.885],[84.71,59.89],[84.585,59.955],[84.575,59.985],[84.635,60.03],[84.615,60.165],[84.745,60.27],[84.72,60.305],[84.79,60.35],[84.55,60.6],[84.35,60.795],[84.295,60.81],[84.265,60.865],[83.95,60.835],[83.475,61.035],[83.155,61.025],[82.375,60.705],[82.41,60.61],[82.165,60.515],[81.88,60.64],[81.585,60.64],[81.46,60.605],[81.105,60.64],[81.05,60.755],[80.985,60.775],[80.705,60.805],[80.64,60.77],[80.405,60.75],[80.2,60.675],[79.94,60.67],[79.68,60.68],[79.51,60.67],[79.425,60.64],[79.375,60.645],[79.29,60.72],[79.295,60.8],[79.22,60.825],[78.98,60.81],[78.87,60.77],[78.82,60.765],[78.645,60.815],[78.485,60.765],[78.195,60.8],[78.09,60.795],[77.97,60.74],[77.89,60.78],[77.705,60.82],[77.395,60.815],[77.31,60.84],[77.11,60.86],[77.08,60.77],[77.1,60.705],[76.965,60.65],[77.055,60.62],[77.07,60.525],[76.83,60.465],[76.765,60.395],[76.76,60.33],[76.865,60.27],[76.83,60.18],[76.715,60.115],[76.77,60.065],[76.775,59.99],[76.74,59.71],[76.67,59.685],[76.65,59.605],[76.665,59.57],[76.5,59.545],[76.415,59.545],[76.175,59.53],[75.99,59.385],[75.9,59.4],[75.84,59.28],[75.64,59.21],[75.73,59.015],[75.7,58.97],[75.635,58.91],[75.13,58.665]]]},"properties":{"shapeName":"Томская область","shapeISO":"RU-TOM","shapeID":"28173009B26811060113320","shapeGroup":"RUS","shapeType":"ADM1"}},{"type":"Feature","geometry":{"type":"Polygon","coordinates":[[[42.435,54.795],[42.445,54.8],[42.5,54.84],[42.545,54.805],[42.64,54.78],[42.72,54.82],[42.745,54.79],[42.9,54.76],[42.97,54.8],[43.045,54.77],[43.115,54.795],[43.17,54.9],[43.21,54.89],[43.22,54.805],[43.48,54.82],[43.48,54.89],[43.59,54.905],[43.62,54.855],[43.68,54.835],[43.86,54.805],[43.96,54.805],[43.92,54.74],[44.005,54.73],[44.095,54.735],[44.07,54.65],[44.17,54.635],[44.2,54.595],[44.27,54.605],[44.37,54.585],[44.405,54.535],[44.46,54.525],[44.56,54.53],[44.63,54.555],[44.69,54.49],[44.77,54.52],[44.83,54.48],[44.91,54.465],[44.97,54.49],[45.09,54.475],[45.14,54.49],[45.1,54.545],[45.01,54.555],[45.045,54.595],[45.04,54.635],[45.085,54.65],[45.02,54.705],[45.035,54.745],[45.11,54.8],[45.19,54.75],[45.22,54.785],[45.23,54.875],[45.425,54.885],[45.445,54.96],[45.42,55.025],[45.485,55.085],[45.57,55.1],[45.55,55.13],[45.595,55.165],[45.73,55.185],[45.77,55.155],[45.75,55.065],[45.7,55.01],[45.83,55.01],[45.96,54.995],[46.06,55.05],[46.03,55.095],[46.03,55.15],[46.08,55.22],[46.15,55.235],[46.23,55.29],[46.2,55.34],[46.25,55.395],[46.36,55.415],[46.39,55.46],[46.29,55.51],[46.11,55.53],[46.115,55.555],[46.045,55.63],[45.96,55.63],[45.915,55.695],[45.95,55.755],[46.07,55.785],[46.115,55.82],[46.075,55.87],[46.145,55.89],[46.145,55.915],[46.08,55.95],[46.18,56.01],[46.185,56.03],[46.095,56.035],[46.055,56.075],[46.055,56.115],[46.11,56.145],[46.065,56.175],[45.965,56.165],[45.9,56.22],[45.925,56.315],[45.97,56.32],[45.935,56.375],[45.965,56.43],[45.765,56.425],[45.75,56.455],[45.66,56.46],[45.625,56.57],[45.67,56.615],[45.885,56.625],[45.925,56.68],[45.86,56.69],[45.92,56.73],[45.94,56.86],[45.97,56.87],[46.1,56.865],[46.27,56.905],[46.315,56.945],[46.595,56.93],[46.72,56.965],[46.765,56.97],[46.755,57.035],[46.795,57.045],[46.815,57.09],[46.75,57.16],[46.84,57.175],[46.8,57.29],[46.72,57.285],[46.685,57.34],[46.76,57.365],[46.77,57.41],[46.82,57.445],[46.755,57.52],[46.84,57.505],[46.9,57.515],[47.02,57.49],[47.135,57.51],[47.265,57.56],[47.38,57.545],[47.375,57.52],[47.48,57.515],[47.515,57.63],[47.555,57.655],[47.535,57.69],[47.605,57.74],[47.58,57.81],[47.615,57.86],[47.765,57.88],[47.71,57.94],[47.46,57.98],[47.415,58.005],[47.295,58.015],[46.585,58.03],[46.54,58.04],[46.44,58.005],[46.345,58.06],[45.925,58.055],[45.845,58.05],[45.735,58.015],[45.745,57.97],[45.685,57.93],[45.625,57.925],[45.51,57.975],[45.51,58.03],[45.295,58.03],[45.22,58.055],[45.225,58.09],[45.01,58.09],[44.87,58.075],[44.815,58.015],[44.8,57.96],[44.88,57.88],[44.83,57.795],[44.76,57.755],[44.765,57.71],[44.71,57.69],[44.595,57.7],[44.5,57.655],[44.505,57.61],[44.315,57.515],[44.015,57.435],[43.93,57.435],[43.855,57.415],[43.67,57.49],[43.63,57.545],[43.55,57.555],[43.495,57.605],[43.42,57.55],[43.365,57.53],[43.305,57.485],[43.305,57.43],[43.325,57.415],[43.205,57.315],[43.185,57.255],[43.11,57.21],[43.09,57.175],[43.09,57.115],[43.15,57.03],[43.215,56.98],[43.25,56.895],[43.235,56.85],[43.15,56.87],[43.115,56.835],[42.985,56.83],[42.87,56.81],[42.83,56.775],[42.795,56.69],[42.825,56.655],[42.9,56.645],[42.925,56.57],[42.855,56.555],[42.825,56.515],[42.9,56.505],[42.895,56.47],[42.65,56.47],[42.615,56.405],[42.72,56.37],[42.775,56.33],[42.795,56.285],[42.755,56.27],[42.81,56.19],[42.945,56.19],[42.965,56.145],[42.87,56.14],[42.69,56.09],[42.715,55.985],[42.665,55.975],[42.61,55.93],[42.525,55.95],[42.505,55.88],[42.41,55.82],[42.395,55.79],[42.255,55.755],[42.205,55.72],[42.19,55.675],[42.125,55.67],[42.145,55.62],[42.09,55.62],[42.065,55.585],[42.105,55.53],[42.095,55.49],[42.165,55.445],[42.015,55.375],[42,55.325],[41.96,55.275],[41.86,55.24],[41.91,55.21],[41.82,55.165],[41.785,55.13],[41.795,55.1],[41.89,55.06],[41.96,55.095],[42,55.035],[42,54.995],[42.225,54.96],[42.445,55.025],[42.485,54.99],[42.445,54.97],[42.495,54.91],[42.445,54.885],[42.44,54.825],[42.435,54.795]]]},"properties":{"shapeName":"Нижегородская область","shapeISO":"RU-NIZ","shapeID":"28173009B18259284234443","shapeGroup":"RUS","shapeType":"ADM1"}},{"type":"Feature","geometry":{"type":"MultiPolygon","coordinates":[[[[35.2,61.875],[35.325,61.88],[35.34,61.925],[35.31,61.985],[35.365,62],[35.31,62.085],[35.25,62.065],[35.19,61.935],[35.2,61.875]]],[[[29.305,61.33],[29.365,61.28],[29.5,61.255],[29.565,61.225],[29.565,61.185],[29.86,61.17],[29.91,61.255],[29.945,61.265],[30.08,61.225],[30.06,61.275],[30.125,61.31],[30.215,61.325],[30.215,61.4],[30.25,61.42],[30.235,61.485],[30.32,61.515],[30.38,61.49],[30.47,61.48],[30.485,61.515],[30.62,61.545],[30.55,61.585],[30.695,61.675],[30.69,61.7],[30.73,61.715],[30.765,61.715],[30.77,61.745],[30.895,61.755],[30.94,61.715],[31.05,61.705],[31.095,61.605],[31.25,61.615],[31.33,61.585],[31.385,61.62],[31.49,61.545],[31.655,61.465],[31.705,61.385],[31.925,61.3],[32.205,61.23],[32.24,61.205],[32.44,61.16],[32.54,61.11],[32.595,61.065],[32.585,61],[32.63,60.985],[32.68,60.92],[32.81,60.84],[32.82,60.71],[32.915,60.68],[32.925,60.715],[33.075,60.725],[33.16,60.745],[33.185,60.815],[33.26,60.87],[33.33,60.9],[33.465,60.93],[33.42,60.985],[33.45,61.005],[33.54,61.005],[33.61,60.96],[33.785,60.935],[33.86,61.005],[33.92,61.09],[33.74,61.13],[33.59,61.065],[33.49,61.115],[33.45,61.155],[33.55,61.215],[33.67,61.235],[34.16,61.235],[34.19,61.245],[34.335,61.22],[34.41,61.16],[34.47,61.16],[34.475,61.235],[34.545,61.275],[34.655,61.275],[34.77,61.31],[34.94,61.265],[35.08,61.265],[35.17,61.24],[35.38,61.27],[35.35,61.175],[35.395,61.14],[35.525,61.18],[35.6,61.18],[35.6,61.255],[35.54,61.3],[35.485,61.37],[35.35,61.385],[35.25,61.455],[35.155,61.475],[35.065,61.525],[34.885,61.52],[34.855,61.545],[34.71,61.575],[34.595,61.645],[34.535,61.715],[34.435,61.775],[34.33,61.81],[34.43,61.835],[34.54,61.81],[34.595,61.83],[34.63,61.895],[34.52,62.015],[34.36,62.065],[34.27,62.11],[34.285,62.145],[34.35,62.145],[34.735,62.04],[34.685,62.11],[34.62,62.165],[34.715,62.165],[34.7,62.22],[34.47,62.41],[34.63,62.36],[34.665,62.315],[34.78,62.235],[34.805,62.26],[34.765,62.315],[34.675,62.38],[34.62,62.405],[34.505,62.505],[34.595,62.505],[34.705,62.445],[34.86,62.295],[34.87,62.21],[34.915,62.14],[34.985,62.115],[35.085,62.035],[35.21,62.055],[35.17,62.115],[35.04,62.19],[35.02,62.24],[35.06,62.255],[35.15,62.185],[35.38,62.155],[35.505,62.175],[35.565,62.205],[35.61,62.27],[35.54,62.37],[35.455,62.455],[35.34,62.505],[35.26,62.51],[35.195,62.54],[35.115,62.545],[35.055,62.595],[34.97,62.64],[34.815,62.61],[34.68,62.67],[34.58,62.74],[34.525,62.845],[34.465,62.84],[34.44,62.895],[34.515,62.91],[34.635,62.86],[34.685,62.81],[34.735,62.795],[34.815,62.84],[34.96,62.785],[35.115,62.75],[35.26,62.675],[35.415,62.655],[35.455,62.63],[35.57,62.62],[35.585,62.57],[35.735,62.545],[35.76,62.51],[35.825,62.48],[35.875,62.41],[35.815,62.285],[35.825,62.23],[35.76,62.14],[35.685,62.075],[35.675,62.045],[35.78,61.975],[35.84,61.97],[35.905,61.93],[35.865,61.905],[35.86,61.835],[35.945,61.825],[36.005,61.785],[36.06,61.715],[36.06,61.665],[36.2,61.575],[36.255,61.505],[36.245,61.485],[36.415,61.445],[36.46,61.405],[36.575,61.515],[36.585,61.54],[36.695,61.56],[36.875,61.54],[36.885,61.565],[37.03,61.615],[37.17,61.555],[37.29,61.55],[37.305,61.51],[37.465,61.51],[37.705,61.54],[37.815,61.53],[37.785,61.535],[37.76,61.615],[37.8,61.68],[37.885,61.72],[37.86,61.755],[37.935,61.91],[37.945,61.975],[37.835,61.985],[37.825,62.04],[37.775,62.08],[37.775,62.14],[37.7,62.215],[37.47,62.225],[37.465,62.26],[37.535,62.295],[37.6,62.36],[37.585,62.4],[37.635,62.475],[37.575,62.5],[37.55,62.625],[37.515,62.65],[37.37,62.68],[37.25,62.675],[37.18,62.655],[37.07,62.65],[36.99,62.675],[36.82,62.695],[36.53,62.795],[36.49,62.84],[36.26,63.01],[36.245,63.05],[36.315,63.115],[36.305,63.15],[36.405,63.195],[36.38,63.225],[36.245,63.21],[36.26,63.28],[36.19,63.425],[36.03,63.465],[35.895,63.575],[35.935,63.605],[36.455,63.625],[36.59,63.75],[36.56,63.795],[36.555,63.95],[36.485,63.955],[36.25,64.005],[36.26,64.055],[36.175,64.09],[36.23,64.135],[36.04,64.205],[36.015,64.185],[35.895,64.235],[35.925,64.265],[35.825,64.315],[35.765,64.32],[35.7,64.36],[35.4,64.29],[35.32,64.305],[35.27,64.355],[35.145,64.35],[35.115,64.41],[34.97,64.425],[35.025,64.495],[34.845,64.505],[34.77,64.53],[34.92,64.58],[34.965,64.61],[34.84,64.68],[34.79,64.745],[34.855,64.765],[34.945,64.825],[34.81,64.93],[34.71,64.96],[34.775,64.985],[34.785,65.08],[34.685,65.085],[34.635,65.135],[34.67,65.17],[34.605,65.205],[34.475,65.255],[34.485,65.315],[34.46,65.35],[34.375,65.38],[34.46,65.395],[34.5,65.435],[34.66,65.425],[34.67,65.47],[34.75,65.54],[34.785,65.59],[34.725,65.625],[34.695,65.705],[34.72,65.77],[34.82,65.72],[34.95,65.68],[35.02,65.75],[34.91,65.785],[34.815,65.885],[34.675,65.91],[34.665,65.95],[34.71,65.975],[34.635,66.005],[34.515,66.08],[34.385,66.11],[34.32,66.145],[34.2,66.165],[34.09,66.23],[34.025,66.22],[33.865,66.235],[33.75,66.275],[33.635,66.285],[33.64,66.35],[33.5,66.39],[33.64,66.405],[33.56,66.445],[33.305,66.475],[33.26,66.515],[33.045,66.5],[32.985,66.57],[32.855,66.585],[32.555,66.575],[32.55,66.48],[32.36,66.475],[32.345,66.345],[31.935,66.35],[31.83,66.37],[31.79,66.495],[31.62,66.5],[31.575,66.655],[31.495,66.66],[31.095,66.66],[31.085,66.665],[30.64,66.66],[29.325,66.665],[29.475,66.545],[29.63,66.365],[29.695,66.275],[29.925,66.125],[29.99,66.02],[29.995,65.98],[30.07,65.895],[30.14,65.67],[30.015,65.695],[29.72,65.635],[29.865,65.56],[29.735,65.475],[29.745,65.345],[29.6,65.26],[29.635,65.23],[29.765,65.23],[29.895,65.195],[29.82,65.145],[29.895,65.105],[29.735,65.09],[29.625,65.06],[29.6,64.995],[29.645,64.865],[29.74,64.79],[30.045,64.795],[30.04,64.74],[30.135,64.65],[30.12,64.625],[29.99,64.59],[29.985,64.535],[30.06,64.45],[30.045,64.4],[30.11,64.365],[30.21,64.35],[30.365,64.3],[30.39,64.27],[30.48,64.26],[30.51,64.22],[30.465,64.205],[30.555,64.13],[30.53,64.05],[30.445,63.985],[30.32,63.91],[30.26,63.82],[29.97,63.755],[30.075,63.695],[30.245,63.605],[30.26,63.585],[30.385,63.545],[30.485,63.465],[30.79,63.405],[30.85,63.37],[30.935,63.355],[30.98,63.31],[31.15,63.26],[31.24,63.22],[31.265,63.115],[31.465,63.025],[31.585,62.91],[31.44,62.785],[31.345,62.64],[31.22,62.5],[31.14,62.44],[30.72,62.21],[30.655,62.21],[30.6,62.14],[30.425,62.02],[30.305,61.965],[30.155,61.86],[30.075,61.82],[30.04,61.765],[29.82,61.655],[29.74,61.575],[29.59,61.495],[29.495,61.49],[29.505,61.46],[29.305,61.33]]]]},"properties":{"shapeName":"Республика Карелия","shapeISO":"RU-KR","shapeID":"28173009B96976580001980","shapeGroup":"RUS","shapeType":"ADM1"}},{"type":"Feature","geometry":{"type":"MultiPolygon","coordinates":[[[[35.86,64.99],[35.85,65.105],[35.815,65.155],[35.76,65.17],[35.585,65.15],[35.505,65.095],[35.6,65.035],[35.675,65.04],[35.77,64.97],[35.86,64.99]]],[[[42.67,66.685],[42.615,66.755],[42.475,66.775],[42.43,66.75],[42.53,66.695],[42.67,66.685]]],[[[48.42,60.835],[48.475,61.02],[48.93,61.14],[48.96,61.105],[49.125,61.17],[49.32,61.155],[49.375,61.305],[49.5,61.605],[49.04,61.65],[49.23,62.1],[49.29,62.14],[49.375,62.135],[49.47,62.365],[49.425,62.445],[49.495,62.63],[49.565,62.775],[48.74,62.85],[48.68,62.7],[48.35,62.735],[48.255,62.505],[48.3,62.475],[48.325,62.305],[48.28,62.31],[47.66,62.33],[47.645,62.175],[47.39,62.18],[47.405,62.335],[47.23,62.335],[47.245,62.64],[47.06,62.825],[47.29,62.91],[47.41,62.965],[47.53,63.05],[47.565,63.145],[47.39,63.155],[47.16,63.245],[47.05,63.255],[47.03,63.29],[46.945,63.35],[46.94,63.455],[47.01,63.52],[47.015,63.58],[46.88,63.705],[46.81,63.755],[46.5,63.865],[46.15,63.945],[45.945,63.955],[45.595,64.055],[45.4,64.175],[45.715,64.255],[45.85,64.28],[46.32,64.25],[46.63,64.315],[46.965,64.34],[47.345,64.355],[47.89,64.345],[48.16,64.345],[48.19,64.23],[48.465,64.205],[48.525,64.355],[48.885,64.325],[48.96,64.48],[49.485,64.425],[49.55,64.575],[49.905,64.55],[49.915,64.56],[50.36,64.51],[50.5,64.795],[50.235,64.83],[49.635,65.29],[49.05,65.225],[49.035,65.52],[49,66.115],[48.405,66.12],[48.085,66.13],[48.03,66.015],[47.91,66.03],[47.825,65.98],[47.75,65.905],[47.845,65.855],[47.74,65.82],[47.47,65.845],[47.145,65.82],[46.77,65.935],[46.56,65.98],[46.345,66.04],[45.85,66.085],[45.705,66.085],[45.515,66.115],[45.27,66.18],[44.99,66.225],[44.855,66.23],[44.59,66.3],[44.52,66.36],[44.25,66.435],[44.12,66.31],[44.075,66.23],[44.075,66.19],[44.145,66.11],[44.155,66.035],[44.085,65.995],[44.025,66.015],[44.055,66.075],[43.945,66.105],[43.885,66.18],[43.755,66.19],[43.465,66.135],[43.455,66.175],[43.68,66.235],[43.6,66.295],[43.405,66.325],[43.255,66.41],[43.16,66.415],[42.885,66.395],[42.61,66.395],[42.595,66.445],[42.475,66.465],[42.31,66.51],[42.185,66.505],[42.105,66.485],[41.98,66.365],[41.86,66.32],[41.765,66.24],[41.575,66.155],[41.525,66.12],[41.335,66.06],[40.99,66.005],[40.745,65.985],[40.64,65.935],[40.48,65.81],[40.27,65.745],[40.175,65.695],[39.875,65.625],[39.775,65.575],[39.715,65.49],[39.7,65.42],[39.73,65.335],[39.84,65.28],[40.01,65.17],[40.04,65.115],[40.105,65.08],[39.895,64.82],[39.62,64.655],[39.545,64.59],[39.53,64.55],[39.285,64.645],[39.14,64.655],[39.02,64.705],[38.9,64.735],[38.73,64.75],[38.545,64.775],[38.47,64.795],[38.365,64.745],[38.13,64.685],[38.005,64.725],[38.005,64.755],[38.15,64.79],[38.22,64.78],[38.315,64.8],[38.35,64.845],[38.085,64.845],[37.885,64.89],[37.695,64.97],[37.71,65],[37.655,65.035],[37.575,65.045],[37.445,65.09],[37.185,65.15],[37.015,65.17],[36.835,65.145],[36.865,65.1],[36.83,64.97],[36.695,64.94],[36.64,64.9],[36.57,64.9],[36.525,64.935],[36.445,64.925],[36.465,64.86],[36.56,64.815],[36.52,64.765],[36.55,64.735],[36.695,64.71],[36.76,64.67],[36.92,64.525],[37.09,64.425],[37.11,64.4],[37.33,64.34],[37.455,64.38],[37.555,64.38],[37.615,64.355],[37.655,64.425],[37.79,64.44],[37.79,64.365],[38.01,64.29],[37.89,64.21],[37.935,64.16],[38,64.15],[38.06,64.07],[38.06,63.99],[38.01,63.935],[37.875,63.89],[37.73,63.9],[37.645,63.885],[37.635,63.83],[37.545,63.795],[37.44,63.785],[37.25,63.815],[37.22,63.87],[37.135,63.885],[36.855,63.89],[36.65,63.915],[36.555,63.95],[36.56,63.795],[36.59,63.75],[36.455,63.625],[35.935,63.605],[35.895,63.575],[36.03,63.465],[36.19,63.425],[36.26,63.28],[36.245,63.21],[36.38,63.225],[36.405,63.195],[36.305,63.15],[36.315,63.115],[36.245,63.05],[36.26,63.01],[36.49,62.84],[36.53,62.795],[36.82,62.695],[36.99,62.675],[37.07,62.65],[37.18,62.655],[37.25,62.675],[37.37,62.68],[37.515,62.65],[37.55,62.625],[37.575,62.5],[37.635,62.475],[37.585,62.4],[37.6,62.36],[37.535,62.295],[37.465,62.26],[37.47,62.225],[37.7,62.215],[37.775,62.14],[37.775,62.08],[37.825,62.04],[37.835,61.985],[37.945,61.975],[37.935,61.91],[37.86,61.755],[37.885,61.72],[37.8,61.68],[37.76,61.615],[37.785,61.535],[37.815,61.53],[37.835,61.5],[37.805,61.45],[37.825,61.4],[37.88,61.365],[37.875,61.29],[37.955,61.265],[37.955,61.23],[38.02,61.225],[38.01,61.14],[38.125,61.16],[38.175,61.13],[38.21,61.065],[38.18,60.985],[38.22,60.93],[38.39,60.895],[38.405,60.805],[38.585,60.8],[38.62,60.715],[38.805,60.71],[38.815,60.735],[38.895,60.77],[38.97,60.76],[39.01,60.72],[39.15,60.675],[39.195,60.725],[39.335,60.69],[39.42,60.69],[39.59,60.72],[39.68,60.72],[39.745,60.74],[39.8,60.725],[39.885,60.655],[40.01,60.645],[40.05,60.675],[40.185,60.67],[40.335,60.7],[40.375,60.75],[40.455,60.775],[40.575,60.72],[40.65,60.74],[40.72,60.78],[40.785,60.715],[40.895,60.685],[41.085,60.665],[41.14,60.635],[41.26,60.655],[41.34,60.69],[41.425,60.82],[41.38,60.85],[41.51,60.895],[41.65,60.885],[41.695,60.86],[41.77,60.875],[41.825,60.915],[41.945,60.905],[41.925,60.845],[42.11,60.835],[42.175,60.785],[42.225,60.79],[42.375,60.77],[42.46,60.785],[42.57,60.775],[42.565,60.82],[42.66,60.89],[42.92,60.815],[42.995,60.73],[43.08,60.745],[43.135,60.81],[43.25,60.79],[43.525,60.765],[43.545,60.86],[43.735,60.88],[43.785,61.035],[43.94,61.045],[43.98,61.055],[44.18,61.06],[44.16,60.965],[44.925,60.91],[45.25,60.895],[45.34,61.195],[45.81,61.16],[45.76,61.01],[46.3,60.97],[46.315,60.995],[46.55,61.025],[46.545,60.98],[46.825,60.965],[46.795,60.925],[46.82,60.88],[46.9,60.88],[46.925,60.855],[47.07,60.845],[47.11,60.94],[47.195,60.995],[47.195,61.065],[47.465,61.045],[47.605,61.06],[47.655,61.035],[47.895,61.015],[47.955,60.99],[47.965,60.88],[48.42,60.835]]],[[[52.595,71.385],[52.55,71.36],[52.26,71.325],[52.25,71.26],[52.375,71.22],[52.58,71.235],[52.7,71.2],[52.725,71.145],[52.795,71.13],[52.83,71.08],[52.975,71.03],[53.175,71.08],[53.155,71.11],[53.23,71.14],[53.19,71.225],[53.1,71.215],[52.895,71.3],[52.9,71.365],[52.82,71.385],[52.64,71.37],[52.595,71.385]]],[[[52.645,80.27],[52.215,80.255],[52.405,80.185],[52.685,80.175],[52.985,80.15],[53.26,80.16],[53.475,80.135],[53.52,80.2],[53.935,80.23],[53.525,80.3],[53.315,80.325],[53.405,80.37],[53.005,80.39],[52.755,80.345],[52.925,80.295],[52.645,80.27]]],[[[55.22,80.28],[55.015,80.255],[55.125,80.215],[55.285,80.225],[55.54,80.28],[55.525,80.315],[55.28,80.32],[55.22,80.28]]],[[[50.625,81.065],[51.005,81.125],[50.965,81.155],[50.715,81.18],[50.38,81.15],[50.425,81.095],[50.625,81.065]]],[[[59.065,81.73],[59.265,81.75],[59.3,81.83],[59.2,81.85],[58.79,81.855],[58.425,81.825],[58.205,81.83],[57.895,81.805],[58.095,81.78],[57.94,81.735],[58.12,81.69],[58.5,81.73],[59.065,81.73]]],[[[62.225,81.66],[62.58,81.645],[62.66,81.605],[63,81.58],[63.34,81.575],[63.65,81.6],[63.765,81.64],[63.535,81.695],[63.29,81.71],[62.76,81.685],[62.425,81.695],[62.225,81.66]]],[[[59.06,81.42],[58.78,81.41],[58.5,81.345],[58.685,81.31],[59.015,81.3],[59.32,81.33],[59.06,81.42]]],[[[57.135,81.435],[57.57,81.42],[57.875,81.375],[58.235,81.38],[58.505,81.4],[58.54,81.435],[58.36,81.47],[57.89,81.495],[57.69,81.56],[57.485,81.555],[57.325,81.525],[57.03,81.51],[56.82,81.46],[57.135,81.435]]],[[[62.87,80.87],[62.735,80.855],[62.515,80.78],[62.755,80.745],[63.12,80.64],[63.73,80.69],[64.38,80.71],[64.93,80.78],[65.225,80.855],[65.355,80.925],[65.275,80.97],[65.365,81.015],[65.19,81.135],[64.98,81.17],[64.52,81.195],[64.18,81.14],[64.12,81.075],[64.175,81.02],[64.07,80.965],[63.77,80.955],[63.395,80.965],[63.145,80.94],[62.87,80.87]]],[[[57.505,81.205],[57.355,81.2],[57.02,81.14],[57.315,81.1],[57.745,81.105],[57.835,81.165],[58.045,81.195],[57.865,81.225],[57.505,81.205]]],[[[56.25,81.225],[56.545,81.16],[56.8,81.21],[57.165,81.26],[57.895,81.295],[57.705,81.315],[57.465,81.305],[57.37,81.34],[56.935,81.39],[56.655,81.405],[56.355,81.4],[56.495,81.345],[56.395,81.305],[56.22,81.29],[55.945,81.31],[55.49,81.305],[55.455,81.26],[55.645,81.255],[55.54,81.21],[55.76,81.19],[56.125,81.205],[56.25,81.225]]],[[[58.035,80.63],[57.765,80.615],[57.42,80.61],[57.305,80.565],[57.59,80.53],[57.905,80.535],[58.045,80.595],[58.035,80.63]]],[[[53.17,80.645],[53.085,80.615],[53.3,80.59],[53.2,80.54],[53.315,80.485],[53.545,80.51],[53.415,80.545],[53.385,80.62],[53.17,80.645]]],[[[61.875,80.865],[61.72,80.865],[61.315,80.82],[60.65,80.795],[60.445,80.775],[60.285,80.82],[60.01,80.825],[59.7,80.8],[59.61,80.77],[59.44,80.66],[59.385,80.56],[59.465,80.52],[59.39,80.47],[59.75,80.395],[59.97,80.405],[60.37,80.455],[60.66,80.39],[61.075,80.365],[61.285,80.395],[61.535,80.465],[61.445,80.495],[61.495,80.53],[62.015,80.58],[61.965,80.615],[62.165,80.67],[62.17,80.765],[62.035,80.86],[61.875,80.865]]],[[[53.91,80.6],[53.84,80.56],[54.015,80.52],[53.905,80.495],[53.93,80.455],[54.155,80.445],[54.45,80.465],[54.38,80.53],[54.095,80.54],[54.285,80.58],[53.91,80.6]]],[[[45,80.615],[45.16,80.565],[45.425,80.555],[45.595,80.51],[45.785,80.55],[46.12,80.55],[46.055,80.485],[46.31,80.47],[46.52,80.53],[46.86,80.53],[46.92,80.57],[47.105,80.61],[47.43,80.595],[47.28,80.65],[47.285,80.69],[47.56,80.685],[47.445,80.735],[47.545,80.76],[47.82,80.775],[48.02,80.725],[48.115,80.66],[48.35,80.66],[48.47,80.63],[48.73,80.625],[48.755,80.66],[48.445,80.73],[48.605,80.75],[48.51,80.795],[48.255,80.815],[47.87,80.805],[47.465,80.855],[46.96,80.75],[46.34,80.69],[46.2,80.66],[45.8,80.64],[45.595,80.64],[45.235,80.615],[45,80.615]]],[[[56.25,80.635],[56.47,80.6],[56.91,80.63],[56.98,80.67],[56.87,80.72],[56.49,80.76],[55.9,80.74],[55.72,80.71],[55.75,80.675],[55.59,80.625],[56.07,80.605],[56.25,80.635]]],[[[58.42,80.865],[58.155,80.85],[57.945,80.76],[58.545,80.73],[58.73,80.765],[58.94,80.775],[58.995,80.82],[58.79,80.88],[58.42,80.865]]],[[[54.5,80.85],[54.305,80.865],[54.03,80.825],[54.215,80.79],[54.735,80.79],[54.675,80.75],[54.925,80.715],[55.055,80.74],[55.245,80.735],[55.945,80.77],[55.145,80.875],[54.67,80.87],[54.5,80.85]]],[[[56.25,80.82],[56.35,80.8],[56.765,80.785],[56.76,80.75],[56.975,80.725],[56.995,80.685],[57.185,80.675],[57.55,80.705],[57.745,80.76],[57.635,80.805],[57.415,80.84],[56.935,80.845],[56.625,80.96],[56.095,81.015],[55.815,81.015],[55.47,81],[55.045,81.075],[54.635,81.07],[54.42,81.025],[54.61,80.98],[54.875,80.995],[54.945,80.94],[55.415,80.92],[55.745,80.85],[56.07,80.805],[56.25,80.82]]],[[[60.82,81.085],[60.3,81.03],[60,80.97],[60.335,80.925],[60.83,80.9],[61.055,80.905],[61.55,81.02],[61.51,81.065],[61.645,81.1],[61.435,81.115],[61.085,81.115],[60.82,81.085]]],[[[56.25,81.07],[56.695,81.035],[56.97,80.995],[57.01,80.94],[57.2,80.94],[57.375,80.89],[57.28,80.875],[57.655,80.82],[57.905,80.83],[58.09,80.885],[58.32,80.91],[58.16,80.935],[57.95,80.935],[57.585,81.025],[56.9,81.055],[56.755,81.085],[56.25,81.07]]],[[[58.16,80.975],[58.295,80.94],[58.54,80.935],[58.68,80.98],[58.67,81.025],[58.39,81.07],[58.145,81.09],[58.06,81.01],[58.16,80.975]]],[[[59.06,80.055],[58.795,80.01],[59.21,79.945],[59.265,79.92],[59.65,79.94],[59.755,79.96],[59.88,80.04],[59.655,80.085],[59.465,80.09],[59.06,80.055]]],[[[50.625,79.93],[51.325,79.915],[51.445,79.93],[51.145,79.97],[51.2,80.02],[51.135,80.075],[50.68,80.04],[50.585,79.975],[50.31,79.955],[50.4,79.93],[50.625,79.93]]],[[[49.955,80.215],[49.6,80.175],[49.53,80.15],[49.865,80.09],[49.93,80.045],[50.125,80.05],[50.065,80.115],[50.35,80.16],[50.255,80.215],[49.955,80.215]]],[[[56.25,80.065],[56.69,80.06],[57.03,80.075],[57.09,80.105],[57.045,80.18],[57.085,80.27],[57.2,80.31],[56.95,80.35],[56.495,80.325],[56.045,80.32],[55.925,80.305],[56.06,80.26],[56.055,80.23],[56.18,80.185],[55.85,80.11],[55.83,80.09],[56.25,80.065]]],[[[59.065,80.38],[58.78,80.435],[58.285,80.465],[57.895,80.475],[57.575,80.46],[57.375,80.465],[56.995,80.445],[57.235,80.39],[57.275,80.2],[57.335,80.16],[57.805,80.1],[58.05,80.09],[57.995,80.175],[58.42,80.145],[58.445,80.21],[58.04,80.235],[58.18,80.275],[58.665,80.33],[58.915,80.31],[59.295,80.32],[59.065,80.38]]],[[[50.53,80.74],[50.42,80.77],[50.69,80.84],[51,80.86],[50.865,80.95],[50.57,80.895],[50.075,80.87],[50.005,80.895],[50.225,80.915],[50.21,80.945],[49.785,80.91],[49.62,80.845],[49.135,80.795],[49.22,80.74],[49.195,80.7],[49.52,80.72],[49.68,80.66],[49.285,80.625],[49.16,80.515],[48.895,80.53],[48.765,80.485],[48.565,80.53],[48.38,80.55],[48.18,80.53],[47.955,80.53],[47.56,80.45],[47.895,80.465],[48.21,80.455],[48.155,80.41],[47.7,80.405],[47.695,80.36],[47.915,80.325],[47.64,80.295],[47.325,80.345],[47.23,80.38],[46.8,80.325],[46.725,80.29],[47.06,80.225],[46.93,80.195],[47.15,80.155],[47.42,80.24],[47.76,80.23],[48.12,80.245],[47.96,80.19],[48.19,80.18],[47.83,80.14],[47.675,80.085],[47.69,80.055],[48.025,80.07],[47.99,80.115],[48.485,80.14],[48.395,80.17],[48.585,80.195],[48.75,80.145],[48.915,80.17],[48.835,80.215],[48.955,80.265],[48.84,80.28],[48.535,80.275],[48.445,80.32],[48.805,80.33],[48.88,80.38],[49.345,80.35],[49.735,80.37],[49.76,80.44],[49.64,80.47],[49.995,80.495],[50.135,80.52],[50.52,80.535],[50.885,80.54],[51.015,80.555],[51.155,80.625],[51.35,80.63],[51.8,80.715],[51.495,80.755],[51.295,80.795],[50.67,80.77],[50.53,80.74]]],[[[52.03,71.465],[52.255,71.49],[52.195,71.53],[52.31,71.57],[52.4,71.54],[52.505,71.535],[52.54,71.6],[52.72,71.525],[52.74,71.465],[52.935,71.45],[53.055,71.465],[53.17,71.46],[53.315,71.53],[53.465,71.535],[53.3,71.445],[53.365,71.34],[53.345,71.325],[53.55,71.195],[53.67,71.195],[53.84,71.135],[53.95,71.155],[54.135,71.095],[53.915,71.065],[53.745,71.075],[53.555,71.035],[53.68,70.995],[53.78,70.93],[53.685,70.88],[53.575,70.88],[53.53,70.855],[53.405,70.855],[53.495,70.8],[53.55,70.82],[53.665,70.815],[53.76,70.78],[53.955,70.77],[54.005,70.73],[54.115,70.72],[54.285,70.74],[54.465,70.705],[54.495,70.765],[54.575,70.77],[54.695,70.745],[54.71,70.695],[54.83,70.645],[54.995,70.605],[55.15,70.55],[55.31,70.605],[55.225,70.66],[55.375,70.72],[55.515,70.685],[55.64,70.715],[55.83,70.64],[55.905,70.66],[55.995,70.63],[56.185,70.635],[56.185,70.68],[56.265,70.72],[56.45,70.705],[56.515,70.65],[56.615,70.66],[56.74,70.615],[56.905,70.58],[57.09,70.565],[57.275,70.565],[57.14,70.61],[57.015,70.605],[56.84,70.625],[57,70.66],[57.365,70.595],[57.45,70.61],[57.515,70.695],[57.595,70.72],[57.42,70.8],[57.305,70.8],[57.18,70.835],[57.06,70.85],[56.9,70.925],[56.605,71.025],[56.57,71.055],[56.375,71.135],[56.215,71.185],[56.045,71.295],[56.03,71.35],[55.865,71.45],[55.83,71.51],[55.74,71.555],[55.655,71.625],[55.635,71.685],[55.585,71.7],[55.555,71.845],[55.465,71.91],[55.38,71.915],[55.385,72.005],[55.45,72.065],[55.405,72.095],[55.575,72.175],[55.47,72.265],[55.375,72.3],[55.47,72.335],[55.5,72.38],[55.4,72.445],[55.545,72.455],[55.565,72.51],[55.66,72.595],[55.675,72.655],[55.92,72.65],[55.85,72.73],[55.67,72.74],[55.685,72.765],[55.94,72.785],[56.105,72.78],[56.215,72.835],[56.215,72.905],[56.265,72.945],[56.1,72.95],[56.02,72.925],[55.895,72.925],[55.77,72.945],[56.16,72.99],[56.315,72.985],[56.43,73.02],[56.28,73.05],[56.265,73.08],[56.55,73.11],[56.56,73.16],[56.41,73.22],[55.96,73.25],[55.805,73.32],[55.465,73.31],[55.26,73.345],[55.245,73.375],[54.915,73.425],[54.725,73.375],[54.605,73.375],[54.475,73.34],[54.27,73.265],[54.055,73.265],[53.9,73.295],[53.77,73.28],[53.58,73.225],[53.465,73.235],[53.28,73.17],[53.19,73.125],[53.215,73.06],[53.335,73.01],[53.14,72.995],[53.1,72.945],[53.325,72.865],[52.995,72.905],[52.79,72.88],[52.6,72.845],[52.43,72.73],[52.55,72.66],[52.73,72.66],[52.76,72.535],[52.975,72.585],[52.905,72.505],[52.815,72.485],[52.815,72.45],[52.73,72.42],[52.745,72.335],[52.71,72.295],[52.495,72.2],[52.565,72.13],[52.425,72.135],[52.415,72.085],[52.31,72.07],[51.95,72.09],[51.805,72.125],[51.565,72.06],[51.505,71.935],[51.435,71.84],[51.45,71.77],[51.51,71.685],[51.6,71.59],[51.62,71.535],[51.77,71.515],[51.89,71.465],[52.03,71.465]]],[[[56.25,74.47],[56.03,74.435],[55.63,74.43],[55.52,74.405],[55.38,74.405],[55.345,74.34],[55.475,74.34],[55.655,74.315],[55.755,74.275],[55.44,74.27],[55.11,74.25],[55.435,74.205],[55.615,74.175],[55.61,74.14],[55.805,74.12],[55.655,74.09],[55.55,74.12],[55.385,74.12],[55.18,74.16],[54.95,74.135],[54.595,74.015],[54.675,73.95],[54.4,73.925],[54.26,73.9],[54.075,73.83],[54.035,73.785],[53.845,73.76],[53.7,73.775],[53.685,73.73],[53.915,73.675],[54.01,73.62],[54.225,73.605],[54.345,73.615],[54.52,73.685],[55.11,73.69],[54.905,73.645],[54.72,73.635],[54.645,73.61],[54.39,73.555],[54.25,73.485],[54.39,73.445],[54.235,73.385],[54.075,73.36],[54.285,73.315],[54.545,73.39],[54.65,73.385],[54.725,73.415],[54.92,73.44],[55.255,73.395],[55.31,73.35],[55.455,73.325],[55.775,73.335],[55.99,73.31],[56.125,73.26],[56.35,73.27],[56.73,73.235],[56.715,73.255],[56.815,73.335],[56.905,73.305],[57.1,73.38],[57.15,73.43],[57.24,73.445],[57.225,73.49],[57.125,73.53],[56.99,73.545],[57.005,73.585],[57.235,73.55],[57.585,73.595],[57.62,73.63],[57.51,73.7],[57.475,73.755],[57.305,73.81],[56.955,73.83],[57.06,73.85],[57.395,73.835],[57.53,73.81],[57.655,73.715],[57.885,73.77],[57.83,73.83],[57.865,73.905],[57.78,73.955],[57.575,74.035],[57.5,74.13],[57.65,74.12],[57.71,74.045],[57.87,74.01],[58.155,73.975],[58.25,74],[58.145,74.11],[58.355,74.16],[58.505,74.155],[58.64,74.2],[58.695,74.32],[58.565,74.41],[58.59,74.45],[58.495,74.495],[58.705,74.49],[58.93,74.43],[59.13,74.425],[59.065,74.465],[59.215,74.645],[59.285,74.68],[59.455,74.61],[59.585,74.575],[59.715,74.565],[59.85,74.6],[59.835,74.665],[59.735,74.7],[60.095,74.715],[60.245,74.735],[60.305,74.78],[60.205,74.795],[60.215,74.845],[60.525,74.845],[60.63,74.91],[60.56,74.945],[60.45,74.935],[60.14,74.945],[59.95,74.98],[60.265,74.98],[60.59,75.035],[60.75,75.015],[60.81,75.07],[60.83,75.145],[61.09,75.17],[61.255,75.265],[61.415,75.28],[61.385,75.21],[61.465,75.205],[61.605,75.255],[61.675,75.325],[61.95,75.385],[61.935,75.435],[62.35,75.44],[62.51,75.475],[62.76,75.505],[63.005,75.56],[63.18,75.56],[63.525,75.61],[63.53,75.63],[63.715,75.67],[63.815,75.65],[64.005,75.66],[64.185,75.72],[64.62,75.74],[64.875,75.79],[65.195,75.82],[65.51,75.875],[65.57,75.9],[65.85,75.92],[65.965,75.975],[66.375,75.985],[66.48,76.01],[66.825,76.045],[67.27,76.1],[67.335,76.125],[67.585,76.165],[68.035,76.245],[68.455,76.36],[68.435,76.39],[68.615,76.405],[68.71,76.48],[68.91,76.53],[68.805,76.565],[68.855,76.64],[69.03,76.685],[68.95,76.75],[68.755,76.835],[68.79,76.865],[68.445,76.955],[68.155,76.965],[68.125,76.99],[67.775,77],[67.37,76.965],[67.28,76.925],[67.05,76.94],[67.005,76.89],[66.725,76.875],[66.76,76.83],[66.455,76.815],[66.3,76.75],[66.39,76.71],[66.28,76.695],[66.04,76.74],[65.82,76.645],[65.99,76.61],[65.995,76.495],[65.575,76.555],[65.45,76.54],[65.39,76.49],[65.13,76.47],[64.97,76.475],[64.705,76.39],[64.54,76.38],[64.5,76.335],[64.285,76.33],[64.28,76.29],[64.07,76.275],[63.975,76.325],[63.74,76.33],[63.565,76.295],[63.575,76.27],[63.365,76.245],[63.04,76.19],[62.89,76.195],[62.785,76.225],[62.52,76.16],[62.37,76.185],[62.42,76.245],[62.2,76.245],[61.865,76.26],[61.675,76.3],[61.055,76.255],[60.905,76.15],[61.15,76.135],[61.09,76.04],[60.91,76.025],[60.82,76],[60.555,75.985],[60.475,76.005],[60.785,76.1],[60.515,76.115],[60.11,76.055],[60.055,76.02],[60.365,75.99],[60.27,75.955],[60.06,75.965],[60.045,75.93],[59.86,75.925],[59.73,75.895],[59.525,75.92],[59.365,75.88],[59.25,75.87],[59.14,75.835],[58.885,75.85],[58.755,75.785],[58.82,75.77],[58.78,75.72],[58.665,75.72],[58.395,75.695],[58.3,75.665],[58.095,75.66],[57.985,75.63],[58.11,75.61],[58.305,75.625],[58.355,75.595],[58.18,75.56],[57.99,75.56],[57.605,75.505],[57.595,75.445],[57.73,75.42],[57.715,75.35],[57.895,75.35],[57.875,75.31],[57.515,75.315],[57.38,75.345],[57.04,75.38],[56.89,75.355],[56.715,75.305],[56.72,75.275],[57,75.235],[56.815,75.195],[56.615,75.135],[56.47,75.065],[56.26,75.16],[56.095,75.15],[55.945,75.175],[55.79,75.11],[55.82,75.065],[55.935,75.045],[55.845,74.965],[55.99,74.955],[56.07,74.99],[56.265,75],[56.365,74.985],[56.31,74.945],[56.34,74.885],[56.125,74.855],[55.825,74.785],[55.935,74.755],[56.25,74.765],[56.46,74.745],[56.59,74.685],[56.45,74.685],[56.08,74.655],[55.925,74.63],[55.8,74.665],[55.6,74.61],[55.605,74.54],[55.81,74.515],[56.02,74.515],[56.095,74.47],[56.25,74.47]]]]},"properties":{"shapeName":"Архангельская область","shapeISO":"RU-ARK","shapeID":"28173009B62882423633207","shapeGroup":"RUS","shapeType":"ADM1"}},{"type":"Feature","geometry":{"type":"MultiPolygon","coordinates":[[[[47.525,45.515],[47.55,45.6],[47.54,45.62],[47.5,45.62],[47.5,45.57],[47.525,45.515]]],[[[46.445,45.455],[46.625,45.44],[46.64,45.48],[46.79,45.475],[46.855,45.45],[46.885,45.525],[46.77,45.53],[46.77,45.55],[46.66,45.545],[46.645,45.505],[46.455,45.485],[46.445,45.455]]],[[[44.96,48.27],[45.17,48.22],[45.145,48.19],[45.24,48.165],[45.265,48.105],[45.38,48.1],[45.55,47.995],[45.7,48.03],[45.755,48],[45.715,47.93],[45.74,47.83],[45.785,47.815],[45.84,47.72],[45.9,47.715],[45.92,47.645],[46.01,47.565],[46.095,47.51],[46.265,47.42],[46.4,47.415],[46.545,47.515],[46.685,47.6],[46.76,47.61],[46.875,47.55],[46.785,47.525],[46.67,47.48],[46.535,47.405],[46.74,47.075],[46.78,47.055],[46.815,46.99],[46.96,46.975],[46.98,46.875],[46.965,46.83],[46.955,46.715],[46.865,46.62],[46.95,46.525],[46.965,46.445],[46.865,46.455],[46.665,46.44],[46.56,46.355],[46.505,46.375],[46.4,46.32],[46.5,46.28],[46.45,46.18],[46.455,45.965],[46.31,45.965],[46.295,45.915],[46.41,45.815],[46.55,45.8],[46.535,45.76],[46.48,45.7],[46.695,45.65],[46.695,45.615],[46.75,45.615],[46.77,45.575],[46.815,45.565],[46.95,45.595],[46.97,45.62],[47.155,45.61],[47.21,45.62],[47.285,45.645],[47.295,45.675],[47.395,45.665],[47.49,45.645],[47.52,45.66],[47.555,45.65],[47.595,45.605],[47.635,45.59],[47.7,45.615],[47.72,45.51],[47.77,45.52],[47.73,45.61],[47.81,45.58],[47.855,45.48],[47.905,45.49],[47.91,45.555],[47.895,45.61],[47.835,45.645],[47.895,45.7],[47.955,45.685],[47.92,45.63],[47.93,45.535],[47.98,45.455],[47.94,45.385],[47.985,45.36],[48.01,45.43],[48.02,45.515],[48,45.545],[48.04,45.605],[48.125,45.57],[48.11,45.435],[48.16,45.405],[48.2,45.425],[48.14,45.505],[48.15,45.58],[48.11,45.605],[48.145,45.66],[48.23,45.68],[48.285,45.73],[48.35,45.63],[48.395,45.595],[48.465,45.685],[48.575,45.67],[48.57,45.625],[48.68,45.605],[48.73,45.615],[48.755,45.7],[48.73,45.725],[48.77,45.79],[48.77,45.845],[48.865,45.91],[48.935,45.92],[48.93,45.98],[49.02,45.965],[49.015,46.09],[49.065,46.12],[49.1,46.06],[49.15,46.02],[49.215,45.99],[49.255,46.02],[49.24,46.09],[49.305,46.08],[49.25,46.155],[49.33,46.145],[49.335,46.2],[49.275,46.235],[49.315,46.275],[49.265,46.295],[49.19,46.37],[49.16,46.385],[49.045,46.395],[48.985,46.435],[48.91,46.45],[48.88,46.48],[48.82,46.485],[48.79,46.54],[48.7,46.565],[48.545,46.56],[48.58,46.595],[48.56,46.64],[48.48,46.67],[48.62,46.705],[48.655,46.725],[48.715,46.72],[48.75,46.685],[48.92,46.695],[48.995,46.745],[48.915,46.88],[48.71,47.095],[48.52,47.41],[48.455,47.41],[48.325,47.55],[48.215,47.69],[48.115,47.745],[48.03,47.765],[47.965,47.75],[47.655,47.76],[47.415,47.84],[47.41,47.765],[47.385,47.68],[47.195,47.76],[47.12,47.83],[47.18,47.855],[47.1,47.925],[47.05,48],[47.2,48.055],[47.21,48.08],[47.09,48.105],[47.125,48.16],[47.105,48.21],[47.125,48.27],[46.89,48.325],[46.745,48.355],[46.675,48.39],[46.645,48.385],[46.49,48.435],[46.62,48.67],[46.435,48.76],[46.31,48.82],[46.325,48.835],[46.04,48.865],[45.945,48.845],[45.93,48.785],[45.86,48.72],[45.74,48.65],[45.685,48.645],[45.605,48.605],[45.4,48.57],[45.36,48.55],[45.3,48.565],[45.2,48.535],[45.385,48.475],[45.305,48.45],[45.215,48.515],[45.19,48.47],[45.13,48.475],[45.055,48.425],[45.015,48.425],[45.025,48.36],[44.99,48.36],[44.985,48.295],[44.96,48.27]],[[47.005,46.075],[47.035,46.1],[47.13,46.115],[47.115,46.055],[47.01,46.055],[47.005,46.075]]]]},"properties":{"shapeName":"Астраханская область","shapeISO":"RU-AST","shapeID":"28173009B68474107072963","shapeGroup":"RUS","shapeType":"ADM1"}},{"type":"Feature","geometry":{"type":"Polygon","coordinates":[[[35.35,50.975],[35.335,50.935],[35.395,50.925],[35.385,50.87],[35.42,50.845],[35.41,50.81],[35.49,50.775],[35.46,50.69],[35.485,50.67],[35.39,50.64],[35.425,50.605],[35.435,50.53],[35.475,50.49],[35.585,50.45],[35.585,50.395],[35.63,50.355],[35.74,50.355],[35.83,50.435],[35.94,50.435],[36.04,50.45],[36.16,50.43],[36.285,50.335],[36.295,50.29],[36.365,50.29],[36.405,50.31],[36.475,50.315],[36.575,50.275],[36.56,50.25],[36.65,50.22],[36.695,50.27],[36.94,50.35],[37.1,50.35],[37.18,50.365],[37.29,50.4],[37.335,50.435],[37.465,50.43],[37.485,50.355],[37.625,50.295],[37.615,50.22],[37.64,50.18],[37.755,50.08],[37.795,50.085],[37.925,50.035],[37.965,49.98],[38.005,49.965],[38.055,49.925],[38.17,49.94],[38.22,49.98],[38.185,50.025],[38.18,50.08],[38.275,50.075],[38.33,50.085],[38.35,50.005],[38.415,49.98],[38.47,49.995],[38.49,49.965],[38.585,49.975],[38.725,49.925],[38.745,49.895],[38.85,49.865],[38.9,49.87],[38.91,49.82],[38.95,49.795],[39.03,49.825],[39.065,49.815],[39.18,49.89],[39.21,49.925],[39.205,49.97],[39.255,49.985],[39.28,50.035],[39.22,50.045],[39.16,50.14],[39.12,50.27],[39.045,50.275],[39.045,50.315],[39.1,50.34],[39.035,50.38],[39.015,50.455],[39.08,50.53],[39.085,50.605],[39.12,50.625],[38.855,50.715],[38.78,50.72],[38.8,50.76],[38.705,50.8],[38.735,50.84],[38.74,50.905],[38.79,50.915],[38.84,50.895],[38.875,50.93],[38.805,50.985],[38.865,51.005],[38.855,51.035],[38.74,51.07],[38.69,51.045],[38.7,51.02],[38.59,51.01],[38.55,51.025],[38.485,51.075],[38.39,51.075],[38.41,51.165],[38.485,51.16],[38.525,51.185],[38.475,51.21],[38.435,51.285],[38.335,51.255],[38.29,51.295],[38.225,51.3],[38.205,51.34],[38.16,51.335],[38.01,51.41],[37.95,51.425],[37.845,51.43],[37.705,51.355],[37.585,51.37],[37.555,51.39],[37.47,51.37],[37.41,51.38],[37.325,51.36],[37.31,51.335],[37.16,51.32],[37.08,51.25],[37.035,51.235],[36.985,51.185],[36.79,51.16],[36.665,51.085],[36.545,51.12],[36.51,51.115],[36.485,51.065],[36.405,51.12],[36.355,51.09],[36.185,51.125],[36.14,51.11],[36.07,51.15],[36.01,51.16],[35.94,51.13],[35.935,51.1],[35.995,51.07],[35.91,51.02],[35.865,50.96],[35.79,50.945],[35.735,50.975],[35.68,50.91],[35.65,50.93],[35.57,50.9],[35.455,50.955],[35.35,50.975]]]},"properties":{"shapeName":"Белгородская область","shapeISO":"RU-BEL","shapeID":"28173009B21416061393121","shapeGroup":"RUS","shapeType":"ADM1"}},{"type":"Feature","geometry":{"type":"Polygon","coordinates":[[[32.765,53.425],[32.725,53.375],[32.735,53.335],[32.625,53.33],[32.575,53.3],[32.525,53.305],[32.495,53.255],[32.415,53.185],[32.34,53.17],[32.3,53.13],[32.255,53.13],[32.095,53.075],[32.02,53.09],[31.935,53.085],[31.885,53.115],[31.83,53.11],[31.785,53.18],[31.645,53.22],[31.545,53.19],[31.5,53.205],[31.42,53.19],[31.37,53.145],[31.39,53.095],[31.335,53.09],[31.33,53.04],[31.275,53.015],[31.355,52.985],[31.37,52.935],[31.44,52.88],[31.585,52.795],[31.6,52.745],[31.56,52.705],[31.505,52.7],[31.57,52.635],[31.565,52.595],[31.65,52.545],[31.595,52.53],[31.625,52.495],[31.6,52.425],[31.63,52.39],[31.61,52.325],[31.625,52.29],[31.685,52.28],[31.71,52.215],[31.78,52.185],[31.79,52.11],[31.865,52.11],[31.96,52.075],[31.96,52.05],[32.095,52.035],[32.225,52.085],[32.29,52.105],[32.345,52.195],[32.325,52.225],[32.395,52.245],[32.355,52.325],[32.55,52.325],[32.685,52.265],[32.765,52.255],[32.835,52.28],[32.995,52.27],[33.08,52.31],[33.17,52.375],[33.415,52.35],[33.52,52.355],[33.505,52.305],[33.56,52.3],[33.605,52.335],[33.68,52.355],[33.835,52.36],[33.875,52.305],[33.945,52.285],[33.935,52.25],[34,52.225],[34.055,52.17],[34.115,52.14],[34.08,52.07],[34.145,51.97],[34.385,51.845],[34.38,51.88],[34.445,51.895],[34.37,51.925],[34.405,51.995],[34.545,52.07],[34.61,52.035],[34.66,52.07],[34.74,52.085],[34.7,52.21],[34.755,52.21],[34.805,52.185],[34.87,52.2],[34.865,52.255],[34.94,52.315],[34.925,52.37],[34.87,52.37],[34.85,52.4],[34.86,52.45],[34.925,52.51],[34.99,52.505],[35.005,52.54],[35.005,52.66],[35.07,52.67],[34.945,52.795],[34.86,52.81],[34.83,52.865],[34.875,52.915],[34.955,52.925],[34.96,52.95],[35.055,52.965],[35.09,52.95],[35.145,52.97],[35.17,53.01],[35.24,52.995],[35.285,53.02],[35.27,53.11],[35.175,53.12],[35.12,53.155],[35.135,53.2],[35.105,53.225],[35.14,53.28],[35.085,53.3],[35,53.37],[34.64,53.385],[34.57,53.47],[34.515,53.51],[34.475,53.635],[34.41,53.735],[34.29,53.825],[34.23,53.84],[34.2,53.91],[34.045,53.86],[33.99,53.885],[33.91,53.865],[33.805,53.895],[33.795,53.965],[33.73,54.02],[33.66,54.025],[33.505,54.015],[33.455,54],[33.41,53.945],[33.25,53.89],[33.265,53.845],[33.3,53.815],[33.22,53.79],[33.22,53.73],[33.13,53.72],[33.065,53.69],[33.07,53.66],[33.015,53.62],[32.95,53.605],[32.895,53.56],[32.93,53.535],[32.86,53.51],[32.88,53.435],[32.765,53.425]]]},"properties":{"shapeName":"Брянская область","shapeISO":"RU-BRY","shapeID":"28173009B9124867987859","shapeGroup":"RUS","shapeType":"ADM1"}},{"type":"Feature","geometry":{"type":"Polygon","coordinates":[[[115.73,56.96],[115.82,57],[116.065,57.055],[116.1,57.095],[116.255,57.125],[116.175,57.19],[116.175,57.215],[116.11,57.24],[116.03,57.225],[115.96,57.25],[115.915,57.23],[115.845,57.25],[115.82,57.22],[115.755,57.205],[115.745,57.165],[115.67,57.135],[115.61,57.14],[115.54,57.11],[115.45,57.11],[115.33,57.095],[115.215,57.12],[115.07,57.11],[115.02,57.02],[115.085,56.98],[115.005,56.97],[114.93,56.925],[114.93,56.875],[114.855,56.835],[114.84,56.76],[114.795,56.71],[114.64,56.695],[114.505,56.67],[114.425,56.645],[114.405,56.67],[114.28,56.69],[114.235,56.675],[114.14,56.69],[114.07,56.605],[114.02,56.6],[114,56.56],[113.86,56.52],[113.83,56.53],[113.79,56.61],[113.7,56.62],[113.59,56.665],[113.5,56.675],[113.385,56.65],[113.365,56.625],[113.22,56.66],[113.155,56.64],[113.08,56.685],[112.87,56.685],[112.875,56.725],[112.735,56.76],[112.705,56.845],[112.68,56.855],[112.74,56.95],[112.68,56.965],[112.57,56.955],[112.49,56.915],[112.455,56.875],[112.405,56.855],[112.33,56.87],[112.21,56.86],[112.065,56.955],[111.87,56.95],[111.83,56.915],[111.68,57],[111.615,57.01],[111.59,57.06],[111.61,57.1],[111.525,57.13],[111.475,57.08],[111.38,57.015],[111.34,56.955],[111.34,56.895],[111.245,56.89],[111.2,56.84],[111.095,56.815],[110.98,56.875],[110.84,56.84],[110.76,56.885],[110.715,56.88],[110.63,56.835],[110.495,56.86],[110.51,56.895],[110.385,56.91],[110.365,56.945],[110.27,56.95],[110.215,56.93],[110.105,56.97],[110.015,56.975],[109.95,56.92],[109.915,56.925],[109.855,56.85],[109.89,56.795],[109.775,56.73],[109.69,56.695],[109.595,56.71],[109.55,56.74],[109.44,56.73],[109.355,56.715],[109.23,56.65],[109.155,56.67],[109.08,56.66],[109.06,56.61],[109.01,56.62],[108.905,56.58],[108.815,56.59],[108.68,56.56],[108.74,56.505],[108.665,56.455],[108.655,56.42],[108.6,56.4],[108.6,56.365],[108.56,56.32],[108.65,56.24],[108.7,56.255],[108.815,56.23],[108.92,56.125],[108.895,56.085],[108.955,56.065],[108.955,56.03],[108.995,56.005],[109.065,56.01],[109.17,55.985],[109.24,55.995],[109.265,55.96],[109.2,55.905],[109.015,55.925],[108.97,55.94],[108.905,55.875],[108.825,55.85],[108.785,55.77],[108.795,55.69],[108.775,55.615],[108.68,55.605],[108.67,55.57],[108.705,55.5],[108.64,55.49],[108.605,55.44],[108.675,55.405],[108.66,55.31],[108.71,55.285],[108.71,55.255],[108.785,55.23],[108.795,55.165],[108.735,55.13],[108.745,55.105],[108.695,55.06],[108.695,54.98],[108.76,54.935],[108.72,54.9],[108.725,54.795],[108.71,54.665],[108.635,54.64],[108.63,54.545],[109.07,54.425],[109,54.335],[108.635,54],[108.45,53.85],[108.295,53.675],[108.015,53.235],[107.715,53.085],[107,52.72],[106.885,52.67],[106.175,52.36],[105.98,52.175],[105.825,52],[105.77,51.955],[105.555,51.83],[105.32,51.755],[105.16,51.715],[105,51.69],[104.595,51.63],[104.63,51.465],[104.665,51.405],[104.67,51.34],[104.64,51.305],[104.565,51.285],[104.485,51.32],[104.425,51.29],[104.19,51.28],[104.15,51.245],[104.065,51.205],[104,51.22],[103.92,51.15],[103.81,51.13],[103.8,51.435],[103.63,51.48],[103.58,51.485],[103.445,51.465],[103.39,51.47],[103.35,51.44],[103.315,51.49],[103.24,51.505],[103.24,51.57],[103.18,51.615],[103.235,51.665],[103.18,51.725],[103.225,51.77],[103.225,51.805],[103.06,51.9],[102.965,51.9],[102.855,51.95],[102.855,51.97],[102.76,51.995],[102.67,52.065],[102.57,52.165],[102.565,52.22],[102.465,52.23],[102.39,52.27],[102.3,52.23],[102.255,52.265],[102.155,52.285],[102.085,52.26],[102.085,52.225],[102.005,52.21],[101.925,52.22],[101.9,52.28],[101.925,52.32],[101.78,52.37],[101.63,52.48],[101.49,52.555],[101.41,52.635],[101.31,52.645],[101.125,52.72],[101.055,52.765],[100.915,52.785],[100.875,52.805],[100.815,52.865],[100.725,52.91],[100.655,52.92],[100.6,52.95],[100.595,52.985],[100.545,53.03],[100.375,53.105],[100.335,53.165],[100.405,53.195],[100.42,53.25],[100.335,53.29],[100.265,53.375],[100.19,53.37],[100.125,53.345],[100.095,53.305],[99.98,53.33],[99.965,53.31],[99.85,53.29],[99.86,53.235],[99.84,53.195],[99.795,53.2],[99.72,53.15],[99.645,53.145],[99.535,53.105],[99.455,53.12],[99.37,53.1],[99.37,53.035],[99.33,53],[99.24,52.985],[99.23,52.965],[99.26,52.935],[99.235,52.885],[99.17,52.865],[99.015,52.91],[98.975,52.935],[98.925,52.93],[98.9,52.87],[98.87,52.865],[98.855,52.805],[98.925,52.8],[98.96,52.715],[98.935,52.66],[98.865,52.655],[98.855,52.625],[98.785,52.605],[98.83,52.545],[98.71,52.475],[98.7,52.445],[98.635,52.425],[98.685,52.355],[98.655,52.29],[98.74,52.29],[98.835,52.275],[98.82,52.195],[98.89,52.2],[98.985,52.165],[98.97,52.145],[98.995,52.085],[99.07,52.07],[99.115,52.03],[99.175,52.035],[99.275,52.02],[99.305,51.96],[99.435,51.955],[99.52,51.97],[99.6,51.925],[99.625,51.895],[99.8,51.915],[99.85,51.835],[99.83,51.805],[99.91,51.745],[100.065,51.735],[100.12,51.755],[100.28,51.74],[100.35,51.74],[100.445,51.725],[100.505,51.75],[100.535,51.735],[100.655,51.725],[100.735,51.68],[100.93,51.605],[100.99,51.615],[101.065,51.57],[101.1,51.58],[101.13,51.525],[101.195,51.52],[101.245,51.545],[101.285,51.51],[101.34,51.49],[101.37,51.455],[101.44,51.455],[101.46,51.49],[101.54,51.5],[101.62,51.47],[101.62,51.445],[101.75,51.455],[101.82,51.42],[101.95,51.415],[102.125,51.36],[102.17,51.315],[102.12,51.29],[102.115,51.235],[102.135,51.175],[102.125,51.14],[102.16,51.095],[102.15,51.055],[102.205,51.04],[102.24,50.915],[102.21,50.875],[102.24,50.8],[102.295,50.78],[102.34,50.735],[102.3,50.68],[102.445,50.62],[102.525,50.595],[102.54,50.53],[102.61,50.505],[102.615,50.455],[102.65,50.4],[102.755,50.385],[102.94,50.305],[103.025,50.305],[103.175,50.335],[103.235,50.325],[103.275,50.285],[103.255,50.195],[103.295,50.185],[103.425,50.21],[103.525,50.195],[103.61,50.145],[103.735,50.155],[103.8,50.15],[103.845,50.2],[103.945,50.18],[104,50.15],[104.135,50.14],[104.195,50.175],[104.28,50.2],[104.305,50.245],[104.365,50.265],[104.39,50.31],[104.515,50.315],[104.555,50.305],[104.65,50.325],[104.7,50.365],[104.81,50.34],[104.875,50.37],[104.89,50.41],[105.01,50.385],[105.12,50.39],[105.2,50.41],[105.3,50.47],[105.35,50.475],[105.425,50.445],[105.525,50.46],[105.61,50.43],[105.705,50.425],[105.845,50.44],[105.9,50.415],[105.99,50.415],[106.075,50.39],[106.08,50.335],[106.185,50.34],[106.26,50.3],[106.395,50.32],[106.445,50.315],[106.51,50.34],[106.59,50.34],[106.815,50.3],[106.98,50.21],[107,50.155],[107.1,50.05],[107.215,50],[107.35,50],[107.385,49.98],[107.605,49.97],[107.685,49.985],[107.755,49.97],[107.795,49.99],[107.785,50.065],[107.735,50.11],[107.735,50.155],[107.8,50.185],[107.87,50.2],[107.925,50.23],[107.965,50.32],[108.015,50.345],[108.11,50.305],[108.16,50.345],[108.17,50.39],[108.225,50.415],[108.34,50.395],[108.535,50.47],[108.595,50.455],[108.655,50.465],[108.69,50.51],[108.68,50.535],[108.55,50.54],[108.51,50.55],[108.48,50.595],[108.34,50.62],[108.265,50.66],[108.18,50.65],[108.07,50.74],[108.06,50.775],[108.265,50.825],[108.26,50.9],[108.325,50.995],[108.34,51.065],[108.455,51.055],[108.565,51.12],[108.56,51.18],[108.465,51.21],[108.395,51.275],[108.46,51.295],[108.475,51.365],[108.5,51.405],[108.615,51.41],[108.635,51.44],[108.625,51.49],[108.68,51.505],[108.785,51.435],[108.86,51.45],[108.915,51.43],[108.97,51.44],[109.05,51.51],[109.125,51.46],[109.12,51.43],[109.245,51.37],[109.315,51.395],[109.385,51.385],[109.435,51.425],[109.58,51.455],[109.62,51.45],[109.725,51.505],[109.79,51.515],[109.835,51.555],[109.95,51.585],[109.96,51.61],[110.06,51.62],[110.11,51.6],[110.295,51.605],[110.365,51.58],[110.43,51.52],[110.525,51.5],[110.62,51.515],[110.71,51.515],[110.775,51.585],[110.85,51.59],[110.87,51.615],[110.835,51.65],[110.935,51.72],[111,51.725],[111.015,51.79],[111.15,51.835],[111.205,51.825],[111.285,51.84],[111.345,51.88],[111.465,51.87],[111.515,51.915],[111.6,51.93],[111.675,51.975],[111.735,52],[111.795,52.085],[111.935,52.165],[111.935,52.195],[112.01,52.21],[112.07,52.285],[112.18,52.3],[112.195,52.25],[112.24,52.235],[112.305,52.245],[112.385,52.2],[112.505,52.245],[112.515,52.32],[112.545,52.345],[112.68,52.355],[112.735,52.325],[112.805,52.325],[112.875,52.35],[112.92,52.33],[112.98,52.38],[113.095,52.405],[113.15,52.455],[113.485,52.47],[113.54,52.49],[113.59,52.45],[113.64,52.53],[113.85,52.605],[113.915,52.64],[113.96,52.625],[114.02,52.665],[114.08,52.68],[114.18,52.755],[114.24,52.835],[114.225,52.865],[114.255,52.935],[114.32,52.98],[114.32,53.04],[114.265,53.085],[114.205,53.07],[114.17,53.085],[114.21,53.145],[114.205,53.18],[114.115,53.185],[114.045,53.21],[114.005,53.245],[113.95,53.25],[113.925,53.285],[113.955,53.32],[113.935,53.36],[113.875,53.37],[113.825,53.415],[113.835,53.485],[113.885,53.52],[113.86,53.57],[113.775,53.59],[113.825,53.63],[113.89,53.65],[113.965,53.645],[113.985,53.725],[114.245,53.745],[114.35,53.775],[114.365,53.815],[114.435,53.805],[114.515,53.815],[114.58,53.885],[114.58,53.915],[114.755,53.93],[114.785,53.945],[114.985,54],[115.015,54.075],[115.145,54.12],[115.16,54.185],[115.315,54.235],[115.345,54.27],[115.42,54.28],[115.5,54.315],[115.495,54.375],[115.585,54.385],[115.605,54.415],[115.675,54.43],[115.785,54.435],[115.845,54.46],[115.935,54.47],[115.97,54.455],[116.045,54.485],[116.115,54.48],[116.175,54.51],[116.25,54.49],[116.4,54.505],[116.43,54.475],[116.565,54.505],[116.635,54.505],[116.72,54.53],[116.7,54.57],[116.77,54.59],[116.745,54.655],[116.815,54.675],[116.84,54.705],[116.85,54.77],[116.91,54.795],[116.915,54.865],[116.87,54.88],[116.865,54.93],[116.81,54.995],[116.845,55.03],[116.77,55.1],[116.675,55.14],[116.625,55.145],[116.595,55.18],[116.475,55.23],[116.445,55.3],[116.375,55.38],[116.24,55.355],[116.18,55.36],[116.11,55.345],[116.065,55.385],[115.99,55.355],[115.905,55.41],[115.955,55.435],[115.875,55.495],[115.875,55.54],[115.91,55.585],[115.875,55.605],[115.91,55.655],[115.83,55.68],[115.86,55.745],[115.83,55.8],[115.835,55.855],[115.875,55.87],[115.905,55.93],[115.78,55.985],[115.785,56.075],[115.76,56.135],[115.82,56.165],[115.755,56.2],[115.675,56.28],[115.695,56.34],[115.68,56.41],[115.795,56.44],[115.7,56.485],[115.675,56.52],[115.69,56.555],[115.65,56.58],[115.52,56.575],[115.41,56.605],[115.455,56.665],[115.56,56.695],[115.615,56.77],[115.585,56.875],[115.615,56.91],[115.705,56.935],[115.73,56.96]]]},"properties":{"shapeName":"Республика Бурятия","shapeISO":"RU-BU","shapeID":"28173009B49563687485750","shapeGroup":"RUS","shapeType":"ADM1"}},{"type":"Feature","geometry":{"type":"Polygon","coordinates":[[[45.085,42.71],[45.16,42.71],[45.325,42.565],[45.355,42.525],[45.42,42.55],[45.495,42.535],[45.57,42.55],[45.6,42.515],[45.72,42.48],[45.775,42.49],[45.84,42.515],[45.905,42.56],[45.925,42.605],[45.965,42.58],[46.02,42.62],[46.015,42.675],[46.075,42.68],[46.075,42.715],[46.17,42.73],[46.15,42.785],[46.115,42.8],[46.18,42.875],[46.225,42.865],[46.335,42.895],[46.375,42.855],[46.43,42.86],[46.435,42.885],[46.535,42.925],[46.495,42.95],[46.48,43.02],[46.515,43.045],[46.505,43.085],[46.435,43.085],[46.385,43.15],[46.435,43.185],[46.39,43.205],[46.425,43.28],[46.41,43.325],[46.37,43.34],[46.33,43.415],[46.33,43.45],[46.385,43.48],[46.41,43.51],[46.455,43.63],[46.455,43.665],[46.515,43.705],[46.555,43.76],[46.63,43.77],[46.655,43.795],[46.585,43.875],[46.54,43.86],[46.45,43.875],[46.46,43.93],[46.44,44],[46.32,44.01],[46.36,43.945],[46.25,43.945],[46.25,43.88],[46.215,43.86],[46.095,43.86],[46.08,43.815],[46.045,43.82],[46.005,43.88],[46.06,43.885],[46.07,43.93],[45.885,43.95],[45.86,43.97],[45.795,43.95],[45.71,43.96],[45.49,44.01],[45.44,44.01],[45.44,43.875],[45.2,43.875],[45.2,43.955],[45.055,43.96],[45.065,43.89],[45.065,43.72],[44.995,43.72],[44.94,43.675],[44.89,43.66],[44.835,43.68],[44.85,43.565],[44.87,43.535],[44.97,43.53],[45.06,43.51],[45.07,43.45],[45.13,43.42],[45.13,43.325],[45.11,43.315],[45.135,43.195],[45.19,43.165],[45.175,43.065],[45.19,42.98],[45.245,42.93],[45.24,42.89],[45.19,42.85],[45.175,42.78],[45.15,42.78],[45.085,42.71]]]},"properties":{"shapeName":"Чеченская Республика","shapeISO":"RU-CE","shapeID":"28173009B98838729156012","shapeGroup":"RUS","shapeType":"ADM1"}},{"type":"Feature","geometry":{"type":"Polygon","coordinates":[[[62.06,56.13],[61.935,56.155],[61.84,56.185],[61.87,56.225],[61.775,56.225],[61.735,56.285],[61.62,56.32],[61.58,56.29],[61.435,56.35],[61.335,56.315],[61.175,56.36],[61.12,56.35],[61.09,56.32],[61.145,56.28],[61.185,56.21],[61.105,56.18],[61.045,56.2],[60.965,56.19],[60.845,56.225],[60.77,56.22],[60.71,56.24],[60.655,56.215],[60.68,56.31],[60.575,56.32],[60.555,56.22],[60.365,56.235],[60.28,56.225],[60.26,56.2],[60.17,56.215],[60.05,56.215],[59.915,56.255],[59.865,56.26],[59.785,56.225],[59.635,56.25],[59.715,56.325],[59.57,56.32],[59.555,56.34],[59.29,56.325],[59.225,56.355],[59.14,56.32],[59.2,56.27],[59.17,56.2],[59.02,56.2],[59.04,56.17],[59.095,56.15],[59.32,56.13],[59.325,56.085],[59.285,56.035],[59.195,56.025],[59.25,55.935],[59.21,55.895],[59.225,55.85],[59.135,55.79],[59.27,55.79],[59.32,55.76],[59.3,55.7],[59.335,55.63],[59.25,55.605],[59.275,55.58],[59.465,55.645],[59.47,55.595],[59.655,55.59],[59.645,55.56],[59.58,55.515],[59.28,55.465],[59.2,55.465],[59.17,55.425],[59.185,55.385],[59.16,55.34],[59.085,55.325],[59.005,55.265],[58.965,55.315],[58.845,55.325],[58.84,55.295],[58.725,55.29],[58.695,55.23],[58.775,55.215],[58.755,55.165],[58.695,55.15],[58.615,55.195],[58.575,55.16],[58.735,55.12],[58.805,55.03],[58.73,54.995],[58.725,54.97],[58.6,54.955],[58.505,54.975],[58.42,55.02],[58.43,55.065],[58.375,55.095],[58.36,55.14],[58.265,55.17],[58.21,55.14],[58.13,55.125],[58.2,55.09],[58.13,55.015],[58.13,54.95],[58.005,54.905],[57.935,54.95],[58.005,54.985],[58.03,55.06],[57.99,55.09],[58.04,55.155],[58.12,55.19],[58.125,55.22],[58.045,55.24],[58.025,55.275],[57.885,55.3],[57.64,55.3],[57.53,55.335],[57.395,55.315],[57.325,55.26],[57.245,55.265],[57.265,55.22],[57.215,55.2],[57.24,55.15],[57.155,55.125],[57.13,55.085],[57.165,55.06],[57.19,54.995],[57.25,54.94],[57.155,54.87],[57.2,54.805],[57.245,54.77],[57.59,54.68],[57.625,54.62],[57.745,54.58],[57.755,54.5],[57.825,54.485],[57.9,54.42],[58.01,54.395],[58.12,54.46],[58.17,54.505],[58.255,54.515],[58.35,54.55],[58.435,54.545],[58.585,54.465],[58.715,54.48],[58.74,54.535],[58.84,54.565],[58.955,54.585],[59.065,54.65],[59.15,54.63],[59.265,54.615],[59.29,54.66],[59.525,54.78],[59.535,54.84],[59.6,54.865],[59.62,54.905],[59.735,54.885],[59.81,54.85],[59.915,54.87],[60,54.865],[59.94,54.82],[59.945,54.77],[59.9,54.705],[59.855,54.61],[59.68,54.52],[59.685,54.47],[59.74,54.455],[59.735,54.4],[59.67,54.34],[59.755,54.315],[59.79,54.245],[59.705,54.18],[59.71,54.14],[59.6,54.16],[59.525,54.185],[59.325,54.19],[59.285,54.15],[59.19,54.005],[59.105,53.955],[59.05,53.97],[59,53.95],[58.93,53.955],[58.965,53.91],[58.91,53.865],[58.925,53.785],[58.89,53.72],[58.905,53.645],[58.815,53.59],[58.815,53.55],[58.905,53.55],[58.895,53.495],[58.9,53.275],[58.87,53.2],[58.91,53.19],[58.915,53.055],[58.975,53.05],[58.99,53.02],[58.84,53.025],[58.86,52.945],[58.81,52.94],[58.805,52.895],[58.76,52.85],[58.805,52.695],[58.75,52.66],[58.75,52.61],[58.825,52.595],[58.84,52.52],[58.78,52.52],[58.77,52.47],[58.795,52.43],[58.855,52.425],[58.86,52.445],[59,52.425],[59,52.36],[59.055,52.345],[59.165,52.275],[59.215,52.295],[59.225,52.425],[59.245,52.47],[59.29,52.48],[59.445,52.455],[59.525,52.41],[59.55,52.44],[59.66,52.44],[59.68,52.41],[59.825,52.48],[59.92,52.42],[60.04,52.425],[60.165,52.4],[60.16,52.285],[60.175,52.26],[60.06,52.18],[59.965,52.15],[59.91,52.04],[59.975,52.035],[60,51.995],[60.2,51.99],[60.34,52.055],[60.51,52.155],[60.715,52.155],[60.78,52.23],[60.835,52.23],[60.945,52.265],[61.01,52.325],[61.065,52.35],[60.99,52.425],[60.98,52.51],[60.84,52.52],[60.845,52.64],[60.76,52.625],[60.715,52.665],[60.71,52.765],[60.835,52.775],[60.89,52.83],[61.075,52.93],[61.03,52.95],[61.05,52.98],[61.12,52.985],[61.25,53.035],[61.305,52.995],[61.39,52.99],[61.47,53.035],[61.555,53.01],[61.63,52.955],[61.7,53],[61.85,53.005],[61.96,52.95],[62.03,52.95],[62.13,52.99],[62.145,53.07],[62.12,53.11],[62.025,53.14],[61.915,53.14],[61.785,53.185],[61.73,53.24],[61.675,53.265],[61.63,53.225],[61.525,53.215],[61.4,53.275],[61.34,53.285],[61.225,53.285],[61.175,53.31],[61.155,53.405],[61.215,53.43],[61.23,53.485],[61.295,53.515],[61.43,53.455],[61.59,53.525],[61.565,53.54],[61.555,53.595],[61.39,53.6],[61.36,53.56],[61.215,53.565],[61.125,53.59],[61.12,53.615],[60.9,53.63],[60.895,53.67],[60.995,53.675],[61.04,53.655],[61.06,53.72],[61.115,53.72],[61.17,53.77],[61.225,53.795],[61.235,53.84],[61.18,53.85],[61.135,53.905],[61.055,53.895],[60.995,53.905],[61.03,53.955],[61.1,53.975],[61.18,53.97],[61.205,53.92],[61.28,53.93],[61.275,53.99],[61.24,54.03],[61.295,54.075],[61.405,54.085],[61.47,54.08],[61.48,54.03],[61.57,54.01],[61.7,54.02],[61.78,53.985],[61.845,54.03],[61.895,54.01],[61.855,53.96],[62.045,53.95],[62.005,54.04],[62.11,54.045],[62.175,54.03],[62.34,54.03],[62.39,54.05],[62.495,54.03],[62.395,54.005],[62.445,53.925],[62.51,53.915],[62.58,53.955],[62.575,54.06],[62.695,54.095],[62.765,54.09],[62.825,54.115],[62.915,54.12],[63.05,54.1],[63.15,54.12],[63.15,54.185],[63.35,54.195],[63.345,54.25],[63.17,54.31],[63.125,54.38],[63.18,54.395],[63.195,54.465],[63.235,54.485],[63.285,54.58],[63.225,54.61],[63.235,54.645],[63.2,54.7],[62.98,54.705],[62.9,54.695],[62.825,54.66],[62.67,54.625],[62.55,54.65],[62.52,54.69],[62.44,54.715],[62.395,54.685],[62.32,54.67],[62.155,54.67],[62.08,54.675],[62.085,54.72],[62.03,54.725],[62.035,54.765],[62.12,54.815],[62.055,54.9],[62.01,54.905],[61.995,54.98],[61.965,55.03],[62.045,55.02],[62.145,55.04],[62.21,55.005],[62.235,55.11],[62.16,55.23],[62.07,55.26],[62.065,55.305],[62.16,55.315],[62.17,55.35],[62.24,55.36],[62.165,55.41],[62.19,55.445],[62.265,55.44],[62.32,55.415],[62.475,55.435],[62.455,55.465],[62.62,55.49],[62.6,55.53],[62.525,55.59],[62.55,55.665],[62.515,55.725],[62.525,55.77],[62.47,55.8],[62.36,55.805],[62.305,55.84],[62.32,55.95],[62.24,55.935],[62.22,55.995],[62.23,56.03],[62.115,56.09],[62.06,56.13]]]},"properties":{"shapeName":"Челябинская область","shapeISO":"RU-CHE","shapeID":"28173009B19466568926459","shapeGroup":"RUS","shapeType":"ADM1"}},{"type":"Feature","geometry":{"type":"MultiPolygon","coordinates":[[[[46.445,54.76],[46.545,54.735],[46.66,54.675],[46.74,54.685],[46.8,54.64],[46.895,54.645],[46.95,54.68],[47.08,54.695],[47.11,54.675],[47.27,54.675],[47.285,54.715],[47.39,54.755],[47.37,54.83],[47.425,54.88],[47.56,54.845],[47.64,54.865],[47.685,54.84],[47.77,54.91],[47.775,54.96],[47.855,54.965],[47.895,54.94],[47.975,54.955],[48.01,54.985],[48.03,55.04],[47.975,55.065],[47.9,55.055],[47.9,55.09],[48.04,55.11],[48.11,55.145],[48.075,55.175],[48.065,55.23],[48.02,55.235],[48.015,55.285],[47.91,55.32],[47.865,55.285],[47.8,55.28],[47.785,55.24],[47.685,55.235],[47.7,55.285],[47.685,55.35],[47.78,55.335],[47.875,55.41],[47.915,55.43],[47.97,55.515],[48.11,55.525],[48.105,55.57],[48.01,55.63],[48.085,55.65],[48.085,55.695],[48.22,55.685],[48.265,55.755],[48.41,55.78],[48.395,55.83],[48.285,55.845],[48.22,55.875],[48.24,55.905],[48.185,55.935],[48.035,55.945],[47.97,55.965],[47.995,56],[47.93,56.035],[47.915,56.1],[47.82,56.125],[47.505,56.145],[47.425,56.155],[47.43,56.225],[47.38,56.225],[47.395,56.325],[47.25,56.33],[47.15,56.315],[47.145,56.275],[47.015,56.26],[46.91,56.21],[46.8,56.19],[46.735,56.13],[46.655,56.1],[46.605,56.13],[46.485,56.125],[46.24,56.065],[46.185,56.03],[46.18,56.01],[46.08,55.95],[46.145,55.915],[46.145,55.89],[46.075,55.87],[46.115,55.82],[46.07,55.785],[45.95,55.755],[45.915,55.695],[45.96,55.63],[46.045,55.63],[46.115,55.555],[46.11,55.53],[46.29,55.51],[46.39,55.46],[46.36,55.415],[46.25,55.395],[46.2,55.34],[46.23,55.29],[46.15,55.235],[46.08,55.22],[46.03,55.15],[46.03,55.095],[46.06,55.05],[46.14,55.025],[46.21,55.035],[46.18,55.07],[46.23,55.085],[46.295,55.03],[46.245,54.98],[46.41,54.875],[46.38,54.83],[46.445,54.76]]],[[[47.29,54.675],[47.355,54.625],[47.365,54.675],[47.29,54.675]]]]},"properties":{"shapeName":"Чувашская Республика","shapeISO":"RU-CU","shapeID":"28173009B91429860602147","shapeGroup":"RUS","shapeType":"ADM1"}},{"type":"Feature","geometry":{"type":"Polygon","coordinates":[[[68.715,55.35],[68.75,55.375],[68.94,55.32],[69.005,55.325],[68.98,55.365],[68.925,55.365],[68.935,55.44],[69.045,55.425],[69.175,55.38],[69.205,55.33],[69.31,55.34],[69.365,55.39],[69.425,55.38],[69.455,55.34],[69.66,55.35],[69.585,55.435],[69.655,55.435],[69.685,55.35],[69.785,55.335],[69.865,55.295],[69.95,55.21],[70.065,55.205],[70.105,55.175],[70.23,55.145],[70.295,55.195],[70.4,55.215],[70.41,55.255],[70.46,55.285],[70.5,55.33],[70.44,55.41],[70.565,55.495],[70.675,55.49],[70.72,55.56],[70.755,55.585],[70.71,55.625],[70.645,55.625],[70.565,55.65],[70.53,55.695],[70.54,55.735],[70.59,55.765],[70.56,55.8],[70.645,55.81],[70.7,55.8],[70.755,55.855],[70.605,55.835],[70.585,55.825],[70.47,55.85],[70.48,55.905],[70.58,55.91],[70.81,55.905],[70.865,55.96],[70.9,56.11],[70.73,56.255],[70.85,56.3],[70.93,56.315],[70.925,56.38],[70.8,56.45],[70.985,56.46],[71.085,56.525],[71.115,56.625],[71.015,56.645],[71.02,56.685],[71.075,56.69],[71.12,56.655],[71.37,56.63],[71.38,56.68],[71.555,56.67],[71.58,56.745],[71.675,56.765],[71.64,56.88],[71.605,56.935],[71.295,57.085],[71.23,57.175],[71.115,57.2],[71.08,57.235],[71.095,57.285],[71.055,57.295],[71.065,57.35],[70.95,57.385],[70.925,57.355],[70.785,57.365],[70.715,57.295],[70.78,57.275],[70.655,57.2],[70.605,57.28],[70.46,57.28],[70.37,57.33],[70.37,57.37],[70.42,57.415],[70.58,57.46],[70.635,57.5],[70.685,57.515],[70.66,57.585],[70.6,57.575],[70.555,57.72],[70.48,57.735],[70.475,57.77],[70.39,57.78],[70.43,57.845],[70.425,57.895],[70.36,57.9],[70.375,57.94],[70.43,57.95],[70.67,58.28],[70.855,58.53],[70.995,58.5],[71.075,58.505],[71.09,58.475],[71.19,58.42],[71.285,58.405],[71.295,58.35],[71.24,58.33],[71.205,58.11],[71.27,58.055],[71.34,58.075],[71.405,58.065],[71.99,58.115],[72.09,58.085],[72.105,58.055],[72.165,58.015],[72.32,58.01],[72.745,58],[72.87,58],[72.95,58.07],[73.13,58.155],[73.5,58.145],[73.79,58.14],[74.22,58.135],[74.455,58.24],[74.625,58.285],[74.64,58.33],[74.805,58.41],[74.915,58.43],[74.95,58.495],[75.11,58.575],[75.2,58.62],[75.13,58.665],[75,58.7],[74.895,58.685],[74.8,58.725],[74.585,58.73],[74.51,58.72],[74.175,58.725],[74.085,58.75],[73.99,58.81],[73.86,58.805],[73.72,58.855],[73.495,58.825],[73.225,58.85],[73.025,58.875],[73.01,58.9],[73.1,58.95],[72.93,59.055],[72.975,59.125],[72.91,59.155],[72.745,59.135],[72.55,59.14],[72.42,59.21],[72.44,59.3],[72.23,59.41],[72.185,59.465],[72.085,59.53],[72.025,59.55],[71.895,59.555],[71.835,59.57],[71.79,59.635],[71.66,59.655],[71.545,59.685],[71.5,59.74],[71.26,59.79],[71.18,59.905],[71,59.83],[70.775,59.87],[70.69,59.87],[70.395,59.84],[70.205,59.935],[70.135,59.95],[70,59.925],[69.65,59.91],[69.625,59.97],[69.27,59.99],[69.17,59.965],[69.07,59.905],[69.145,59.88],[69.305,59.785],[69.31,59.77],[69.05,59.69],[68.735,59.57],[68.575,59.59],[68.5,59.435],[68.395,59.3],[68.26,59.24],[68.1,59.205],[67.785,59.2],[67.65,59.16],[67.61,59.105],[67.3,59.025],[67.055,58.925],[66.97,58.97],[66.77,58.925],[66.785,58.655],[66.455,58.605],[66.365,58.58],[66.29,58.595],[65.95,58.615],[65.995,58.335],[66,58.25],[66.185,58.01],[66.04,57.995],[65.985,57.945],[65.825,57.935],[65.795,57.875],[65.695,57.895],[65.635,57.86],[65.685,57.84],[65.625,57.795],[65.535,57.765],[65.465,57.765],[65.405,57.825],[64.835,57.65],[64.905,57.595],[64.965,57.605],[64.99,57.56],[64.935,57.555],[64.925,57.5],[64.895,57.455],[64.85,57.45],[64.87,57.39],[64.825,57.295],[65.005,57.235],[64.965,57.155],[65.01,56.965],[65.075,56.945],[65.055,56.905],[65.255,56.92],[65.215,56.845],[65.19,56.85],[65.17,56.765],[64.925,56.77],[64.995,56.715],[65.03,56.64],[64.99,56.52],[65.03,56.465],[65.095,56.44],[65.135,56.37],[65.12,56.31],[65.25,56.275],[65.455,56.285],[65.685,56.27],[65.675,56.225],[65.78,56.16],[65.78,56.13],[65.835,56.075],[66.02,55.995],[66.07,56.01],[66.16,56.07],[66.29,56.055],[66.355,56.015],[66.42,55.995],[66.45,55.96],[66.63,56.005],[66.67,56.04],[66.765,56.01],[66.765,55.975],[67.085,55.975],[67.1,55.96],[67.305,55.965],[67.28,55.94],[67.32,55.855],[67.405,55.73],[67.635,55.715],[67.795,55.73],[67.845,55.685],[67.92,55.655],[68.01,55.695],[68.14,55.73],[68.175,55.72],[68.18,55.61],[68.23,55.575],[68.315,55.57],[68.32,55.505],[68.435,55.475],[68.485,55.415],[68.555,55.43],[68.68,55.39],[68.715,55.35]],[[70.725,56.015],[70.755,56.045],[70.82,56.045],[70.805,55.985],[70.74,55.98],[70.725,56.015]]]},"properties":{"shapeName":"Тюменская область","shapeISO":"RU-TYU","shapeID":"28173009B77673499236961","shapeGroup":"RUS","shapeType":"ADM1"}},{"type":"Feature","geometry":{"type":"Polygon","coordinates":[[[44.85,43.565],[44.835,43.68],[44.805,43.72],[44.805,43.805],[44.595,43.83],[44.475,43.8],[44.295,43.81],[44.265,43.745],[44.295,43.69],[44.43,43.685],[44.44,43.62],[44.475,43.585],[44.445,43.545],[44.415,43.455],[44.44,43.43],[44.355,43.39],[44.335,43.445],[44.285,43.42],[44.175,43.35],[44.17,43.4],[44.145,43.44],[44.105,43.415],[44.04,43.35],[44.1,43.265],[44.005,43.21],[43.98,43.235],[44,43.275],[43.94,43.285],[43.92,43.255],[43.86,43.265],[43.83,43.325],[43.75,43.22],[43.705,43.13],[43.65,43.1],[43.61,43.04],[43.625,43.01],[43.57,42.945],[43.445,42.97],[43.4,42.895],[43.48,42.89],[43.51,42.87],[43.56,42.87],[43.61,42.815],[43.76,42.765],[43.81,42.72],[43.755,42.655],[43.715,42.635],[43.77,42.59],[43.84,42.6],[43.965,42.545],[44.02,42.595],[44.115,42.615],[44.16,42.605],[44.225,42.63],[44.25,42.68],[44.305,42.71],[44.415,42.72],[44.5,42.7],[44.515,42.755],[44.58,42.745],[44.68,42.755],[44.635,42.875],[44.665,42.88],[44.75,42.845],[44.795,42.86],[44.855,42.835],[44.88,42.915],[44.955,42.945],[44.935,43],[44.96,43.04],[44.9,43.095],[44.845,43.135],[44.775,43.16],[44.695,43.27],[44.67,43.235],[44.625,43.22],[44.57,43.235],[44.58,43.415],[44.51,43.405],[44.48,43.47],[44.48,43.515],[44.505,43.545],[44.505,43.59],[44.63,43.615],[44.62,43.545],[44.71,43.55],[44.695,43.595],[44.795,43.595],[44.85,43.565]]]},"properties":{"shapeName":"Республика Северная Осетия — Алания","shapeISO":"RU-SE","shapeID":"28173009B7235812138525","shapeGroup":"RUS","shapeType":"ADM1"}},{"type":"Feature","geometry":{"type":"Polygon","coordinates":[[[42.35,53.855],[42.145,53.805],[42.155,53.77],[42.08,53.75],[42.125,53.71],[42.12,53.57],[42.11,53.515],[42.155,53.495],[42.255,53.485],[42.3,53.425],[42.245,53.395],[42.25,53.37],[42.38,53.325],[42.42,53.27],[42.505,53.235],[42.56,53.195],[42.51,53.17],[42.55,53.12],[42.63,53.13],[42.755,53.02],[42.81,52.99],[42.96,52.93],[42.955,52.91],[43.105,52.805],[43.2,52.71],[43.22,52.635],[43.13,52.58],[43.06,52.56],[43.025,52.485],[43.08,52.405],[43.04,52.37],[43.115,52.38],[43.145,52.44],[43.18,52.45],[43.285,52.44],[43.32,52.42],[43.335,52.375],[43.49,52.38],[43.56,52.405],[43.66,52.395],[43.695,52.415],[43.78,52.425],[43.865,52.38],[43.9,52.4],[44.03,52.33],[44.065,52.35],[44.155,52.315],[44.215,52.325],[44.315,52.315],[44.375,52.355],[44.4,52.405],[44.465,52.405],[44.535,52.425],[44.485,52.515],[44.535,52.535],[44.615,52.48],[44.685,52.465],[44.855,52.45],[44.89,52.415],[44.895,52.355],[44.95,52.355],[45.01,52.325],[45.09,52.31],[45.06,52.36],[45.095,52.4],[45.15,52.42],[45.27,52.39],[45.445,52.4],[45.515,52.425],[45.525,52.46],[45.62,52.48],[45.77,52.455],[45.795,52.415],[45.91,52.415],[45.96,52.395],[46.01,52.465],[46.005,52.51],[46.14,52.545],[46.165,52.61],[46.27,52.61],[46.26,52.65],[46.325,52.68],[46.49,52.68],[46.57,52.7],[46.61,52.66],[46.65,52.66],[46.745,52.61],[46.8,52.62],[46.82,52.7],[46.94,52.72],[46.97,52.76],[46.97,52.81],[46.895,52.895],[46.92,52.92],[46.935,53.07],[46.955,53.095],[46.93,53.17],[46.865,53.18],[46.875,53.24],[46.9,53.28],[46.91,53.365],[46.79,53.375],[46.745,53.415],[46.66,53.44],[46.65,53.47],[46.505,53.48],[46.45,53.54],[46.445,53.65],[46.375,53.67],[46.28,53.79],[46.175,53.795],[46.185,53.91],[46.115,53.93],[46.06,53.97],[46.005,53.98],[45.945,54.025],[45.905,53.985],[45.815,53.975],[45.66,53.92],[45.54,53.93],[45.54,53.895],[45.415,53.9],[45.34,53.87],[45.185,53.97],[45.095,53.95],[44.835,53.965],[44.805,53.925],[44.685,53.915],[44.6,53.87],[44.605,53.8],[44.64,53.755],[44.69,53.75],[44.73,53.705],[44.705,53.68],[44.625,53.69],[44.59,53.665],[44.505,53.65],[44.415,53.7],[44.35,53.71],[44.295,53.69],[44.15,53.705],[44.12,53.73],[43.98,53.75],[43.885,53.8],[43.925,53.875],[43.845,53.925],[43.745,53.96],[43.63,53.965],[43.535,54.015],[43.46,53.98],[43.35,53.995],[43.19,53.995],[43.125,53.975],[43.11,53.895],[43.16,53.885],[43.18,53.835],[43.14,53.825],[43.105,53.87],[43.045,53.855],[43.025,53.825],[42.93,53.795],[42.84,53.815],[42.745,53.785],[42.725,53.81],[42.555,53.8],[42.51,53.81],[42.5,53.735],[42.41,53.8],[42.35,53.795],[42.35,53.855]]]},"properties":{"shapeName":"Пензенская область","shapeISO":"RU-PNZ","shapeID":"28173009B59972517059449","shapeGroup":"RUS","shapeType":"ADM1"}},{"type":"Feature","geometry":{"type":"Polygon","coordinates":[[[122.11,53.43],[122.17,53.47],[122.245,53.465],[122.34,53.5],[122.43,53.445],[122.48,53.455],[122.595,53.465],[122.85,53.455],[123.06,53.51],[123.135,53.5],[123.225,53.55],[123.305,53.56],[123.375,53.535],[123.48,53.53],[123.62,53.545],[123.685,53.5],[123.88,53.48],[123.98,53.43],[124.01,53.4],[124.06,53.4],[124.11,53.345],[124.23,53.38],[124.32,53.33],[124.37,53.255],[124.43,53.215],[124.495,53.205],[124.635,53.205],[124.715,53.185],[124.71,53.15],[124.825,53.145],[124.85,53.105],[124.9,53.12],[124.88,53.165],[124.975,53.195],[125.16,53.205],[125.25,53.175],[125.3,53.145],[125.385,53.13],[125.5,53.09],[125.53,53.055],[125.605,53.08],[125.675,53.005],[125.735,52.99],[125.73,52.945],[125.665,52.92],[125.655,52.87],[125.83,52.895],[125.91,52.82],[125.94,52.765],[125.985,52.76],[126.04,52.8],[126.095,52.775],[126.035,52.735],[126.055,52.675],[125.985,52.675],[125.975,52.61],[126.01,52.58],[126.07,52.605],[126.2,52.53],[126.18,52.48],[126.265,52.475],[126.345,52.385],[126.31,52.33],[126.345,52.26],[126.3,52.205],[126.49,52.16],[126.555,52.12],[126.51,52.055],[126.44,52.025],[126.465,51.935],[126.54,51.885],[126.62,51.775],[126.67,51.725],[126.715,51.725],[126.72,51.625],[126.67,51.6],[126.71,51.57],[126.835,51.535],[126.775,51.445],[126.8,51.42],[126.895,51.41],[126.925,51.365],[126.895,51.34],[126.815,51.33],[126.81,51.29],[126.845,51.255],[126.915,51.26],[126.87,51.31],[126.945,51.335],[126.975,51.3],[126.895,51.205],[126.92,51.055],[126.985,51.02],[127.045,50.96],[127.135,50.91],[127.235,50.775],[127.29,50.755],[127.285,50.665],[127.365,50.575],[127.31,50.525],[127.29,50.455],[127.355,50.445],[127.36,50.395],[127.325,50.335],[127.38,50.285],[127.5,50.255],[127.6,50.235],[127.605,50.18],[127.57,50.13],[127.5,50.06],[127.5,49.97],[127.54,49.915],[127.525,49.82],[127.555,49.79],[127.65,49.775],[127.675,49.75],[127.685,49.665],[127.78,49.62],[127.8,49.595],[127.885,49.57],[127.96,49.595],[128.035,49.555],[128.2,49.54],[128.235,49.56],[128.335,49.54],[128.365,49.585],[128.555,49.6],[128.66,49.57],[128.725,49.57],[128.755,49.595],[128.8,49.55],[128.745,49.515],[128.755,49.475],[128.865,49.49],[128.94,49.46],[128.985,49.455],[129.04,49.41],[129.075,49.355],[129.125,49.35],[129.175,49.39],[129.26,49.39],[129.31,49.355],[129.38,49.375],[129.37,49.42],[129.43,49.44],[129.5,49.425],[129.535,49.4],[129.55,49.31],[129.6,49.275],[129.71,49.29],[129.75,49.255],[129.75,49.205],[129.785,49.175],[129.84,49.175],[129.86,49.11],[129.93,49.075],[129.93,49.035],[130,49.02],[130.05,48.97],[130.19,48.9],[130.225,48.865],[130.295,48.87],[130.42,48.905],[130.475,48.89],[130.535,48.855],[130.63,48.88],[130.655,48.92],[130.7,48.925],[130.78,48.98],[130.9,48.99],[131.025,48.97],[131.015,49.035],[131.06,49.115],[131.07,49.17],[131.11,49.235],[131.205,49.23],[131.245,49.25],[131.35,49.265],[131.42,49.255],[131.49,49.39],[131.53,49.43],[131.505,49.46],[131.52,49.51],[131.51,49.615],[131.46,49.635],[131.44,49.67],[131.375,49.66],[131.37,49.72],[131.515,49.76],[131.48,49.78],[131.525,49.9],[131.385,49.975],[131.425,49.99],[131.43,50.065],[131.375,50.1],[131.39,50.16],[131.46,50.175],[131.415,50.215],[131.395,50.27],[131.345,50.275],[131.31,50.325],[131.32,50.365],[131.24,50.35],[131.17,50.37],[131.13,50.43],[130.94,50.375],[130.92,50.435],[130.875,50.45],[130.895,50.49],[130.935,50.495],[131.03,50.58],[130.985,50.64],[130.905,50.67],[130.85,50.655],[130.765,50.655],[130.725,50.605],[130.645,50.66],[130.705,50.695],[130.675,50.745],[130.775,50.83],[130.785,50.865],[130.86,50.895],[130.765,50.995],[130.805,51.025],[130.93,51.03],[130.96,51.07],[130.97,51.145],[131.025,51.175],[131.045,51.24],[131.11,51.265],[131.16,51.25],[131.245,51.335],[131.255,51.365],[131.36,51.39],[131.41,51.345],[131.485,51.35],[131.495,51.39],[131.47,51.485],[131.39,51.595],[131.385,51.625],[131.465,51.69],[131.605,51.665],[131.62,51.685],[131.735,51.69],[131.78,51.7],[131.86,51.76],[131.955,51.745],[132,51.78],[132.065,51.8],[132.12,51.78],[132.22,51.84],[132.295,51.805],[132.345,51.85],[132.385,51.845],[132.45,51.885],[132.42,51.905],[132.41,51.985],[132.485,51.975],[132.525,51.99],[132.535,52.05],[132.575,52.08],[132.62,52.08],[132.65,52.115],[132.76,52.12],[132.82,52.165],[132.935,52.15],[133.06,52.175],[133.095,52.155],[133.3,52.19],[133.43,52.26],[133.4,52.3],[133.34,52.32],[133.305,52.36],[133.315,52.4],[133.235,52.45],[133.3,52.53],[133.245,52.56],[133.23,52.615],[133.26,52.68],[133.38,52.67],[133.41,52.65],[133.5,52.64],[133.585,52.615],[133.71,52.56],[133.82,52.565],[133.87,52.515],[133.94,52.515],[134,52.54],[134.095,52.485],[134.165,52.515],[134.305,52.46],[134.35,52.47],[134.495,52.46],[134.52,52.425],[134.605,52.43],[134.645,52.46],[134.64,52.495],[134.6,52.54],[134.655,52.585],[134.675,52.63],[134.74,52.625],[134.75,52.68],[134.71,52.72],[134.655,52.715],[134.665,52.76],[134.595,52.855],[134.595,52.9],[134.77,53.07],[134.83,53.07],[134.865,53.1],[134.815,53.16],[134.85,53.21],[134.91,53.25],[134.86,53.29],[134.87,53.32],[134.795,53.33],[134.795,53.4],[134.875,53.385],[134.915,53.4],[134.88,53.44],[134.8,53.455],[134.805,53.49],[134.73,53.49],[134.725,53.53],[134.62,53.57],[134.625,53.59],[134.535,53.62],[134.455,53.61],[134.445,53.56],[134.39,53.57],[134.255,53.54],[134.195,53.48],[134.11,53.5],[134.1,53.455],[133.925,53.45],[133.795,53.49],[133.705,53.465],[133.67,53.51],[133.6,53.55],[133.465,53.5],[133.395,53.49],[133.2,53.43],[133.165,53.41],[133.135,53.305],[133.03,53.305],[132.88,53.295],[132.9,53.255],[132.845,53.235],[132.77,53.25],[132.735,53.23],[132.655,53.24],[132.505,53.215],[132.37,53.23],[132.345,53.245],[132.25,53.225],[132.16,53.22],[132.105,53.24],[132.065,53.22],[132.04,53.16],[131.98,53.14],[131.83,53.165],[131.855,53.23],[131.805,53.26],[131.72,53.235],[131.585,53.22],[131.44,53.22],[131.505,53.27],[131.535,53.335],[131.5,53.395],[131.51,53.435],[131.45,53.51],[131.485,53.61],[131.42,53.685],[131.445,53.74],[131.345,53.785],[131.25,53.785],[131.205,53.81],[131.085,53.81],[131.015,53.825],[130.895,53.785],[130.85,53.8],[130.85,53.85],[130.765,53.845],[130.72,53.86],[130.675,53.905],[130.59,53.88],[130.515,53.91],[130.44,53.89],[130.39,53.92],[130.405,53.95],[130.495,53.985],[130.505,54.11],[130.575,54.17],[130.635,54.185],[130.67,54.255],[130.77,54.3],[130.845,54.31],[130.94,54.34],[130.975,54.305],[131.035,54.29],[131.135,54.365],[131.165,54.47],[131.21,54.505],[131.23,54.56],[131.17,54.605],[131.17,54.635],[131.285,54.66],[131.32,54.7],[131.395,54.735],[131.495,54.75],[131.63,54.79],[131.67,54.775],[131.81,54.86],[131.875,54.875],[132.01,54.935],[132.06,54.99],[131.98,55.015],[132.085,55.06],[132.26,55.06],[132.4,55.08],[132.44,55.12],[132.375,55.155],[132.39,55.19],[132.335,55.22],[132.37,55.25],[132.61,55.235],[132.695,55.3],[132.68,55.355],[132.775,55.35],[132.815,55.375],[132.965,55.42],[132.765,55.455],[132.71,55.51],[132.64,55.555],[132.69,55.585],[132.665,55.625],[132.59,55.665],[132.56,55.71],[132.5,55.71],[132.44,55.745],[132.32,55.74],[132.235,55.73],[132.15,55.685],[131.965,55.71],[131.84,55.65],[131.76,55.7],[131.64,55.71],[131.565,55.655],[131.485,55.695],[131.425,55.66],[131.335,55.65],[131.215,55.695],[131.145,55.65],[131.035,55.67],[130.955,55.71],[130.89,55.705],[130.74,55.755],[130.68,55.745],[130.625,55.76],[130.54,55.73],[130.355,55.745],[130.15,55.71],[130,55.715],[129.965,55.755],[129.905,55.78],[129.835,55.745],[129.79,55.775],[129.715,55.765],[129.65,55.78],[129.455,55.73],[129.385,55.735],[129.05,55.695],[129.05,55.665],[129.1,55.63],[129.1,55.54],[129.055,55.51],[128.955,55.495],[128.905,55.515],[128.82,55.505],[128.705,55.515],[128.7,55.565],[128.635,55.55],[128.49,55.555],[128.495,55.58],[128.425,55.625],[128.38,55.63],[128.305,55.69],[128.115,55.69],[127.925,55.66],[127.8,55.665],[127.795,55.705],[127.71,55.73],[127.625,55.675],[127.545,55.665],[127.54,55.605],[127.46,55.58],[127.35,55.615],[127.32,55.69],[127.185,55.72],[127.16,55.695],[126.97,55.7],[126.905,55.675],[126.925,55.63],[126.855,55.61],[126.785,55.625],[126.725,55.6],[126.68,55.665],[126.59,55.655],[126.51,55.615],[126.49,55.57],[126.415,55.56],[126.36,55.595],[126.235,55.61],[126.18,55.59],[126.095,55.59],[126.065,55.645],[126.09,55.67],[126.045,55.73],[125.995,55.765],[125.805,55.805],[125.615,55.775],[125.565,55.74],[125.445,55.815],[125.45,55.85],[125.39,55.875],[125.33,55.875],[125.255,55.91],[125.165,55.895],[124.98,55.84],[124.91,55.84],[124.81,55.885],[124.76,55.87],[124.7,55.925],[124.64,55.94],[124.505,55.885],[124.45,55.92],[124.39,55.995],[124.395,56.055],[124.35,56.07],[124.215,56.085],[124.21,56.155],[124.125,56.23],[124.035,56.255],[124.015,56.29],[123.92,56.39],[123.755,56.425],[123.685,56.405],[123.55,56.42],[123.43,56.42],[123.195,56.44],[123.165,56.46],[123.025,56.505],[123.02,56.525],[122.9,56.555],[122.885,56.595],[122.795,56.585],[122.8,56.525],[122.765,56.49],[122.69,56.5],[122.57,56.485],[122.55,56.525],[122.465,56.57],[122.46,56.6],[122.385,56.635],[122.29,56.64],[122.205,56.725],[122.165,56.745],[122.005,56.76],[121.96,56.745],[121.835,56.74],[121.7,56.76],[121.61,56.74],[121.635,56.79],[121.585,56.85],[121.51,56.87],[121.52,56.92],[121.46,56.97],[121.405,56.985],[121.2,56.99],[121.05,57.005],[121.01,57.045],[120.87,57.06],[120.74,57.025],[120.675,57.045],[120.61,57.025],[120.54,57.045],[120.33,57.02],[120.27,57.005],[120.08,56.925],[119.855,56.895],[119.82,56.855],[119.705,56.83],[119.655,56.78],[119.68,56.735],[119.775,56.735],[119.78,56.695],[119.885,56.68],[119.81,56.64],[119.795,56.595],[119.835,56.565],[119.925,56.55],[119.95,56.495],[120.09,56.5],[120.115,56.48],[120.255,56.445],[120.235,56.405],[120.325,56.365],[120.375,56.37],[120.385,56.32],[120.54,56.265],[120.42,56.23],[120.38,56.235],[120.29,56.2],[120.175,56.205],[120.12,56.16],[120.035,56.155],[120.03,56.12],[120.125,56.03],[120.125,55.96],[120.095,55.915],[120.14,55.87],[120.23,55.925],[120.345,55.92],[120.35,55.88],[120.48,55.885],[120.475,55.93],[120.635,55.935],[120.66,55.965],[120.78,55.975],[120.83,56.015],[120.915,56.035],[121.005,56.03],[121.045,56.01],[121.215,56.03],[121.27,55.94],[121.245,55.88],[121.335,55.82],[121.315,55.78],[121.325,55.67],[121.36,55.605],[121.335,55.53],[121.42,55.495],[121.605,55.525],[121.695,55.615],[121.76,55.63],[121.835,55.615],[121.9,55.62],[121.945,55.515],[121.99,55.505],[122,55.435],[121.96,55.375],[121.985,55.315],[121.94,55.28],[121.96,55.215],[122.035,55.195],[121.915,55.12],[121.95,55.09],[121.94,55.055],[121.96,55],[121.845,54.94],[121.75,54.87],[121.665,54.835],[121.65,54.75],[121.78,54.77],[121.88,54.805],[121.94,54.715],[121.89,54.675],[121.94,54.63],[121.935,54.58],[122.005,54.56],[122.03,54.52],[122.145,54.46],[122.13,54.415],[122.025,54.405],[121.91,54.375],[121.89,54.415],[121.76,54.44],[121.665,54.375],[121.67,54.35],[121.745,54.28],[121.71,54.23],[121.765,54.175],[121.725,54.14],[121.665,54.14],[121.63,54.1],[121.655,54.025],[121.745,53.97],[121.845,53.955],[121.91,53.855],[121.935,53.725],[121.965,53.7],[121.95,53.615],[121.995,53.575],[121.975,53.555],[122.095,53.465],[122.11,53.43]]]},"properties":{"shapeName":"Амурская область","shapeISO":"RU-AMU","shapeID":"28173009B24080199016459","shapeGroup":"RUS","shapeType":"ADM1"}},{"type":"Feature","geometry":{"type":"Polygon","coordinates":[[[44.295,43.81],[44.295,43.89],[44.345,43.905],[44.345,43.945],[44.42,43.945],[44.42,44.015],[44.37,44.005],[44.37,43.975],[44.27,43.965],[44.27,43.92],[44.145,43.93],[44.145,43.97],[43.985,43.97],[43.945,43.985],[43.92,44.02],[43.77,43.93],[43.77,43.875],[43.745,43.82],[43.475,43.865],[43.415,43.86],[43.315,43.805],[43.225,43.96],[43.145,43.96],[43.15,43.895],[42.98,43.9],[42.92,43.865],[42.865,43.87],[42.855,43.8],[42.73,43.82],[42.68,43.81],[42.68,43.715],[42.595,43.655],[42.455,43.62],[42.475,43.53],[42.405,43.395],[42.415,43.365],[42.395,43.29],[42.415,43.255],[42.45,43.22],[42.66,43.14],[42.705,43.17],[42.775,43.19],[42.855,43.18],[42.925,43.15],[42.925,43.125],[43,43.115],[43.05,43.02],[43.115,43],[43.185,42.94],[43.32,42.915],[43.34,42.89],[43.4,42.895],[43.445,42.97],[43.57,42.945],[43.625,43.01],[43.61,43.04],[43.65,43.1],[43.705,43.13],[43.75,43.22],[43.83,43.325],[43.86,43.265],[43.92,43.255],[43.94,43.285],[44,43.275],[43.98,43.235],[44.005,43.21],[44.1,43.265],[44.04,43.35],[44.105,43.415],[44.145,43.44],[44.17,43.4],[44.175,43.35],[44.285,43.42],[44.335,43.445],[44.355,43.39],[44.44,43.43],[44.415,43.455],[44.445,43.545],[44.475,43.585],[44.44,43.62],[44.43,43.685],[44.295,43.69],[44.265,43.745],[44.295,43.81]]]},"properties":{"shapeName":"Кабардино-Балкарская Республика","shapeISO":"RU-KB","shapeID":"28173009B46612801043871","shapeGroup":"RUS","shapeType":"ADM1"}},{"type":"Feature","geometry":{"type":"Polygon","coordinates":[[[38.685,46.87],[38.555,46.855],[38.5,46.88],[38.42,46.82],[38.395,46.75],[38.51,46.75],[38.59,46.715],[38.595,46.665],[38.505,46.645],[38.33,46.665],[38.29,46.705],[38.135,46.69],[38.06,46.645],[37.995,46.635],[37.9,46.635],[37.76,46.65],[37.855,46.475],[37.91,46.41],[37.98,46.365],[37.995,46.41],[38.105,46.395],[38.17,46.36],[38.28,46.275],[38.29,46.245],[38.365,46.2],[38.48,46.145],[38.52,46.14],[38.58,46.095],[38.58,46.04],[38.525,46.055],[38.46,46.045],[38.36,46.095],[38.255,46.165],[38.205,46.13],[38.15,46.035],[38.15,45.995],[38.115,45.96],[38.075,45.965],[38.07,46.01],[38.1,46.06],[37.97,46.035],[37.92,45.96],[37.87,45.825],[37.835,45.755],[37.755,45.715],[37.655,45.69],[37.605,45.635],[37.6,45.505],[37.61,45.485],[37.58,45.415],[37.52,45.375],[37.45,45.345],[37.32,45.33],[37.19,45.34],[37.055,45.37],[36.925,45.435],[36.855,45.45],[36.785,45.44],[36.765,45.415],[36.77,45.36],[36.805,45.305],[36.925,45.33],[36.99,45.325],[36.98,45.28],[36.875,45.25],[36.78,45.24],[36.74,45.22],[36.685,45.225],[36.61,45.21],[36.635,45.14],[36.735,45.11],[36.8,45.12],[36.92,45.1],[37.115,45.04],[37.24,44.985],[37.31,44.93],[37.295,44.89],[37.445,44.715],[37.545,44.675],[37.655,44.67],[37.7,44.655],[37.765,44.655],[37.84,44.715],[37.93,44.65],[37.905,44.63],[38.005,44.565],[38.065,44.575],[38.09,44.53],[38.15,44.46],[38.205,44.42],[38.285,44.41],[38.36,44.375],[38.415,44.375],[38.57,44.35],[38.635,44.32],[38.745,44.3],[38.79,44.28],[38.885,44.185],[39.015,44.15],[39.03,44.1],[39.08,44.095],[39.155,44.02],[39.295,43.94],[39.445,43.81],[39.46,43.79],[39.585,43.7],[39.605,43.665],[39.68,43.64],[39.73,43.57],[39.825,43.53],[39.885,43.495],[39.925,43.415],[39.99,43.385],[40.04,43.455],[40.11,43.57],[40.26,43.585],[40.3,43.57],[40.48,43.55],[40.505,43.525],[40.565,43.52],[40.66,43.565],[40.715,43.53],[40.74,43.595],[40.71,43.645],[40.715,43.685],[40.68,43.72],[40.76,43.75],[40.725,43.795],[40.755,43.83],[40.805,43.92],[40.885,43.945],[40.935,44.015],[40.925,44.07],[40.89,44.105],[40.895,44.14],[40.955,44.14],[41.085,44.095],[41.165,44.11],[41.17,44.09],[41.265,44.095],[41.3,44.06],[41.25,44.02],[41.31,44],[41.365,44.01],[41.395,43.985],[41.48,44],[41.48,44.04],[41.545,44.04],[41.555,44.1],[41.64,44.115],[41.7,44.17],[41.745,44.27],[41.69,44.335],[41.635,44.38],[41.63,44.405],[41.695,44.41],[41.705,44.455],[41.735,44.475],[41.7,44.5],[41.65,44.49],[41.64,44.525],[41.59,44.515],[41.55,44.62],[41.495,44.595],[41.475,44.65],[41.445,44.665],[41.425,44.71],[41.56,44.74],[41.585,44.795],[41.64,44.865],[41.655,44.985],[41.455,44.99],[41.41,45.065],[41.35,45.09],[41.355,45.225],[41.035,45.225],[41.035,45.28],[40.975,45.41],[40.92,45.445],[40.925,45.515],[40.845,45.515],[40.85,45.695],[40.965,45.695],[40.99,45.715],[41.055,45.675],[41.165,45.675],[41.17,45.76],[41.27,45.76],[41.275,45.795],[41.235,45.83],[41.25,45.88],[41.16,45.88],[41.16,45.95],[41.12,46.005],[41.12,46.06],[41.07,46.08],[41.045,46.125],[40.98,46.115],[40.99,46.205],[40.99,46.3],[40.925,46.295],[40.925,46.23],[40.745,46.23],[40.745,46.285],[40.57,46.285],[40.535,46.275],[40.405,46.27],[40.325,46.285],[40.27,46.315],[40.285,46.45],[40.24,46.45],[40.22,46.54],[40.065,46.535],[40.065,46.63],[40.115,46.645],[40.115,46.72],[40.065,46.74],[40.065,46.77],[39.84,46.77],[39.84,46.79],[39.565,46.79],[39.565,46.805],[39.41,46.795],[39.265,46.795],[39.26,46.71],[39.21,46.68],[39.21,46.62],[39.14,46.62],[39.07,46.6],[39.055,46.625],[38.9,46.635],[38.9,46.56],[38.87,46.57],[38.87,46.73],[38.895,46.73],[38.895,46.825],[38.685,46.825],[38.685,46.87]],[[38.685,44.95],[38.69,45.06],[38.755,45.04],[38.805,44.995],[38.94,45.035],[38.955,45],[39.02,44.985],[39.14,45],[39.18,44.99],[39.255,45],[39.325,45.045],[39.375,45.055],[39.47,45.13],[39.54,45.16],[39.545,45.19],[39.63,45.215],[39.69,45.195],[39.705,45.15],[39.8,45.13],[39.9,45.095],[40.025,45.095],[40.155,45.12],[40.255,45.1],[40.295,45.07],[40.39,45.035],[40.45,44.98],[40.53,44.935],[40.535,44.9],[40.57,44.865],[40.685,44.65],[40.735,44.6],[40.725,44.56],[40.775,44.465],[40.66,44.485],[40.67,44.545],[40.645,44.585],[40.645,44.635],[40.57,44.655],[40.57,44.74],[40.525,44.765],[40.43,44.76],[40.43,44.735],[40.37,44.715],[40.38,44.635],[40.35,44.55],[40.41,44.53],[40.39,44.47],[40.435,44.42],[40.485,44.315],[40.36,44.245],[40.43,44.115],[40.415,44.065],[40.475,43.96],[40.41,43.94],[40.405,43.865],[40.365,43.775],[40.32,43.78],[40.275,43.76],[40.215,43.78],[40.19,43.845],[40.115,43.87],[40.025,43.88],[39.955,43.935],[39.845,43.925],[39.78,43.96],[39.83,44.085],[39.76,44.15],[39.77,44.18],[39.865,44.185],[39.895,44.125],[39.995,44.075],[40.055,44.14],[40.08,44.235],[40.06,44.27],[39.99,44.26],[39.96,44.35],[39.87,44.34],[39.845,44.355],[39.88,44.395],[39.885,44.555],[39.93,44.59],[39.895,44.66],[39.91,44.715],[39.945,44.735],[39.99,44.715],[40.03,44.745],[39.98,44.8],[39.935,44.885],[39.905,45],[39.885,45.025],[39.765,44.99],[39.695,44.95],[39.645,45.005],[39.62,45.05],[39.495,45.045],[39.475,44.99],[39.605,44.91],[39.64,44.865],[39.57,44.83],[39.56,44.805],[39.485,44.82],[39.395,44.815],[39.145,44.835],[39.09,44.815],[38.86,44.9],[38.815,44.945],[38.685,44.95]]]},"properties":{"shapeName":"Краснодарский край","shapeISO":"RU-KDA","shapeID":"28173009B83675725671802","shapeGroup":"RUS","shapeType":"ADM1"}},{"type":"Feature","geometry":{"type":"Polygon","coordinates":[[[38.29,51.295],[38.36,51.305],[38.305,51.41],[38.32,51.445],[38.3,51.52],[38.24,51.555],[38.185,51.615],[38.14,51.63],[38.16,51.67],[38.235,51.66],[38.225,51.7],[38.385,51.685],[38.445,51.69],[38.48,51.725],[38.4,51.78],[38.445,51.83],[38.415,51.855],[38.44,51.895],[38.43,51.945],[38.34,51.94],[38.295,51.965],[38.24,51.925],[38.17,51.935],[38.11,51.925],[38.05,51.89],[37.87,51.9],[37.82,51.975],[37.74,52.02],[37.71,51.97],[37.625,52.005],[37.51,52.015],[37.485,51.965],[37.425,51.935],[37.345,51.98],[37.33,52.01],[37.24,52.015],[37.18,52.04],[37.155,52.075],[37.075,52.075],[36.995,52.105],[36.935,52.095],[36.78,52.135],[36.775,52.16],[36.64,52.185],[36.495,52.23],[36.415,52.345],[36.3,52.38],[36.22,52.355],[36.19,52.33],[36.005,52.31],[35.945,52.275],[35.815,52.3],[35.69,52.25],[35.645,52.25],[35.67,52.32],[35.615,52.38],[35.605,52.435],[35.43,52.425],[35.4,52.375],[35.33,52.37],[35.29,52.39],[35.15,52.335],[35.03,52.33],[34.925,52.37],[34.94,52.315],[34.865,52.255],[34.87,52.2],[34.805,52.185],[34.755,52.21],[34.7,52.21],[34.74,52.085],[34.66,52.07],[34.61,52.035],[34.545,52.07],[34.405,51.995],[34.37,51.925],[34.445,51.895],[34.38,51.88],[34.385,51.845],[34.415,51.825],[34.41,51.78],[34.435,51.73],[34.235,51.695],[34.13,51.69],[34.295,51.535],[34.295,51.48],[34.22,51.43],[34.335,51.35],[34.24,51.29],[34.245,51.265],[34.33,51.24],[34.385,51.275],[34.49,51.245],[34.54,51.25],[34.66,51.245],[34.67,51.2],[34.705,51.175],[34.815,51.17],[34.895,51.195],[34.98,51.235],[35.04,51.22],[35.105,51.235],[35.14,51.22],[35.125,51.16],[35.165,51.125],[35.16,51.08],[35.21,51.045],[35.31,51.08],[35.405,51.05],[35.405,51.025],[35.33,50.995],[35.35,50.975],[35.455,50.955],[35.57,50.9],[35.65,50.93],[35.68,50.91],[35.735,50.975],[35.79,50.945],[35.865,50.96],[35.91,51.02],[35.995,51.07],[35.935,51.1],[35.94,51.13],[36.01,51.16],[36.07,51.15],[36.14,51.11],[36.185,51.125],[36.355,51.09],[36.405,51.12],[36.485,51.065],[36.51,51.115],[36.545,51.12],[36.665,51.085],[36.79,51.16],[36.985,51.185],[37.035,51.235],[37.08,51.25],[37.16,51.32],[37.31,51.335],[37.325,51.36],[37.41,51.38],[37.47,51.37],[37.555,51.39],[37.585,51.37],[37.705,51.355],[37.845,51.43],[37.95,51.425],[38.01,51.41],[38.16,51.335],[38.205,51.34],[38.225,51.3],[38.29,51.295]]]},"properties":{"shapeName":"Курская область","shapeISO":"RU-KRS","shapeID":"28173009B94971452660823","shapeGroup":"RUS","shapeType":"ADM1"}},{"type":"Feature","geometry":{"type":"Polygon","coordinates":[[[29.895,58.45],[29.96,58.435],[30.055,58.445],[30.06,58.475],[30.13,58.525],[30.095,58.66],[30.135,58.75],[30.225,58.745],[30.345,58.76],[30.405,58.705],[30.665,58.735],[30.715,58.78],[30.715,58.825],[30.755,58.855],[30.92,58.92],[30.955,58.975],[31.005,59],[30.955,59.035],[31.08,59.09],[31.165,59.075],[31.22,59.01],[31.37,59.025],[31.385,59.065],[31.48,59.1],[31.475,59.17],[31.585,59.235],[31.53,59.285],[31.55,59.3],[31.55,59.37],[31.61,59.375],[31.69,59.36],[31.75,59.325],[31.81,59.355],[31.9,59.375],[31.95,59.43],[32.12,59.37],[32.19,59.32],[32.2,59.29],[32.3,59.28],[32.28,59.2],[32.41,59.16],[32.45,59.11],[32.57,59.13],[32.655,59.12],[32.77,59.21],[32.73,59.27],[32.845,59.35],[32.92,59.35],[32.97,59.39],[33.055,59.42],[33.115,59.39],[33.235,59.36],[33.26,59.32],[33.345,59.315],[33.35,59.385],[33.525,59.38],[33.63,59.38],[33.62,59.33],[33.755,59.295],[33.805,59.26],[33.8,59.2],[33.935,59.21],[33.945,59.185],[34.03,59.15],[34.105,59.17],[34.285,59.18],[34.34,59.205],[34.4,59.16],[34.51,59.145],[34.555,59.12],[34.69,59.11],[34.72,59.085],[34.835,59.125],[34.85,59.2],[35.04,59.255],[35.1,59.245],[35.175,59.26],[35.245,59.3],[35.355,59.305],[35.3,59.34],[35.395,59.38],[35.435,59.425],[35.375,59.475],[35.32,59.485],[35.315,59.52],[35.495,59.5],[35.495,59.65],[35.605,59.615],[35.615,59.71],[35.445,59.705],[35.405,59.72],[35.375,59.86],[35.445,59.915],[35.445,59.98],[35.32,59.98],[35.285,60.015],[35.145,60.02],[35.14,60.045],[35.215,60.075],[35.205,60.115],[35.155,60.15],[35.18,60.2],[35.165,60.255],[35.24,60.29],[35.26,60.36],[35.3,60.6],[35.235,60.715],[35.175,60.77],[35.24,60.835],[35.33,60.855],[35.46,60.855],[35.525,60.92],[35.475,60.985],[35.565,60.995],[35.69,61.13],[35.6,61.18],[35.525,61.18],[35.395,61.14],[35.35,61.175],[35.38,61.27],[35.17,61.24],[35.08,61.265],[34.94,61.265],[34.77,61.31],[34.655,61.275],[34.545,61.275],[34.475,61.235],[34.47,61.16],[34.41,61.16],[34.335,61.22],[34.19,61.245],[34.16,61.235],[33.67,61.235],[33.55,61.215],[33.45,61.155],[33.49,61.115],[33.59,61.065],[33.74,61.13],[33.92,61.09],[33.86,61.005],[33.785,60.935],[33.61,60.96],[33.54,61.005],[33.45,61.005],[33.42,60.985],[33.465,60.93],[33.33,60.9],[33.26,60.87],[33.185,60.815],[33.16,60.745],[33.075,60.725],[32.925,60.715],[32.915,60.68],[32.965,60.64],[32.895,60.545],[32.785,60.505],[32.63,60.535],[32.6,60.48],[32.665,60.44],[32.69,60.39],[32.59,60.32],[32.63,60.275],[32.615,60.21],[32.525,60.165],[32.43,60.14],[32.23,60.12],[32.185,60.14],[32.145,60.195],[32.08,60.195],[31.945,60.23],[31.885,60.22],[31.755,60.225],[31.73,60.24],[31.63,60.175],[31.57,60.09],[31.5,60.06],[31.565,59.99],[31.55,59.935],[31.465,59.905],[31.39,59.9],[31.305,59.945],[31.235,59.94],[31.21,59.915],[31.07,59.93],[31.03,59.955],[31.095,59.99],[31.115,60.04],[31.065,60.065],[31.085,60.11],[31.05,60.17],[30.96,60.2],[30.865,60.4],[30.695,60.565],[30.64,60.57],[30.505,60.625],[30.525,60.665],[30.495,60.705],[30.545,60.725],[30.54,60.795],[30.425,60.855],[30.445,60.875],[30.36,60.96],[30.29,60.98],[30.255,61.015],[30.19,61.04],[30.12,61.09],[29.88,61.155],[29.86,61.17],[29.565,61.185],[29.565,61.225],[29.5,61.255],[29.365,61.28],[29.305,61.33],[29.235,61.27],[29.01,61.185],[28.955,61.15],[28.82,61.12],[28.805,61.095],[28.715,61.045],[28.655,60.95],[28.525,60.955],[28.255,60.81],[28.175,60.78],[28.135,60.74],[27.875,60.605],[27.84,60.565],[27.865,60.515],[28.115,60.52],[28.265,60.57],[28.315,60.625],[28.385,60.605],[28.4,60.65],[28.66,60.685],[28.735,60.705],[28.745,60.665],[28.645,60.65],[28.685,60.605],[28.645,60.585],[28.655,60.54],[28.715,60.445],[28.675,60.43],[28.545,60.49],[28.5,60.545],[28.435,60.55],[28.51,60.47],[28.57,60.425],[28.585,60.38],[28.625,60.355],[28.75,60.32],[28.825,60.315],[28.88,60.27],[28.955,60.26],[29,60.195],[29.145,60.16],[29.445,60.16],[29.455,60.17],[29.49,60.225],[29.58,60.22],[29.645,60.24],[29.76,60.245],[29.85,60.195],[29.97,60.175],[30.06,60.135],[30.145,60.135],[30.29,60.095],[30.37,60.09],[30.39,60.055],[30.505,60.005],[30.515,59.97],[30.495,59.845],[30.63,59.795],[30.7,59.78],[30.705,59.745],[30.65,59.72],[30.49,59.69],[30.47,59.64],[30.305,59.66],[30.255,59.7],[30.3,59.745],[30.27,59.79],[30.16,59.8],[30.005,59.835],[29.825,59.87],[29.715,59.875],[29.72,59.9],[29.65,59.93],[29.55,59.96],[29.48,59.955],[29.335,59.98],[29.13,59.98],[29.07,59.965],[29.055,59.925],[29.065,59.87],[28.965,59.81],[28.85,59.785],[28.72,59.775],[28.675,59.81],[28.55,59.84],[28.47,59.825],[28.44,59.795],[28.425,59.68],[28.365,59.665],[28.25,59.68],[28.19,59.775],[28.095,59.79],[28,59.69],[28.025,59.65],[28.09,59.605],[28.095,59.57],[28.045,59.465],[28.085,59.46],[28.19,59.4],[28.21,59.37],[28.13,59.29],[28.045,59.29],[27.96,59.27],[27.9,59.235],[27.865,59.16],[27.81,59.13],[27.79,59.07],[27.745,59.025],[27.74,58.98],[27.92,59.02],[27.99,59.015],[28.12,58.975],[28.2,58.935],[28.295,58.825],[28.375,58.88],[28.62,58.865],[28.765,58.825],[28.845,58.825],[28.91,58.805],[28.975,58.805],[29.035,58.835],[29.055,58.74],[29.125,58.72],[29.285,58.695],[29.255,58.67],[29.255,58.6],[29.315,58.615],[29.425,58.59],[29.49,58.55],[29.58,58.535],[29.55,58.48],[29.64,58.445],[29.745,58.425],[29.865,58.425],[29.895,58.45]]]},"properties":{"shapeName":"Ленинградская область","shapeISO":"RU-LEN","shapeID":"28173009B90810482533567","shapeGroup":"RUS","shapeType":"ADM1"}},{"type":"Feature","geometry":{"type":"Polygon","coordinates":[[[46.72,56.965],[46.595,56.93],[46.315,56.945],[46.27,56.905],[46.1,56.865],[45.97,56.87],[45.94,56.86],[45.92,56.73],[45.86,56.69],[45.925,56.68],[45.885,56.625],[45.67,56.615],[45.625,56.57],[45.66,56.46],[45.75,56.455],[45.765,56.425],[45.965,56.43],[45.935,56.375],[45.97,56.32],[45.925,56.315],[45.9,56.22],[45.965,56.165],[46.065,56.175],[46.11,56.145],[46.055,56.115],[46.055,56.075],[46.095,56.035],[46.185,56.03],[46.24,56.065],[46.485,56.125],[46.605,56.13],[46.655,56.1],[46.735,56.13],[46.8,56.19],[46.91,56.21],[47.015,56.26],[47.145,56.275],[47.15,56.315],[47.25,56.33],[47.395,56.325],[47.38,56.225],[47.43,56.225],[47.425,56.155],[47.505,56.145],[47.82,56.125],[47.915,56.1],[47.93,56.035],[47.995,56],[47.97,55.965],[48.035,55.945],[48.185,55.935],[48.24,55.905],[48.22,55.875],[48.285,55.845],[48.395,55.83],[48.385,55.87],[48.415,55.915],[48.475,55.935],[48.655,55.94],[48.695,55.955],[48.685,56.025],[48.715,56.05],[48.835,56.07],[48.85,56.115],[48.95,56.14],[48.985,56.2],[48.92,56.255],[49.03,56.285],[49.05,56.345],[49.17,56.36],[49.215,56.39],[49.31,56.33],[49.455,56.425],[49.545,56.43],[49.57,56.505],[49.755,56.535],[49.815,56.5],[49.75,56.465],[49.86,56.425],[49.935,56.495],[50.04,56.485],[50.16,56.53],[50.205,56.585],[50.08,56.61],[50.06,56.66],[50.095,56.73],[50.105,56.79],[50.045,56.795],[50.04,56.85],[49.96,56.855],[49.87,56.885],[49.77,56.875],[49.745,56.915],[49.76,56.95],[49.675,57.045],[49.6,57.08],[49.52,57.05],[49.47,57.06],[49.39,57.02],[49.25,57.04],[49.205,57.11],[49.16,57.155],[49.21,57.315],[49.15,57.33],[49.035,57.295],[48.99,57.185],[49.005,57.125],[48.95,57.085],[48.86,57.105],[48.81,57.17],[48.675,57.17],[48.665,57.15],[48.55,57.155],[48.43,57.115],[48.33,57.165],[48.25,57.095],[48.16,57.055],[48.205,57.015],[48.135,56.995],[47.99,57],[47.95,56.985],[47.77,57],[47.665,56.985],[47.49,56.87],[47.435,56.885],[47.36,56.85],[47.245,56.81],[47.135,56.805],[47.125,56.885],[47.1,56.925],[46.905,56.93],[46.82,56.92],[46.72,56.965]]]},"properties":{"shapeName":"Республика Марий Эл","shapeISO":"RU-ME","shapeID":"28173009B61240048498251","shapeGroup":"RUS","shapeType":"ADM1"}},{"type":"Feature","geometry":{"type":"MultiPolygon","coordinates":[[[[37.045,55.14],[37.17,55.165],[37.165,55.23],[37.275,55.25],[37.335,55.23],[37.405,55.25],[37.43,55.315],[37.405,55.335],[37.47,55.38],[37.465,55.415],[37.385,55.45],[37.425,55.475],[37.49,55.455],[37.565,55.485],[37.6,55.575],[37.685,55.575],[37.755,55.6],[37.84,55.655],[37.885,55.705],[37.845,55.745],[37.83,55.83],[37.705,55.89],[37.555,55.91],[37.345,55.865],[37.345,55.805],[37.31,55.79],[37.37,55.745],[37.415,55.68],[37.31,55.645],[37.255,55.65],[37.22,55.62],[37.095,55.6],[37.125,55.55],[37.125,55.485],[37.08,55.45],[36.975,55.455],[36.98,55.495],[36.815,55.51],[36.805,55.44],[36.855,55.38],[36.985,55.315],[36.935,55.24],[36.985,55.18],[37.045,55.14]]],[[[37.13,56.015],[37.145,55.965],[37.205,55.965],[37.26,55.995],[37.19,56.02],[37.13,56.015]]],[[[36.89,55.735],[36.95,55.73],[37.005,55.705],[37.055,55.725],[36.985,55.755],[36.89,55.735]]]]},"properties":{"shapeName":"Москва","shapeISO":"RU-MOW","shapeID":"28173009B19676032168465","shapeGroup":"RUS","shapeType":"ADM1"}},{"type":"Feature","geometry":{"type":"Polygon","coordinates":[[[38.665,54.255],[38.72,54.285],[38.715,54.35],[38.89,54.4],[38.895,54.44],[38.78,54.48],[38.835,54.57],[38.825,54.605],[38.945,54.635],[39.11,54.635],[39.245,54.645],[39.23,54.72],[39.335,54.765],[39.415,54.84],[39.4,54.865],[39.465,54.89],[39.475,54.945],[39.55,54.99],[39.605,54.99],[39.625,55.025],[39.7,55.005],[39.805,55.005],[39.865,55.11],[39.705,55.115],[39.785,55.185],[39.84,55.205],[39.955,55.205],[40.065,55.25],[40.155,55.265],[40.19,55.365],[40.145,55.42],[40.14,55.45],[40.2,55.5],[40.16,55.525],[40.05,55.525],[40.045,55.58],[40.095,55.61],[40.055,55.655],[39.885,55.76],[39.91,55.805],[39.89,55.835],[39.73,55.84],[39.66,55.795],[39.525,55.785],[39.47,55.775],[39.32,55.805],[39.28,55.85],[39.115,55.845],[39,55.94],[38.885,55.945],[38.84,55.915],[38.73,55.98],[38.61,55.975],[38.585,56.055],[38.545,56.065],[38.51,56.135],[38.52,56.18],[38.46,56.205],[38.4,56.27],[38.445,56.385],[38.39,56.41],[38.4,56.455],[38.3,56.495],[38.285,56.54],[38.36,56.575],[38.32,56.66],[38.305,56.76],[38.245,56.795],[38.22,56.77],[38.105,56.76],[38.01,56.77],[37.98,56.865],[37.945,56.89],[37.8,56.91],[37.76,56.95],[37.55,56.92],[37.54,56.855],[37.485,56.79],[37.445,56.795],[37.28,56.775],[37.25,56.745],[37.165,56.775],[37.065,56.755],[37.175,56.695],[37.115,56.64],[37.15,56.585],[37.06,56.53],[36.92,56.57],[36.815,56.58],[36.74,56.545],[36.54,56.495],[36.535,56.475],[36.425,56.475],[36.305,56.44],[36.275,56.42],[36.125,56.4],[36.075,56.365],[35.845,56.38],[35.8,56.405],[35.74,56.39],[35.62,56.475],[35.52,56.43],[35.425,56.445],[35.42,56.385],[35.485,56.385],[35.475,56.275],[35.41,56.25],[35.315,56.23],[35.36,56.195],[35.285,56.125],[35.34,56.095],[35.305,56.06],[35.195,56.01],[35.15,55.96],[35.205,55.92],[35.2,55.89],[35.32,55.795],[35.305,55.735],[35.325,55.665],[35.385,55.63],[35.385,55.595],[35.3,55.58],[35.325,55.48],[35.275,55.33],[35.335,55.27],[35.355,55.25],[35.445,55.23],[35.74,55.295],[35.815,55.245],[35.96,55.24],[35.985,55.225],[36.175,55.195],[36.265,55.17],[36.37,55.25],[36.385,55.295],[36.535,55.305],[36.695,55.26],[36.765,55.27],[36.83,55.195],[36.935,55.24],[36.985,55.315],[36.855,55.38],[36.805,55.44],[36.815,55.51],[36.98,55.495],[36.975,55.455],[37.08,55.45],[37.125,55.485],[37.125,55.55],[37.095,55.6],[37.22,55.62],[37.255,55.65],[37.31,55.645],[37.415,55.68],[37.37,55.745],[37.31,55.79],[37.345,55.805],[37.345,55.865],[37.555,55.91],[37.705,55.89],[37.83,55.83],[37.845,55.745],[37.885,55.705],[37.84,55.655],[37.755,55.6],[37.685,55.575],[37.6,55.575],[37.565,55.485],[37.49,55.455],[37.425,55.475],[37.385,55.45],[37.465,55.415],[37.47,55.38],[37.405,55.335],[37.43,55.315],[37.405,55.25],[37.335,55.23],[37.275,55.25],[37.165,55.23],[37.17,55.165],[37.045,55.14],[37.115,55.095],[37.095,55.03],[37.15,55],[37.16,54.95],[37.195,54.925],[37.165,54.865],[37.27,54.84],[37.36,54.85],[37.455,54.84],[37.495,54.795],[37.545,54.78],[37.575,54.74],[37.625,54.745],[37.68,54.72],[37.76,54.745],[37.79,54.835],[37.935,54.85],[37.99,54.825],[37.98,54.8],[38.04,54.765],[38.05,54.72],[38.12,54.715],[38.255,54.665],[38.47,54.645],[38.515,54.59],[38.44,54.545],[38.39,54.535],[38.4,54.475],[38.525,54.395],[38.505,54.345],[38.51,54.295],[38.57,54.29],[38.665,54.255]],[[37.13,56.015],[37.19,56.02],[37.26,55.995],[37.205,55.965],[37.145,55.965],[37.13,56.015]],[[36.89,55.735],[36.985,55.755],[37.055,55.725],[37.005,55.705],[36.95,55.73],[36.89,55.735]]]},"properties":{"shapeName":"Московская область","shapeISO":"RU-MOS","shapeID":"28173009B74836580104791","shapeGroup":"RUS","shapeType":"ADM1"}},{"type":"Feature","geometry":{"type":"MultiPolygon","coordinates":[[[[33.09,66.56],[33.175,66.565],[33.305,66.54],[33.42,66.55],[33.41,66.585],[33.26,66.61],[33.09,66.56]]],[[[32.855,66.585],[32.895,66.595],[33.045,66.575],[33.095,66.585],[33.135,66.645],[33.085,66.67],[32.905,66.69],[32.855,66.715],[32.875,66.765],[32.735,66.775],[32.7,66.805],[32.475,66.9],[32.49,66.935],[32.56,66.96],[32.515,67.015],[32.34,67.04],[32.26,67.12],[32.385,67.155],[32.48,67.115],[32.605,67.12],[32.77,67.075],[32.79,67.025],[32.95,66.91],[33.11,66.86],[33.17,66.82],[33.27,66.8],[33.505,66.715],[33.645,66.735],[33.565,66.78],[33.54,66.82],[33.69,66.805],[33.815,66.73],[33.9,66.715],[33.925,66.685],[34.07,66.685],[34.355,66.665],[34.365,66.62],[34.455,66.545],[34.515,66.54],[34.685,66.565],[34.75,66.6],[34.91,66.59],[35.215,66.47],[35.32,66.47],[35.375,66.42],[35.555,66.385],[35.675,66.38],[35.82,66.355],[35.95,66.35],[36.545,66.275],[36.81,66.28],[37.145,66.24],[37.345,66.205],[37.655,66.115],[37.785,66.11],[37.91,66.085],[38.17,66.075],[38.275,66.06],[38.655,66.065],[38.77,66.075],[38.88,66.105],[39.11,66.1],[39.29,66.15],[39.47,66.185],[39.79,66.215],[39.995,66.255],[40.285,66.38],[40.375,66.38],[40.56,66.45],[40.57,66.49],[40.69,66.53],[40.7,66.58],[40.765,66.595],[40.845,66.645],[41.085,66.74],[41.24,66.855],[41.285,66.955],[41.345,66.99],[41.38,67.12],[41.305,67.15],[41.355,67.195],[41.155,67.215],[41.08,67.255],[41.11,67.3],[41.12,67.405],[41.08,67.445],[41.015,67.46],[41,67.54],[41.035,67.635],[40.98,67.695],[40.885,67.73],[40.82,67.715],[40.7,67.76],[40.655,67.8],[40.555,67.795],[40.56,67.755],[40.42,67.755],[40.31,67.82],[40.4,67.845],[40.375,67.885],[40.135,67.94],[40.07,67.98],[40.005,67.985],[39.895,68.1],[39.785,68.125],[39.87,68.035],[39.58,68.03],[39.37,68.105],[39.255,68.155],[39.1,68.19],[38.945,68.25],[38.88,68.295],[38.785,68.305],[38.625,68.34],[38.435,68.325],[38.42,68.365],[38.33,68.42],[38.205,68.44],[38.165,68.475],[38.085,68.48],[37.975,68.57],[37.835,68.605],[37.675,68.685],[37.45,68.735],[37.4,68.765],[37.235,68.8],[37.19,68.835],[37.11,68.84],[36.74,68.965],[36.595,69.005],[36.43,69.025],[36.305,69.065],[36.29,69.095],[36.17,69.105],[35.925,69.15],[35.87,69.18],[35.535,69.225],[35.38,69.23],[35.3,69.25],[35.205,69.195],[35.025,69.215],[34.94,69.2],[34.55,69.26],[34.505,69.255],[34.315,69.3],[34.24,69.295],[34.06,69.31],[33.75,69.29],[33.595,69.3],[33.49,69.34],[33.5,69.39],[33.415,69.415],[33.3,69.42],[33.035,69.375],[32.95,69.4],[33.05,69.435],[33.005,69.455],[32.75,69.465],[32.615,69.455],[32.505,69.5],[32.385,69.515],[32.4,69.56],[32.09,69.58],[31.985,69.62],[32.155,69.645],[32.835,69.565],[32.95,69.585],[33.085,69.64],[33.11,69.73],[32.92,69.775],[32.745,69.785],[32.665,69.775],[32.515,69.795],[32.515,69.83],[32.2,69.915],[32.055,69.945],[31.91,69.945],[31.89,69.905],[32.06,69.785],[32.015,69.755],[31.865,69.815],[31.775,69.83],[31.72,69.8],[31.685,69.705],[31.825,69.655],[31.525,69.68],[31.255,69.745],[30.99,69.785],[30.83,69.79],[30.89,69.735],[30.955,69.64],[30.94,69.56],[30.82,69.53],[30.515,69.54],[30.42,69.59],[30.24,69.65],[30.14,69.645],[30.19,69.57],[30.12,69.515],[30.115,69.47],[30.035,69.425],[29.95,69.405],[29.85,69.425],[29.725,69.39],[29.575,69.32],[29.39,69.32],[29.285,69.295],[29.315,69.235],[29.24,69.115],[29.055,69.015],[28.93,69.05],[28.495,68.93],[28.47,68.885],[28.66,68.885],[28.8,68.87],[28.705,68.735],[28.435,68.54],[28.65,68.195],[29.325,68.075],[29.66,67.805],[30.015,67.675],[29.93,67.525],[29.855,67.49],[29.645,67.335],[29.525,67.31],[29.485,67.26],[29.075,66.995],[29.035,66.925],[29.06,66.855],[29.12,66.8],[29.325,66.665],[30.64,66.66],[31.085,66.665],[31.095,66.66],[31.495,66.66],[31.575,66.655],[31.62,66.5],[31.79,66.495],[31.83,66.37],[31.935,66.35],[32.345,66.345],[32.36,66.475],[32.55,66.48],[32.555,66.575],[32.855,66.585]]],[[[34.055,69.335],[34.21,69.31],[34.395,69.34],[34.21,69.38],[34.07,69.39],[33.99,69.365],[34.055,69.335]]]]},"properties":{"shapeName":"Мурманская область","shapeISO":"RU-MUR","shapeID":"28173009B70218250039968","shapeGroup":"RUS","shapeType":"ADM1"}},{"type":"Feature","geometry":{"type":"MultiPolygon","coordinates":[[[[51.27,68.49],[51.14,68.485],[51.02,68.46],[50.97,68.425],[51.1,68.425],[51.15,68.44],[51.29,68.44],[51.475,68.485],[51.27,68.49]]],[[[65.475,68.42],[65.515,68.465],[65.61,68.49],[65.66,68.54],[65.655,68.585],[65.56,68.595],[65.405,68.68],[65.45,68.735],[65.355,68.745],[65.4,68.78],[65.23,68.82],[65.085,68.81],[64.965,68.845],[64.92,68.87],[64.81,68.88],[64.59,68.86],[64.55,68.91],[64.63,68.95],[64.52,68.975],[64.54,69.03],[64.71,69.08],[64.72,69.11],[64.855,69.17],[65.025,69.195],[65.085,69.26],[64.94,69.255],[64.89,69.315],[64.675,69.385],[64.35,69.485],[64.145,69.53],[63.765,69.59],[63.11,69.685],[62.735,69.72],[62.48,69.73],[62.03,69.735],[61.845,69.75],[61.745,69.77],[61.65,69.765],[61.385,69.78],[61.31,69.815],[61.06,69.825],[60.9,69.855],[60.725,69.81],[60.78,69.725],[60.66,69.655],[60.455,69.65],[60.375,69.665],[60.215,69.625],[60.19,69.555],[60.235,69.505],[60.305,69.475],[60.49,69.34],[60.635,69.255],[60.64,69.145],[60.74,69.09],[60.78,69.16],[60.89,69.135],[60.95,69.065],[60.97,68.965],[60.89,68.885],[60.79,68.855],[60.755,68.815],[60.625,68.75],[60.51,68.71],[60.37,68.685],[60.05,68.68],[59.965,68.7],[59.85,68.66],[59.805,68.62],[59.84,68.575],[59.975,68.49],[59.99,68.45],[59.865,68.36],[59.765,68.355],[59.69,68.315],[59.52,68.33],[59.395,68.365],[59.17,68.39],[59.12,68.405],[59.115,68.46],[59.17,68.52],[59.095,68.555],[59.125,68.605],[59.18,68.615],[59.19,68.67],[59.29,68.68],[59.445,68.665],[59.28,68.76],[59.355,68.785],[59.28,68.835],[59.16,68.885],[58.915,68.915],[58.96,68.935],[59.195,68.96],[59.055,68.985],[58.87,68.975],[58.355,68.875],[58.09,68.83],[58.035,68.8],[58.035,68.755],[57.645,68.73],[57.5,68.64],[57.495,68.59],[57.335,68.53],[57.07,68.52],[56.92,68.54],[56.78,68.6],[56.615,68.62],[56.47,68.59],[56.24,68.59],[56.08,68.64],[56.005,68.64],[55.66,68.545],[55.495,68.56],[55.39,68.55],[55.065,68.435],[55.005,68.425],[54.945,68.35],[54.86,68.3],[54.945,68.26],[54.89,68.215],[54.905,68.175],[54.865,68.145],[54.74,68.155],[54.635,68.18],[54.54,68.285],[54.3,68.325],[54.145,68.285],[54.06,68.235],[53.94,68.21],[53.79,68.24],[53.465,68.255],[53.33,68.225],[53.2,68.275],[53.31,68.34],[53.435,68.365],[53.61,68.335],[53.715,68.375],[53.75,68.35],[53.935,68.395],[53.94,68.465],[53.88,68.54],[53.73,68.6],[53.735,68.65],[53.86,68.705],[53.825,68.74],[53.965,68.795],[53.985,68.84],[53.8,68.865],[53.6,68.87],[53.635,68.9],[53.945,68.95],[54.005,68.935],[54.08,68.98],[53.865,68.96],[53.535,68.915],[53.345,68.875],[52.845,68.755],[52.475,68.655],[52.29,68.595],[52.425,68.585],[52.565,68.55],[52.575,68.525],[52.74,68.485],[52.71,68.42],[52.595,68.4],[52.545,68.37],[52.415,68.33],[52.285,68.31],[52.165,68.355],[52.18,68.385],[52.315,68.43],[52.29,68.46],[52.15,68.51],[52.205,68.575],[51.885,68.51],[51.565,68.485],[51.58,68.445],[51.515,68.415],[51.435,68.43],[51.29,68.38],[51.195,68.38],[51.03,68.345],[50.895,68.335],[50.795,68.365],[50.605,68.28],[50.335,68.185],[50.095,68.11],[50.035,68.08],[49.685,67.98],[49.39,67.9],[49.18,67.855],[49.03,67.83],[48.8,67.84],[48.785,67.75],[48.715,67.69],[48.665,67.695],[48.545,67.65],[48.46,67.635],[48.345,67.665],[48.135,67.615],[48.005,67.63],[47.835,67.58],[47.875,67.51],[47.94,67.465],[47.915,67.415],[47.77,67.335],[47.8,67.255],[47.695,67.195],[47.75,67.155],[47.75,67.005],[47.59,66.925],[47.57,66.89],[47.46,66.915],[47.365,66.91],[47.25,66.88],[46.905,66.84],[46.795,66.835],[46.65,66.815],[46.565,66.86],[46.435,66.86],[46.295,66.83],[46.02,66.825],[46.005,66.845],[45.81,66.885],[45.7,66.99],[45.685,67.03],[45.62,67.065],[45.605,67.14],[45.53,67.175],[45.265,67.22],[45.115,67.255],[44.92,67.335],[44.935,67.445],[44.99,67.495],[45.175,67.57],[45.31,67.575],[45.345,67.66],[45.275,67.68],[45.355,67.715],[45.57,67.755],[45.85,67.755],[45.98,67.79],[46.055,67.785],[46.335,67.82],[46.485,67.81],[46.695,67.81],[46.705,67.89],[46.655,67.91],[46.525,68.045],[46.545,68.115],[46.4,68.18],[46.31,68.185],[46.03,68.335],[45.805,68.47],[45.54,68.515],[45.28,68.54],[44.785,68.55],[44.49,68.545],[44.085,68.53],[43.835,68.575],[43.565,68.65],[43.42,68.67],[43.27,68.655],[43.34,68.61],[43.5,68.545],[44.04,68.375],[44.195,68.305],[44.23,68.23],[44.2,68.085],[44.15,68.01],[44.18,67.96],[44.095,67.84],[44.14,67.795],[44.135,67.745],[44.07,67.68],[44.05,67.62],[43.92,67.5],[43.8,67.345],[43.77,67.24],[43.775,67.2],[43.905,67.155],[44.055,67.16],[44.18,67.13],[44.3,67.065],[44.32,67.03],[44.405,66.995],[44.43,66.96],[44.525,66.9],[44.475,66.87],[44.5,66.835],[44.375,66.785],[44.395,66.725],[44.48,66.67],[44.39,66.575],[44.35,66.495],[44.25,66.435],[44.52,66.36],[44.59,66.3],[44.855,66.23],[44.99,66.225],[45.27,66.18],[45.515,66.115],[45.705,66.085],[45.85,66.085],[46.345,66.04],[46.56,65.98],[46.77,65.935],[47.145,65.82],[47.47,65.845],[47.74,65.82],[47.845,65.855],[47.75,65.905],[47.825,65.98],[47.91,66.03],[48.03,66.015],[48.085,66.13],[48.405,66.12],[49,66.115],[49.78,66.32],[50.345,66.475],[50.855,66.6],[51.545,66.775],[51.485,66.835],[51.535,66.86],[51.52,66.94],[51.625,66.94],[51.7,66.92],[51.83,66.945],[51.825,67],[52.045,67.025],[52.075,67.065],[52.15,67.1],[52.945,67.055],[53.875,67],[54.93,67],[55.89,67],[57.07,67],[57.705,67],[58.835,67],[59.98,67],[60.03,66.96],[60.11,67],[61.32,67],[61.38,66.98],[61.59,66.995],[61.71,67.03],[61.705,67.055],[61.785,67.11],[62.15,67.195],[62.755,67.35],[62.865,67.37],[62.915,67.445],[62.855,67.49],[62.925,67.54],[62.945,67.605],[63.095,67.635],[63.16,67.695],[63.31,67.715],[63.33,67.75],[63.43,67.77],[63.495,67.745],[63.7,67.735],[63.73,67.815],[63.87,67.825],[63.925,67.85],[63.965,67.905],[63.88,68.035],[64.035,68.055],[64.215,68.115],[64.37,68.13],[64.405,68.18],[64.585,68.2],[64.53,68.28],[64.53,68.325],[64.585,68.355],[64.825,68.41],[64.99,68.39],[65.115,68.415],[65.3,68.395],[65.475,68.42]]],[[[57.955,68.78],[57.94,68.8],[57.555,68.745],[57.67,68.735],[57.89,68.75],[57.955,68.78]]],[[[48.735,68.725],[48.85,68.715],[49.185,68.755],[49.65,68.85],[49.715,68.875],[49.795,68.94],[49.88,68.98],[49.815,68.995],[49.955,69.075],[50.225,69.145],[50.25,69.195],[50.115,69.265],[49.75,69.36],[49.445,69.45],[49.335,69.49],[49.125,69.5],[48.915,69.49],[48.72,69.455],[48.455,69.345],[48.33,69.26],[48.24,69.115],[48.22,69.035],[48.22,68.855],[48.51,68.755],[48.62,68.7],[48.735,68.725]]],[[[59.06,69.295],[58.795,69.34],[58.88,69.29],[58.985,69.285],[59.19,69.23],[59.25,69.245],[59.06,69.295]]],[[[58.55,70.31],[58.705,70.275],[58.76,70.195],[58.615,70.24],[58.515,70.25],[58.48,70.175],[58.66,70.125],[58.605,70.07],[58.8,69.965],[58.98,69.925],[59.065,69.855],[59.165,69.88],[59.45,69.89],[59.64,69.835],[59.685,69.795],[59.585,69.765],[59.6,69.725],[59.795,69.685],[59.99,69.68],[60.04,69.715],[60.27,69.675],[60.5,69.725],[60.475,69.75],[60.555,69.8],[60.45,69.885],[60.455,69.93],[60.235,69.985],[60.06,70.06],[60.045,70.095],[59.93,70.09],[59.79,70.155],[59.57,70.225],[59.485,70.28],[59.29,70.365],[59.05,70.455],[58.94,70.425],[58.8,70.425],[58.785,70.365],[58.65,70.31],[58.55,70.31]]]]},"properties":{"shapeName":"Ненецкий автономный округ","shapeISO":"RU-NEN","shapeID":"28173009B3082792446388","shapeGroup":"RUS","shapeType":"ADM1"}},{"type":"Feature","geometry":{"type":"Polygon","coordinates":[[[30.98,56.97],[31.1,56.93],[31.24,56.95],[31.335,56.94],[31.395,56.91],[31.44,56.955],[31.53,56.945],[31.565,56.98],[31.64,56.99],[31.67,57.06],[31.725,57.09],[31.875,57.12],[31.905,57.085],[32.155,57.185],[32.25,57.205],[32.235,57.255],[32.325,57.225],[32.475,57.285],[32.55,57.325],[32.63,57.335],[32.705,57.435],[32.825,57.455],[32.915,57.445],[33.08,57.465],[33.265,57.42],[33.23,57.48],[33.23,57.535],[33.295,57.55],[33.325,57.605],[33.3,57.63],[33.42,57.7],[33.49,57.72],[33.57,57.715],[33.545,57.85],[33.645,57.875],[33.685,57.905],[33.67,57.96],[33.685,58],[33.57,58.025],[33.53,58.06],[33.695,58.155],[33.78,58.16],[33.815,58.14],[33.93,58.165],[33.99,58.21],[34.025,58.185],[34.17,58.215],[34.225,58.185],[34.465,58.155],[34.505,58.115],[34.58,58.12],[34.645,58.08],[34.72,58.09],[34.735,58.17],[34.725,58.215],[34.82,58.23],[34.975,58.225],[35.05,58.195],[35.14,58.24],[35.255,58.275],[35.255,58.315],[35.305,58.41],[35.47,58.41],[35.515,58.45],[35.645,58.46],[35.735,58.435],[35.875,58.425],[35.96,58.465],[36.02,58.46],[36.1,58.505],[36.18,58.51],[36.225,58.575],[36.22,58.61],[36.16,58.62],[36.105,58.715],[35.965,58.735],[35.9,58.755],[35.785,58.755],[35.745,58.82],[35.58,58.81],[35.555,58.845],[35.41,58.85],[35.28,58.785],[35.21,58.83],[35.13,58.815],[35.13,58.87],[35.18,58.95],[34.96,58.95],[34.965,58.97],[34.87,58.99],[34.865,59.055],[34.785,59.06],[34.72,59.085],[34.69,59.11],[34.555,59.12],[34.51,59.145],[34.4,59.16],[34.34,59.205],[34.285,59.18],[34.105,59.17],[34.03,59.15],[33.945,59.185],[33.935,59.21],[33.8,59.2],[33.805,59.26],[33.755,59.295],[33.62,59.33],[33.63,59.38],[33.525,59.38],[33.35,59.385],[33.345,59.315],[33.26,59.32],[33.235,59.36],[33.115,59.39],[33.055,59.42],[32.97,59.39],[32.92,59.35],[32.845,59.35],[32.73,59.27],[32.77,59.21],[32.655,59.12],[32.57,59.13],[32.45,59.11],[32.41,59.16],[32.28,59.2],[32.3,59.28],[32.2,59.29],[32.19,59.32],[32.12,59.37],[31.95,59.43],[31.9,59.375],[31.81,59.355],[31.75,59.325],[31.69,59.36],[31.61,59.375],[31.55,59.37],[31.55,59.3],[31.53,59.285],[31.585,59.235],[31.475,59.17],[31.48,59.1],[31.385,59.065],[31.37,59.025],[31.22,59.01],[31.165,59.075],[31.08,59.09],[30.955,59.035],[31.005,59],[30.955,58.975],[30.92,58.92],[30.755,58.855],[30.715,58.825],[30.715,58.78],[30.665,58.735],[30.405,58.705],[30.345,58.76],[30.225,58.745],[30.135,58.75],[30.095,58.66],[30.13,58.525],[30.06,58.475],[30.055,58.445],[29.96,58.435],[29.895,58.45],[29.915,58.31],[29.795,58.255],[29.635,58.255],[29.685,58.21],[29.67,58.135],[29.63,58.1],[29.79,58.09],[29.865,58.07],[29.945,58.025],[29.885,57.97],[29.94,57.945],[30.06,57.955],[30.16,57.925],[30.2,57.895],[30.29,57.91],[30.39,57.905],[30.42,57.88],[30.52,57.885],[30.545,57.865],[30.495,57.77],[30.495,57.74],[30.45,57.69],[30.52,57.64],[30.68,57.645],[30.545,57.545],[30.465,57.52],[30.485,57.485],[30.425,57.425],[30.48,57.405],[30.475,57.335],[30.535,57.305],[30.745,57.265],[30.63,57.175],[30.69,57.15],[30.69,56.985],[30.75,56.955],[30.835,56.95],[30.98,56.97]]]},"properties":{"shapeName":"Новгородская область","shapeISO":"RU-NGR","shapeID":"28173009B16533507618293","shapeGroup":"RUS","shapeType":"ADM1"}},{"type":"Feature","geometry":{"type":"Polygon","coordinates":[[[85.115,54.44],[84.93,54.61],[85.01,54.64],[85.005,54.68],[84.9,54.725],[84.905,54.745],[85.005,54.8],[85.09,54.815],[84.97,54.945],[84.91,54.945],[84.835,54.995],[84.905,55.06],[84.925,55.165],[84.82,55.225],[84.915,55.275],[84.915,55.32],[84.86,55.375],[84.82,55.36],[84.755,55.38],[84.695,55.375],[84.62,55.405],[84.755,55.465],[84.73,55.525],[84.785,55.525],[84.74,55.64],[84.69,55.68],[84.54,55.72],[84.525,55.76],[84.555,55.845],[84.47,55.875],[84.455,55.895],[84.54,55.935],[84.525,55.975],[84.57,56.005],[84.45,56.04],[84.345,55.98],[84.21,56.06],[84.085,56.02],[83.95,56.015],[83.925,55.975],[83.805,55.895],[83.735,55.785],[83.675,55.775],[83.665,55.74],[83.585,55.67],[83.475,55.7],[83.415,55.725],[83.315,55.705],[83.21,55.73],[83.27,55.785],[83.315,55.855],[83.39,55.865],[83.375,55.92],[83.315,55.96],[83.34,55.98],[83.23,56.01],[83.22,56.085],[83.13,56.12],[83.21,56.175],[83.21,56.21],[83.12,56.21],[83.065,56.23],[83.195,56.33],[83.145,56.375],[83.26,56.41],[83.29,56.445],[83.11,56.55],[83.05,56.52],[82.985,56.515],[82.89,56.535],[82.81,56.515],[82.82,56.43],[82.765,56.405],[82.7,56.425],[82.56,56.4],[82.51,56.405],[82.395,56.38],[82.34,56.355],[82.16,56.335],[81.99,56.335],[81.575,56.24],[81.475,56.33],[81.22,56.54],[80.265,56.42],[79.59,56.925],[79.2,57],[78.725,57.07],[78.43,57.115],[78.45,57.165],[78.3,57.165],[77.785,57.175],[76.95,57.17],[76.92,57.16],[76.695,57.215],[76.1,57.24],[76.095,57.235],[76.125,57.165],[76.2,56.95],[76.265,56.885],[76.255,56.835],[76.29,56.695],[76.135,56.66],[76.15,56.615],[76.035,56.61],[75.96,56.505],[75.855,56.5],[75.835,56.48],[75.84,56.41],[75.945,56.44],[75.985,56.465],[76.085,56.445],[76.08,56.325],[76.125,56.27],[76.17,56.28],[76.235,56.215],[76.305,56.18],[76.305,56.155],[76.14,56.12],[76.015,56.165],[75.96,56.115],[75.73,56.115],[75.655,56.035],[75.53,56.03],[75.53,56.01],[75.42,55.935],[75.325,55.9],[75.26,55.845],[75.345,55.8],[75.37,55.74],[75.23,55.73],[75.105,55.755],[75.09,55.725],[75.115,55.685],[75.245,55.64],[75.14,55.585],[75.22,55.54],[75.285,55.56],[75.32,55.5],[75.16,55.445],[75.2,55.425],[75.09,55.375],[75.18,55.35],[75.275,55.245],[75.255,55.15],[75.315,55.125],[75.315,55.065],[75.37,55.07],[75.38,54.99],[75.33,54.915],[75.45,54.9],[75.495,54.885],[75.545,54.815],[75.64,54.81],[75.685,54.71],[75.685,54.675],[75.785,54.695],[75.825,54.665],[75.825,54.605],[75.805,54.54],[75.69,54.55],[75.685,54.34],[75.69,54.125],[76.2,54.26],[76.185,54.3],[76.255,54.36],[76.35,54.335],[76.475,54.32],[76.575,54.34],[76.675,54.345],[76.73,54.42],[76.795,54.42],[76.93,54.46],[76.935,54.415],[76.78,54.38],[76.86,54.36],[76.88,54.3],[76.83,54.275],[76.83,54.225],[76.75,54.185],[76.755,54.16],[76.645,54.125],[76.585,54.15],[76.44,54.165],[76.435,54.125],[76.5,54.07],[76.54,54],[76.83,53.85],[77.34,53.595],[77.905,53.29],[77.89,53.365],[77.955,53.385],[77.92,53.45],[78.07,53.44],[78.075,53.475],[77.965,53.49],[77.93,53.505],[77.91,53.57],[77.955,53.58],[78.11,53.575],[78.155,53.585],[78.155,53.62],[78.23,53.615],[78.235,53.545],[78.26,53.51],[78.33,53.48],[78.42,53.485],[78.42,53.51],[78.56,53.505],[78.645,53.515],[78.65,53.58],[78.615,53.635],[78.71,53.63],[78.79,53.66],[78.94,53.675],[79.04,53.655],[79.09,53.7],[79.12,53.675],[79.26,53.675],[79.3,53.705],[79.385,53.71],[79.42,53.68],[79.64,53.745],[79.625,53.795],[79.76,53.835],[79.775,53.81],[79.89,53.84],[79.85,53.89],[79.96,53.945],[80.095,53.99],[80.05,54.045],[80.19,54.08],[80.22,54.03],[80.46,54.115],[80.515,54.105],[80.57,54.125],[80.535,54.17],[80.795,54.26],[80.855,54.26],[80.81,54.345],[80.95,54.375],[80.98,54.305],[81.035,54.24],[81.09,54.195],[81.125,54.115],[81.21,54.115],[81.24,54.085],[81.325,54.09],[81.385,54.05],[81.47,54.075],[81.51,54.025],[81.565,54.005],[81.54,53.935],[81.585,53.915],[81.62,53.96],[81.695,53.98],[81.75,53.95],[81.835,53.965],[81.835,53.87],[81.72,53.845],[81.79,53.725],[81.94,53.715],[82.06,53.685],[82.185,53.64],[82.21,53.59],[82.29,53.58],[82.335,53.53],[82.41,53.505],[82.485,53.495],[82.58,53.515],[82.5,53.545],[82.665,53.64],[82.62,53.67],[82.76,53.75],[82.715,53.78],[83.09,53.99],[83.1,54.01],[83.2,54.065],[83.22,54.05],[83.305,54.065],[83.35,53.935],[83.45,53.945],[83.49,53.98],[83.475,54.065],[83.535,54.08],[83.555,54.11],[83.73,54.1],[83.88,54.125],[83.855,54.09],[84.19,54.17],[84.355,54.16],[84.4,54.18],[84.46,54.145],[84.55,54.165],[84.575,54.235],[84.67,54.295],[84.8,54.345],[84.845,54.34],[85.115,54.44]]]},"properties":{"shapeName":"Новосибирская область","shapeISO":"RU-NVS","shapeID":"28173009B27844369294009","shapeGroup":"RUS","shapeType":"ADM1"}},{"type":"Feature","geometry":{"type":"MultiPolygon","coordinates":[[[[75.11,58.575],[74.95,58.495],[74.915,58.43],[74.805,58.41],[74.64,58.33],[74.625,58.285],[74.455,58.24],[74.22,58.135],[73.79,58.14],[73.5,58.145],[73.13,58.155],[72.95,58.07],[72.87,58],[72.745,58],[72.32,58.01],[72.165,58.015],[72.105,58.055],[72.09,58.085],[71.99,58.115],[71.405,58.065],[71.34,58.075],[71.27,58.055],[71.205,58.11],[71.24,58.33],[71.295,58.35],[71.285,58.405],[71.19,58.42],[71.09,58.475],[71.075,58.505],[70.995,58.5],[70.855,58.53],[70.67,58.28],[70.43,57.95],[70.375,57.94],[70.36,57.9],[70.425,57.895],[70.43,57.845],[70.39,57.78],[70.475,57.77],[70.48,57.735],[70.555,57.72],[70.6,57.575],[70.66,57.585],[70.685,57.515],[70.635,57.5],[70.58,57.46],[70.42,57.415],[70.37,57.37],[70.37,57.33],[70.46,57.28],[70.605,57.28],[70.655,57.2],[70.78,57.275],[70.715,57.295],[70.785,57.365],[70.925,57.355],[70.95,57.385],[71.065,57.35],[71.055,57.295],[71.095,57.285],[71.08,57.235],[71.115,57.2],[71.23,57.175],[71.295,57.085],[71.605,56.935],[71.64,56.88],[71.675,56.765],[71.58,56.745],[71.555,56.67],[71.38,56.68],[71.37,56.63],[71.12,56.655],[71.075,56.69],[71.02,56.685],[71.015,56.645],[71.115,56.625],[71.085,56.525],[70.985,56.46],[70.8,56.45],[70.925,56.38],[70.93,56.315],[70.85,56.3],[70.73,56.255],[70.9,56.11],[70.865,55.96],[70.81,55.905],[70.58,55.91],[70.48,55.905],[70.47,55.85],[70.585,55.825],[70.605,55.835],[70.755,55.855],[70.7,55.8],[70.645,55.81],[70.56,55.8],[70.59,55.765],[70.54,55.735],[70.53,55.695],[70.565,55.65],[70.645,55.625],[70.71,55.625],[70.755,55.585],[70.72,55.56],[70.675,55.49],[70.565,55.495],[70.44,55.41],[70.5,55.33],[70.46,55.285],[70.48,55.275],[70.625,55.25],[70.7,55.285],[70.805,55.27],[70.88,55.18],[70.93,55.165],[70.925,55.125],[71.025,55.085],[70.99,55.065],[71.01,54.965],[70.96,54.885],[71.02,54.85],[71.015,54.815],[71.1,54.715],[71.21,54.7],[71.24,54.665],[71.295,54.665],[71.29,54.6],[71.21,54.605],[71.17,54.575],[71.175,54.455],[71.225,54.35],[71.2,54.31],[71.11,54.335],[71,54.335],[71,54.275],[71.075,54.27],[71.075,54.2],[71.135,54.16],[71.125,54.13],[71.18,54.095],[71.275,54.145],[71.295,54.185],[71.49,54.16],[71.49,54.095],[71.61,54.115],[71.725,54.105],[71.765,54.145],[71.725,54.185],[71.755,54.25],[71.935,54.225],[71.95,54.24],[72.06,54.2],[72.11,54.17],[72.1,54.145],[72.175,54.12],[72.22,54.175],[72.1,54.215],[72.135,54.295],[72.04,54.34],[72.015,54.37],[72.19,54.355],[72.28,54.315],[72.29,54.25],[72.34,54.245],[72.3,54.185],[72.42,54.15],[72.38,54.105],[72.435,54.045],[72.415,53.985],[72.375,53.945],[72.43,53.915],[72.495,53.905],[72.555,53.98],[72.695,53.955],[72.715,54.005],[72.675,54.045],[72.53,54.045],[72.56,54.115],[72.61,54.135],[72.825,54.12],[72.83,54.1],[72.995,54.1],[72.98,54.05],[73.06,54.04],[73.065,53.985],[73.2,53.97],[73.3,53.945],[73.405,53.945],[73.405,53.98],[73.51,53.94],[73.52,54.005],[73.61,54.01],[73.66,54.045],[73.77,54.055],[73.69,53.855],[73.455,53.875],[73.43,53.85],[73.45,53.805],[73.345,53.79],[73.355,53.765],[73.325,53.675],[73.28,53.64],[73.24,53.57],[73.4,53.52],[73.365,53.465],[73.44,53.435],[73.58,53.52],[73.595,53.56],[73.645,53.555],[73.665,53.615],[73.75,53.605],[73.82,53.58],[73.9,53.65],[74.07,53.63],[74.055,53.565],[74.145,53.555],[74.165,53.6],[74.245,53.59],[74.285,53.56],[74.27,53.525],[74.29,53.49],[74.39,53.455],[74.485,53.57],[74.42,53.595],[74.46,53.69],[74.635,53.67],[74.675,53.755],[74.765,53.745],[74.795,53.825],[74.975,53.825],[75.045,53.795],[75.215,53.875],[75.265,53.91],[75.375,53.96],[75.44,53.97],[75.435,54.01],[75.375,54.07],[75.53,54.115],[75.6,54.1],[75.69,54.125],[75.685,54.34],[75.69,54.55],[75.805,54.54],[75.825,54.605],[75.825,54.665],[75.785,54.695],[75.685,54.675],[75.685,54.71],[75.64,54.81],[75.545,54.815],[75.495,54.885],[75.45,54.9],[75.33,54.915],[75.38,54.99],[75.37,55.07],[75.315,55.065],[75.315,55.125],[75.255,55.15],[75.275,55.245],[75.18,55.35],[75.09,55.375],[75.2,55.425],[75.16,55.445],[75.32,55.5],[75.285,55.56],[75.22,55.54],[75.14,55.585],[75.245,55.64],[75.115,55.685],[75.09,55.725],[75.105,55.755],[75.23,55.73],[75.37,55.74],[75.345,55.8],[75.26,55.845],[75.325,55.9],[75.42,55.935],[75.53,56.01],[75.53,56.03],[75.655,56.035],[75.73,56.115],[75.96,56.115],[76.015,56.165],[76.14,56.12],[76.305,56.155],[76.305,56.18],[76.235,56.215],[76.17,56.28],[76.125,56.27],[76.08,56.325],[76.085,56.445],[75.985,56.465],[75.945,56.44],[75.84,56.41],[75.835,56.48],[75.855,56.5],[75.96,56.505],[76.035,56.61],[76.15,56.615],[76.135,56.66],[76.29,56.695],[76.255,56.835],[76.265,56.885],[76.2,56.95],[76.125,57.165],[76.095,57.235],[75.965,57.395],[75.85,57.385],[75.705,57.625],[75.55,57.625],[75.575,57.88],[75.565,57.935],[75.305,58.025],[75.07,58.115],[75.24,58.205],[75.055,58.34],[75.255,58.415],[75.375,58.455],[75.11,58.575]]],[[[70.725,56.015],[70.74,55.98],[70.805,55.985],[70.82,56.045],[70.755,56.045],[70.725,56.015]]]]},"properties":{"shapeName":"Омская область","shapeISO":"RU-OMS","shapeID":"28173009B55503329301013","shapeGroup":"RUS","shapeType":"ADM1"}},{"type":"Feature","geometry":{"type":"Polygon","coordinates":[[[35.99,53.625],[35.91,53.64],[35.875,53.6],[35.825,53.59],[35.795,53.525],[35.7,53.52],[35.63,53.54],[35.53,53.445],[35.385,53.4],[35.385,53.335],[35.305,53.335],[35.25,53.315],[35.24,53.28],[35.14,53.28],[35.105,53.225],[35.135,53.2],[35.12,53.155],[35.175,53.12],[35.27,53.11],[35.285,53.02],[35.24,52.995],[35.17,53.01],[35.145,52.97],[35.09,52.95],[35.055,52.965],[34.96,52.95],[34.955,52.925],[34.875,52.915],[34.83,52.865],[34.86,52.81],[34.945,52.795],[35.07,52.67],[35.005,52.66],[35.005,52.54],[34.99,52.505],[34.925,52.51],[34.86,52.45],[34.85,52.4],[34.87,52.37],[34.925,52.37],[35.03,52.33],[35.15,52.335],[35.29,52.39],[35.33,52.37],[35.4,52.375],[35.43,52.425],[35.605,52.435],[35.615,52.38],[35.67,52.32],[35.645,52.25],[35.69,52.25],[35.815,52.3],[35.945,52.275],[36.005,52.31],[36.19,52.33],[36.22,52.355],[36.3,52.38],[36.415,52.345],[36.495,52.23],[36.64,52.185],[36.775,52.16],[36.78,52.135],[36.935,52.095],[36.995,52.105],[37.075,52.075],[37.155,52.075],[37.18,52.04],[37.24,52.015],[37.33,52.01],[37.345,51.98],[37.425,51.935],[37.485,51.965],[37.51,52.015],[37.625,52.005],[37.71,51.97],[37.74,52.02],[37.785,52.095],[37.8,52.17],[37.85,52.215],[37.985,52.255],[38.04,52.245],[38.06,52.295],[37.995,52.36],[37.885,52.43],[37.93,52.47],[37.8,52.515],[37.825,52.545],[37.775,52.59],[37.825,52.63],[37.81,52.705],[37.89,52.74],[37.875,52.815],[37.8,52.855],[37.86,52.88],[37.83,52.95],[37.865,53.01],[37.82,53.07],[37.725,53.125],[37.65,53.095],[37.57,53.18],[37.59,53.28],[37.505,53.265],[37.44,53.295],[37.295,53.28],[37.26,53.26],[37.16,53.26],[37.095,53.285],[37.015,53.27],[36.785,53.295],[36.695,53.37],[36.7,53.395],[36.635,53.42],[36.575,53.375],[36.495,53.39],[36.47,53.43],[36.37,53.47],[36.32,53.475],[36.29,53.52],[36.295,53.55],[36.175,53.54],[36.08,53.57],[35.99,53.625]]]},"properties":{"shapeName":"Орловская область","shapeISO":"RU-ORL","shapeID":"28173009B3932420572168","shapeGroup":"RUS","shapeType":"ADM1"}},{"type":"Feature","geometry":{"type":"Polygon","coordinates":[[[29.455,60.17],[29.57,60.195],[29.775,60.18],[29.92,60.145],[29.97,60.01],[30.18,59.985],[30.19,59.945],[30.235,59.915],[30.14,59.865],[30.025,59.86],[29.95,59.885],[29.8,59.91],[29.745,59.935],[29.65,59.93],[29.72,59.9],[29.715,59.875],[29.825,59.87],[30.005,59.835],[30.16,59.8],[30.27,59.79],[30.3,59.745],[30.255,59.7],[30.305,59.66],[30.47,59.64],[30.49,59.69],[30.65,59.72],[30.705,59.745],[30.7,59.78],[30.63,59.795],[30.495,59.845],[30.515,59.97],[30.505,60.005],[30.39,60.055],[30.37,60.09],[30.29,60.095],[30.145,60.135],[30.06,60.135],[29.97,60.175],[29.85,60.195],[29.76,60.245],[29.645,60.24],[29.58,60.22],[29.49,60.225],[29.455,60.17]]]},"properties":{"shapeName":"Санкт-Петербург","shapeISO":"RU-SPE","shapeID":"28173009B8796515134902","shapeGroup":"RUS","shapeType":"ADM1"}},{"type":"Feature","geometry":{"type":"MultiPolygon","coordinates":[[[[146.12,43.46],[146.185,43.48],[146.195,43.53],[146.15,43.54],[146.085,43.535],[146.12,43.46]]],[[[146.605,43.765],[146.635,43.72],[146.675,43.705],[146.7,43.745],[146.795,43.77],[146.845,43.81],[146.905,43.81],[146.895,43.845],[146.84,43.89],[146.775,43.875],[146.72,43.83],[146.605,43.82],[146.605,43.765]]],[[[145.545,43.935],[145.465,43.89],[145.405,43.845],[145.44,43.725],[145.55,43.73],[145.57,43.77],[145.575,43.84],[145.635,43.9],[145.72,43.915],[145.79,43.95],[145.82,44.02],[145.845,44.03],[145.905,44.12],[145.985,44.17],[146.05,44.195],[146.11,44.265],[146.295,44.275],[146.395,44.36],[146.455,44.375],[146.49,44.355],[146.535,44.38],[146.555,44.43],[146.455,44.42],[146.335,44.42],[146.24,44.455],[146.19,44.505],[146.145,44.515],[146.08,44.475],[146.01,44.37],[145.99,44.32],[145.885,44.25],[145.855,44.2],[145.79,44.15],[145.74,44.09],[145.74,44.05],[145.6,43.97],[145.545,43.935]]],[[[147.655,44.995],[147.7,45.005],[147.785,44.95],[147.89,44.97],[147.98,45],[148.095,45.11],[148.325,45.22],[148.495,45.26],[148.565,45.31],[148.645,45.335],[148.74,45.34],[148.775,45.325],[148.84,45.335],[148.875,45.39],[148.83,45.43],[148.835,45.46],[148.89,45.485],[148.855,45.54],[148.755,45.555],[148.655,45.54],[148.64,45.51],[148.585,45.49],[148.545,45.45],[148.485,45.42],[148.445,45.35],[148.355,45.31],[148.335,45.29],[148.235,45.265],[148.075,45.26],[148.03,45.27],[147.98,45.36],[147.965,45.42],[147.925,45.44],[147.875,45.405],[147.85,45.365],[147.875,45.23],[147.73,45.19],[147.69,45.135],[147.69,45.095],[147.635,45.075],[147.525,45.1],[147.505,44.99],[147.465,44.98],[147.385,44.91],[147.265,44.865],[147.245,44.81],[147.205,44.795],[147.135,44.83],[147.1,44.8],[147.14,44.77],[147.195,44.765],[147.19,44.705],[147.13,44.65],[147.07,44.64],[146.875,44.5],[146.87,44.44],[146.945,44.425],[146.985,44.445],[147.005,44.49],[147.06,44.545],[147.11,44.57],[147.21,44.57],[147.26,44.61],[147.265,44.64],[147.335,44.715],[147.44,44.77],[147.55,44.815],[147.65,44.925],[147.615,44.935],[147.655,44.995]]],[[[154.645,49.275],[154.73,49.265],[154.825,49.295],[154.84,49.335],[154.81,49.43],[154.835,49.505],[154.89,49.53],[154.905,49.61],[154.815,49.63],[154.765,49.555],[154.64,49.395],[154.62,49.345],[154.62,49.285],[154.645,49.275]]],[[[154.04,48.73],[154.07,48.78],[154.165,48.815],[154.23,48.885],[154.175,48.905],[154.1,48.885],[154.095,48.825],[154.065,48.785],[153.995,48.775],[153.975,48.75],[154.04,48.73]]],[[[154.545,49.155],[154.45,49.155],[154.475,49.095],[154.515,49.07],[154.59,49.095],[154.6,49.13],[154.545,49.155]]],[[[156.23,50.665],[156.275,50.635],[156.415,50.635],[156.465,50.72],[156.51,50.76],[156.5,50.84],[156.47,50.865],[156.37,50.84],[156.255,50.775],[156.2,50.77],[156.175,50.71],[156.23,50.665]]],[[[155.665,50.86],[155.66,50.9],[155.53,50.925],[155.46,50.88],[155.52,50.81],[155.66,50.805],[155.665,50.86]]],[[[155.855,50.625],[155.83,50.555],[155.74,50.435],[155.65,50.38],[155.575,50.385],[155.4,50.345],[155.385,50.305],[155.345,50.28],[155.275,50.305],[155.205,50.27],[155.255,50.22],[155.26,50.16],[155.225,50.05],[155.345,50.055],[155.415,50.015],[155.435,50.065],[155.485,50.12],[155.595,50.18],[155.79,50.195],[155.83,50.24],[155.88,50.245],[155.99,50.38],[156.025,50.4],[156.04,50.465],[156.165,50.515],[156.15,50.56],[156.155,50.605],[156.125,50.65],[156.145,50.675],[156.155,50.74],[156.035,50.77],[155.93,50.71],[155.865,50.655],[155.855,50.625]]],[[[149.985,46.03],[149.895,45.98],[149.845,45.905],[149.79,45.86],[149.74,45.845],[149.67,45.85],[149.515,45.68],[149.48,45.67],[149.455,45.615],[149.525,45.575],[149.625,45.61],[149.69,45.645],[149.935,45.82],[150,45.82],[150.17,45.93],[150.185,45.985],[150.385,46.13],[150.5,46.185],[150.405,46.225],[150.345,46.225],[150.29,46.2],[150.22,46.19],[150.18,46.155],[150.19,46.11],[150.135,46.09],[150.05,46.09],[149.985,46.03]]],[[[151.875,46.86],[151.715,46.85],[151.735,46.795],[151.825,46.78],[151.91,46.855],[152.03,46.9],[152.09,46.975],[152.14,46.985],[152.165,47.055],[152.25,47.1],[152.285,47.13],[152.18,47.15],[152.055,46.995],[151.925,46.945],[151.875,46.86]]],[[[152.485,47.375],[152.415,47.36],[152.42,47.315],[152.51,47.3],[152.535,47.35],[152.485,47.375]]],[[[141.855,46.405],[141.885,46.315],[141.895,46.245],[141.93,46.1],[141.92,46.045],[141.985,45.995],[142.025,45.93],[142.08,45.915],[142.1,45.985],[142.17,46.015],[142.2,46.105],[142.24,46.165],[142.25,46.275],[142.305,46.39],[142.35,46.455],[142.405,46.585],[142.485,46.675],[142.55,46.71],[142.725,46.745],[142.755,46.64],[142.79,46.605],[142.88,46.625],[143.065,46.595],[143.14,46.61],[143.21,46.58],[143.275,46.535],[143.34,46.465],[143.33,46.43],[143.415,46.24],[143.425,46.195],[143.395,46.1],[143.405,46.045],[143.465,46.1],[143.46,46.185],[143.505,46.225],[143.515,46.28],[143.565,46.3],[143.565,46.345],[143.595,46.385],[143.54,46.48],[143.495,46.695],[143.51,46.715],[143.475,46.825],[143.375,46.795],[143.305,46.8],[143.175,46.85],[143.09,46.92],[143.085,46.955],[143.02,47.075],[143.045,47.145],[143.015,47.25],[142.975,47.285],[142.935,47.355],[142.845,47.41],[142.79,47.425],[142.725,47.465],[142.635,47.56],[142.575,47.655],[142.525,47.78],[142.51,47.9],[142.55,48.035],[142.545,48.06],[142.645,48.31],[142.71,48.435],[142.75,48.555],[142.83,48.705],[142.98,48.9],[142.98,48.975],[142.95,48.995],[142.945,49.06],[142.97,49.115],[143.045,49.18],[143.155,49.24],[143.3,49.29],[143.495,49.315],[143.62,49.315],[143.84,49.295],[144.055,49.25],[144.15,49.21],[144.175,49.175],[144.24,49.14],[144.28,49.085],[144.34,49.035],[144.415,49.01],[144.525,48.925],[144.58,48.87],[144.655,48.775],[144.69,48.855],[144.515,48.97],[144.425,49.01],[144.28,49.25],[144.245,49.375],[144.22,49.43],[144.215,49.48],[144.24,49.5],[144.14,49.6],[144.115,49.675],[144.12,49.755],[144.065,49.83],[143.99,49.985],[144,50.02],[143.88,50.165],[143.79,50.32],[143.725,50.495],[143.69,50.64],[143.66,50.815],[143.6,51.015],[143.525,51.225],[143.485,51.245],[143.475,51.285],[143.42,51.31],[143.375,51.355],[143.45,51.365],[143.47,51.39],[143.435,51.495],[143.385,51.61],[143.335,51.615],[143.355,51.525],[143.235,51.505],[143.215,51.545],[143.245,51.58],[143.255,51.685],[143.31,51.745],[143.225,51.885],[143.105,51.94],[143.15,51.975],[143.105,52.045],[143.14,52.145],[143.16,52.285],[143.125,52.29],[143.12,52.36],[143.23,52.5],[143.275,52.455],[143.235,52.435],[143.18,52.37],[143.215,52.36],[143.285,52.455],[143.315,52.58],[143.32,52.79],[143.26,52.88],[143.165,52.94],[143.17,52.995],[143.1,53.035],[143.125,53.065],[143.08,53.12],[143.09,53.145],[143.06,53.215],[143.085,53.345],[143.155,53.365],[143.17,53.305],[143.13,53.275],[143.15,53.2],[143.265,53.165],[143.215,53.3],[143.15,53.42],[143.065,53.44],[143.105,53.475],[143.06,53.54],[142.995,53.535],[142.965,53.56],[143.035,53.585],[142.88,53.865],[142.91,53.99],[142.98,54.035],[142.995,54.08],[142.965,54.15],[142.805,54.29],[142.725,54.42],[142.665,54.41],[142.67,54.36],[142.605,54.32],[142.63,54.285],[142.52,54.24],[142.5,54.295],[142.325,54.27],[142.4,54.205],[142.415,54.16],[142.545,54.055],[142.695,53.945],[142.69,53.865],[142.65,53.79],[142.585,53.72],[142.67,53.725],[142.705,53.835],[142.745,53.83],[142.79,53.72],[142.735,53.645],[142.675,53.63],[142.635,53.69],[142.475,53.66],[142.505,53.585],[142.545,53.6],[142.64,53.54],[142.565,53.505],[142.49,53.42],[142.445,53.385],[142.325,53.365],[142.25,53.38],[142.205,53.535],[141.87,53.435],[141.765,53.375],[141.8,53.32],[141.79,53.285],[141.83,53.195],[141.83,53.16],[141.925,53.055],[141.89,52.925],[141.855,52.885],[141.85,52.775],[141.82,52.72],[141.845,52.705],[141.815,52.655],[141.805,52.595],[141.835,52.575],[141.75,52.445],[141.655,52.395],[141.63,52.32],[141.67,52.265],[141.645,52.225],[141.695,52.17],[141.635,52.075],[141.675,51.98],[141.675,51.94],[141.635,51.875],[141.76,51.845],[141.815,51.795],[141.805,51.725],[141.755,51.715],[141.925,51.57],[142.05,51.495],[142.09,51.445],[142.095,51.39],[142.17,51.315],[142.165,51.275],[142.195,51.21],[142.255,51.145],[142.255,51.09],[142.24,51.01],[142.19,50.945],[142.135,50.895],[142.085,50.82],[142.095,50.725],[142.055,50.64],[142.045,50.55],[142.1,50.43],[142.155,50.365],[142.14,50.3],[142.17,50.135],[142.175,50.05],[142.145,50.02],[142.135,49.875],[142.165,49.805],[142.16,49.685],[142.145,49.62],[142.145,49.52],[142.13,49.455],[142.1,49.425],[142.08,49.365],[142.07,49.26],[142.09,49.23],[142.06,49.165],[142.03,49.145],[142.04,49.085],[142.005,49],[142.005,48.945],[141.96,48.925],[141.98,48.875],[141.92,48.845],[141.85,48.77],[141.87,48.675],[141.965,48.545],[142.07,48.435],[142.145,48.325],[142.15,48.24],[142.17,48.21],[142.175,48.085],[142.2,47.99],[142.175,47.935],[142.09,47.86],[142.085,47.825],[142.005,47.695],[142.005,47.67],[141.96,47.62],[141.955,47.525],[141.965,47.445],[142,47.37],[141.975,47.285],[142.02,47.25],[142.05,47.19],[142.06,47.105],[142.03,47.035],[142.005,46.945],[141.92,46.81],[141.86,46.695],[141.85,46.63],[141.81,46.6],[141.825,46.48],[141.855,46.405]]]]},"properties":{"shapeName":"Сахалинская область","shapeISO":"RU-SAK","shapeID":"28173009B36269087375583","shapeGroup":"RUS","shapeType":"ADM1"}},{"type":"Feature","geometry":{"type":"MultiPolygon","coordinates":[[[[161.44,68.905],[161.535,68.895],[161.53,68.975],[161.445,69.05],[161.435,69.16],[161.465,69.18],[161.34,69.205],[161.32,69.21],[161.295,69.215],[161.275,69.22],[161.265,69.225],[161.24,69.23],[161.225,69.26],[161.23,69.275],[161.185,69.29],[161.175,69.28],[161.14,69.28],[161.115,69.205],[161.155,69.055],[161.335,69.03],[161.5,68.95],[161.44,68.905]]],[[[161.455,69.45],[161.37,69.395],[161.535,69.415],[161.665,69.475],[161.625,69.515],[161.665,69.58],[161.58,69.61],[161.495,69.615],[161.41,69.555],[161.455,69.525],[161.455,69.45]]],[[[161.415,69.475],[161.4,69.535],[161.095,69.445],[161.1,69.385],[161.18,69.295],[161.215,69.285],[161.235,69.27],[161.24,69.23],[161.265,69.225],[161.28,69.22],[161.3,69.215],[161.33,69.21],[161.36,69.21],[161.375,69.205],[161.355,69.23],[161.38,69.255],[161.42,69.265],[161.42,69.29],[161.335,69.415],[161.405,69.43],[161.415,69.475]]],[[[137.46,71.485],[137.62,71.475],[137.745,71.41],[137.9,71.44],[138.02,71.5],[137.985,71.575],[137.775,71.6],[137.72,71.575],[137.545,71.59],[137.375,71.59],[137.205,71.565],[137.23,71.515],[137.46,71.485]]],[[[129.025,72.205],[129.21,72.23],[129.205,72.255],[129.445,72.3],[129.285,72.335],[129.03,72.345],[128.855,72.31],[128.805,72.31],[128.81,72.295],[128.88,72.295],[128.91,72.275],[128.905,72.235],[129.025,72.205]]],[[[128.32,72.25],[128.38,72.285],[128.28,72.32],[128.16,72.325],[128.055,72.365],[127.935,72.35],[128.14,72.265],[128.32,72.25]]],[[[128.32,72.315],[128.69,72.285],[128.745,72.335],[128.58,72.345],[128.365,72.375],[128.16,72.39],[128.065,72.375],[128.185,72.33],[128.32,72.315]]],[[[127.265,72.515],[127.19,72.505],[127,72.51],[126.98,72.54],[126.72,72.5],[126.685,72.465],[126.745,72.43],[127.115,72.465],[127.265,72.515]]],[[[129.025,72.41],[129.135,72.385],[129.23,72.395],[129.335,72.445],[129.08,72.47],[128.98,72.46],[129.025,72.41]]],[[[127.97,72.53],[127.81,72.525],[127.69,72.49],[127.665,72.45],[127.845,72.42],[127.88,72.4],[128.105,72.39],[128.285,72.395],[128.595,72.39],[128.69,72.405],[128.9,72.375],[129.035,72.395],[128.965,72.455],[128.795,72.45],[128.625,72.47],[128.51,72.515],[128.35,72.525],[128.16,72.555],[128.06,72.525],[127.97,72.53]]],[[[136.235,75.625],[135.96,75.685],[135.81,75.78],[135.72,75.8],[135.61,75.675],[135.64,75.575],[135.605,75.51],[135.52,75.445],[135.535,75.37],[135.73,75.365],[135.875,75.375],[136.055,75.445],[135.965,75.49],[136.1,75.58],[136.235,75.625]]],[[[146.25,75.345],[146.29,75.27],[146.135,75.225],[146.3,75.17],[146.78,75.1],[147.15,75],[147.32,74.98],[147.69,74.955],[147.95,74.865],[148.11,74.795],[148.26,74.77],[148.71,74.735],[149.175,74.73],[149.645,74.755],[150.065,74.82],[150.63,74.86],[150.7,74.96],[150.695,75.01],[150.795,75.04],[150.85,75.09],[150.965,75.125],[150.805,75.145],[150.71,75.1],[150.61,75.085],[150.385,75.115],[150.29,75.17],[150.14,75.205],[149.86,75.215],[149.595,75.245],[149.34,75.26],[148.715,75.195],[148.565,75.215],[148.31,75.225],[148.55,75.26],[148.51,75.31],[148.565,75.375],[148.37,75.4],[147.95,75.395],[147.62,75.44],[147.51,75.42],[147.495,75.385],[147.285,75.38],[147.115,75.32],[146.925,75.33],[146.795,75.35],[146.645,75.43],[146.75,75.515],[146.685,75.545],[146.515,75.585],[146.39,75.545],[146.415,75.505],[146.345,75.435],[146.23,75.385],[146.25,75.345]]],[[[112.5,74.52],[112.11,74.55],[112.02,74.54],[112.02,74.445],[112.085,74.43],[112.055,74.36],[111.835,74.335],[111.665,74.365],[111.555,74.35],[111.51,74.295],[111.68,74.24],[111.97,74.215],[112.21,74.135],[112.49,74.115],[112.645,74.085],[112.835,74.08],[112.985,74.185],[113.225,74.215],[113.455,74.415],[113.415,74.445],[113.26,74.485],[113.085,74.505],[112.755,74.51],[112.5,74.52]]],[[[148.975,76.655],[149.22,76.635],[149.23,76.68],[149.315,76.725],[149.23,76.74],[148.84,76.725],[148.53,76.635],[148.975,76.655]]],[[[143.44,74.995],[143.06,75.06],[142.75,75.075],[142.645,75.11],[142.45,75.215],[142.41,75.26],[142.21,75.365],[142.16,75.42],[142.185,75.475],[142.105,75.51],[142.125,75.55],[142.265,75.65],[142.42,75.665],[142.345,75.71],[142.42,75.74],[142.94,75.725],[143.085,75.68],[143.09,75.625],[143.02,75.585],[142.82,75.545],[142.695,75.505],[142.55,75.395],[142.535,75.34],[142.745,75.3],[142.77,75.23],[142.885,75.22],[142.975,75.135],[143.19,75.105],[143.37,75.05],[143.625,75.065],[143.78,75.065],[144.085,75.01],[144.155,75.03],[144.39,75.05],[144.725,75.15],[144.77,75.23],[144.93,75.27],[144.835,75.295],[144.78,75.37],[144.855,75.43],[145.175,75.495],[145.38,75.515],[145.26,75.57],[144.89,75.63],[144.625,75.7],[144.42,75.705],[144.285,75.73],[144.055,75.8],[143.76,75.84],[143.45,75.845],[143.165,75.8],[142.925,75.815],[142.61,75.855],[142.445,75.89],[142.24,75.98],[142.075,76.015],[141.815,76.105],[141.575,76.13],[141.455,76.12],[141.57,76.05],[141.44,76.025],[141.045,76.005],[140.965,75.93],[141.025,75.855],[141,75.825],[141.065,75.775],[141.03,75.745],[141.185,75.63],[140.965,75.595],[140.67,75.625],[140.475,75.625],[140.375,75.675],[140.465,75.79],[140.165,75.8],[139.835,75.87],[139.86,75.91],[140.005,75.945],[139.88,75.965],[139.6,75.985],[139.425,76.05],[139.175,76.09],[139.04,76.155],[139.055,76.195],[138.815,76.2],[138.595,76.175],[138.27,76.12],[138.105,76],[137.655,75.99],[137.49,75.94],[137.44,75.88],[137.61,75.79],[137.435,75.75],[137.27,75.765],[137.16,75.73],[137.28,75.585],[137.19,75.55],[137.285,75.455],[137.175,75.425],[137.47,75.38],[137.43,75.33],[137.245,75.315],[137.08,75.37],[136.93,75.345],[136.955,75.265],[137.36,75.055],[137.665,75],[137.865,74.94],[138,74.835],[138.175,74.755],[138.655,74.715],[139.035,74.64],[139.27,74.65],[139.455,74.705],[139.52,74.745],[139.6,74.835],[139.52,74.86],[139.555,74.93],[139.645,74.96],[139.775,74.945],[140.035,74.875],[140.105,74.805],[140.19,74.805],[140.84,74.885],[141.555,74.93],[141.615,74.955],[141.85,74.995],[142.085,74.995],[141.975,74.915],[142.36,74.815],[142.495,74.795],[142.635,74.82],[142.72,74.895],[142.87,74.875],[142.96,74.895],[143.085,74.875],[143.225,74.885],[143.47,74.89],[143.68,74.93],[143.695,74.955],[143.56,75],[143.44,74.995]]],[[[110.9,73.765],[110.845,73.72],[110.965,73.7],[111.19,73.66],[111.2,73.605],[111.01,73.56],[110.875,73.565],[110.84,73.52],[110.675,73.47],[110.615,73.425],[110.465,73.42],[110.245,73.375],[110.53,73.315],[110.62,73.25],[110.355,73.2],[110.34,73.165],[110.54,73.15],[110.85,73.16],[110.745,73.105],[110.85,73.055],[110.66,72.99],[110.82,72.95],[110.755,72.9],[110.625,72.88],[110.735,72.8],[110.66,72.755],[110.77,72.645],[110.91,72.63],[110.865,72.605],[111.025,72.565],[111.18,72.56],[111.3,72.515],[111.29,72.485],[111,72.435],[111.075,72.41],[111.065,72.365],[111.17,72.36],[111.32,72.32],[111.575,72.325],[111.645,72.3],[111.64,72.255],[111.71,72.165],[111.895,72.13],[112,72.125],[112,71.67],[112,71.4],[112.335,71.34],[112.38,71.31],[112.51,71.275],[112.595,71.295],[112.725,71.255],[112.665,71.195],[112.51,71.16],[112.6,71.11],[112.51,71.1],[112.435,71.07],[112.355,71.07],[112.185,71.015],[112.105,71.06],[112.025,71.05],[111.945,70.98],[111.75,70.97],[111.61,70.935],[111.48,70.93],[111.43,70.88],[111.325,70.855],[111.195,70.86],[111.035,70.84],[110.84,70.78],[110.73,70.8],[110.52,70.765],[110.515,70.715],[110.335,70.695],[110.31,70.67],[110.125,70.635],[110.09,70.54],[110.115,70.475],[110.295,70.405],[109.845,70.39],[109.56,70.35],[109.615,70.285],[109.575,70.25],[109.46,70.22],[109.3,70.21],[109.305,70.145],[109.365,70.13],[109.35,70.085],[109.415,70.05],[109.545,70.03],[109.53,69.995],[109.42,69.97],[109.375,69.915],[109.415,69.895],[109.325,69.79],[109.2,69.755],[109.12,69.77],[108.945,69.77],[108.9,69.845],[108.805,69.83],[108.55,69.83],[108.495,69.845],[108.25,69.855],[108.22,69.83],[108.005,69.75],[108.02,69.7],[107.605,69.66],[107.41,69.615],[107.175,69.585],[107.07,69.555],[106.85,69.525],[106.63,69.53],[106.615,69.56],[106.52,69.58],[106.445,69.56],[106.35,69.51],[106.34,69.475],[106.18,69.44],[106.145,69.41],[106.605,69.085],[106.905,68.86],[106.905,68.685],[106.92,68.255],[106.885,67.92],[106.87,67.835],[106.875,67.67],[106.835,67.495],[106.82,67.335],[106.68,67.25],[106.545,67.29],[106.44,67.265],[106.34,67.2],[106.22,67.17],[106.07,67.17],[106.065,67.115],[105.95,67.04],[105.77,67.03],[105.67,67.015],[105.58,67.02],[105.545,66.985],[105.7,66.925],[105.785,66.935],[105.855,66.91],[106.08,66.895],[106.095,66.86],[105.985,66.805],[106.085,66.78],[106.17,66.71],[106.225,66.695],[106.235,66.565],[106.32,66.52],[106.33,66.475],[106.25,66.435],[106.15,66.41],[106.095,66.335],[106.135,66.31],[106.135,66.25],[106.11,66.195],[106.205,66.145],[106.34,66.15],[106.415,66.06],[106.52,66],[106.465,65.93],[106.485,65.855],[106.45,65.825],[106.45,65.71],[106.43,65.665],[106.595,65.64],[106.705,65.6],[106.705,65.54],[106.965,65.51],[106.94,65.47],[106.86,65.44],[106.855,65.41],[106.775,65.385],[106.545,65.38],[106.515,65.34],[106.43,65.315],[106.425,65.23],[106.315,65.17],[106.31,65.145],[106.19,65.135],[106.11,65.07],[106.025,65.065],[105.95,65.04],[105.98,65],[106.065,64.965],[106.115,64.91],[105.93,64.91],[105.985,64.83],[105.865,64.82],[105.82,64.76],[105.825,64.72],[105.875,64.685],[105.78,64.67],[105.71,64.6],[105.755,64.58],[105.815,64.5],[105.92,64.5],[105.985,64.535],[106.06,64.525],[106.135,64.485],[106.09,64.43],[106.185,64.415],[106.27,64.445],[106.56,64.46],[106.555,64.515],[106.655,64.53],[106.725,64.435],[106.825,64.42],[106.885,64.44],[106.96,64.405],[107.135,64.35],[107.255,64.345],[107.32,64.275],[107.375,64.26],[107.56,64.315],[107.64,64.31],[107.82,64.23],[107.975,64.18],[108.045,64.185],[108.085,64.245],[108.19,64.28],[108.365,64.265],[108.505,64.305],[108.52,64.21],[108.595,64.195],[108.56,64.13],[108.615,64.07],[108.74,64.035],[108.75,63.97],[108.71,63.935],[108.805,63.87],[108.65,63.82],[108.615,63.85],[108.495,63.82],[108.375,63.865],[108.285,63.835],[108.3,63.715],[108.225,63.67],[108.125,63.66],[108.145,63.605],[108.36,63.61],[108.4,63.625],[108.565,63.635],[108.655,63.61],[108.735,63.62],[108.83,63.59],[109.08,63.575],[109.19,63.53],[109.205,63.48],[109.43,63.315],[109.42,63.28],[109.475,63.25],[109.44,63.205],[109.455,63.11],[109.5,63.085],[109.47,63.025],[109.525,62.995],[109.495,62.955],[109.62,62.9],[109.685,62.845],[109.515,62.785],[109.465,62.75],[109.485,62.7],[109.38,62.67],[109.38,62.61],[109.255,62.6],[109.3,62.52],[109.36,62.485],[109.43,62.475],[109.465,62.425],[109.555,62.455],[109.665,62.435],[109.825,62.445],[109.91,62.435],[109.89,62.37],[109.995,62.31],[109.92,62.26],[110.005,62.185],[109.885,62.125],[109.87,62.065],[109.815,62.025],[109.72,62],[109.64,61.93],[109.575,61.915],[109.61,61.86],[109.575,61.835],[109.62,61.8],[109.61,61.74],[109.725,61.685],[109.71,61.655],[109.79,61.61],[109.87,61.55],[109.81,61.48],[109.84,61.425],[109.815,61.37],[109.765,61.335],[109.995,61.315],[110.11,61.28],[110.135,61.225],[110.225,61.165],[110.345,61.175],[110.425,61.21],[110.525,61.18],[110.54,61.085],[110.46,60.98],[110.37,60.94],[110.26,60.82],[110.3,60.78],[110.3,60.725],[110.26,60.685],[110.1,60.695],[110.14,60.605],[110.07,60.59],[110.02,60.535],[109.95,60.505],[109.905,60.46],[109.95,60.415],[109.84,60.34],[109.79,60.255],[109.725,60.24],[109.695,60.16],[109.705,60.055],[109.755,60.025],[109.675,59.985],[109.67,59.94],[109.62,59.94],[109.665,59.875],[109.565,59.845],[109.475,59.77],[109.475,59.72],[109.545,59.665],[109.34,59.545],[109.335,59.51],[109.25,59.465],[109.345,59.415],[109.24,59.38],[109.29,59.315],[109.455,59.315],[109.525,59.25],[109.51,59.195],[109.625,59.165],[109.62,59.085],[109.725,59.09],[109.755,59.035],[109.81,59.005],[109.985,59.025],[110.02,59],[110.16,58.98],[110.31,59.01],[110.405,59.055],[110.475,59.045],[110.54,59.09],[110.545,59.13],[110.605,59.14],[110.55,59.185],[110.64,59.22],[110.635,59.245],[110.72,59.28],[110.95,59.245],[110.985,59.215],[111.045,59.225],[111.22,59.205],[111.3,59.28],[111.45,59.29],[111.56,59.235],[111.65,59.225],[111.79,59.3],[111.975,59.315],[111.96,59.34],[112.085,59.395],[112.095,59.43],[112.18,59.47],[112.2,59.505],[112.3,59.525],[112.285,59.485],[112.34,59.425],[112.275,59.375],[112.365,59.31],[112.415,59.335],[112.52,59.35],[112.65,59.315],[112.645,59.28],[112.505,59.235],[112.445,59.15],[112.47,59.085],[112.435,59.055],[112.44,58.92],[112.52,58.89],[112.6,58.99],[112.515,59.045],[112.53,59.075],[112.655,59.055],[112.755,59.055],[112.75,59.095],[112.805,59.125],[112.93,59.155],[113.025,59.145],[113.11,59.15],[113.2,59.185],[113.28,59.16],[113.325,59.215],[113.485,59.28],[113.46,59.31],[113.53,59.35],[113.43,59.38],[113.465,59.43],[113.615,59.515],[113.63,59.56],[113.59,59.595],[113.705,59.63],[113.795,59.63],[113.9,59.69],[113.97,59.69],[114,59.73],[114.1,59.765],[114.13,59.755],[114.225,59.795],[114.23,59.835],[114.29,59.855],[114.295,59.89],[114.425,59.95],[114.53,59.985],[114.555,60.01],[114.49,60.035],[114.545,60.085],[114.565,60.13],[114.655,60.175],[114.775,60.205],[114.905,60.19],[114.985,60.215],[115.115,60.325],[115.095,60.415],[115.215,60.46],[115.21,60.49],[115.305,60.515],[115.365,60.49],[115.595,60.535],[115.695,60.55],[115.76,60.52],[115.875,60.525],[115.94,60.455],[116.005,60.47],[116.165,60.43],[116.185,60.395],[116.27,60.41],[116.325,60.375],[116.545,60.39],[116.625,60.345],[116.61,60.3],[116.76,60.28],[116.78,60.245],[116.88,60.205],[117.01,60.1],[116.99,60.07],[117.1,60.03],[117.265,60.055],[117.355,60.02],[117.155,59.975],[117.075,59.975],[117.01,59.915],[117.1,59.87],[117.22,59.875],[117.23,59.75],[117.175,59.715],[117.205,59.68],[117.145,59.655],[117.11,59.61],[117.195,59.585],[117.25,59.515],[117.44,59.525],[117.5,59.495],[117.585,59.51],[117.645,59.54],[117.785,59.56],[117.825,59.445],[117.97,59.5],[117.94,59.54],[118.03,59.575],[118.08,59.625],[118.24,59.64],[118.34,59.62],[118.36,59.525],[118.495,59.5],[118.605,59.45],[118.765,59.42],[118.75,59.345],[118.81,59.33],[118.67,59.185],[118.71,59.12],[118.695,59.06],[118.82,59.05],[118.875,58.965],[118.75,58.935],[118.765,58.895],[118.875,58.825],[118.84,58.775],[118.86,58.73],[118.775,58.61],[118.865,58.575],[118.99,58.56],[119.13,58.49],[119.105,58.42],[119.06,58.37],[119.14,58.3],[119.115,58.24],[119.165,58.17],[119.145,58.09],[119.165,58.03],[119.095,57.915],[119.105,57.835],[119.045,57.765],[119.06,57.73],[119.165,57.72],[119.18,57.59],[119.14,57.555],[119.17,57.52],[119.225,57.525],[119.27,57.595],[119.34,57.62],[119.415,57.62],[119.5,57.6],[119.49,57.55],[119.42,57.515],[119.4,57.435],[119.435,57.385],[119.51,57.37],[119.585,57.305],[119.605,57.235],[119.66,57.17],[119.605,57.135],[119.575,57.075],[119.595,57.03],[119.69,56.985],[119.78,56.985],[119.805,56.93],[119.855,56.895],[120.08,56.925],[120.27,57.005],[120.33,57.02],[120.54,57.045],[120.61,57.025],[120.675,57.045],[120.74,57.025],[120.87,57.06],[121.01,57.045],[121.05,57.005],[121.2,56.99],[121.405,56.985],[121.46,56.97],[121.52,56.92],[121.51,56.87],[121.585,56.85],[121.635,56.79],[121.61,56.74],[121.7,56.76],[121.835,56.74],[121.96,56.745],[122.005,56.76],[122.165,56.745],[122.205,56.725],[122.29,56.64],[122.385,56.635],[122.46,56.6],[122.465,56.57],[122.55,56.525],[122.57,56.485],[122.69,56.5],[122.765,56.49],[122.8,56.525],[122.795,56.585],[122.885,56.595],[122.9,56.555],[123.02,56.525],[123.025,56.505],[123.165,56.46],[123.195,56.44],[123.43,56.42],[123.55,56.42],[123.685,56.405],[123.755,56.425],[123.92,56.39],[124.015,56.29],[124.035,56.255],[124.125,56.23],[124.21,56.155],[124.215,56.085],[124.35,56.07],[124.395,56.055],[124.39,55.995],[124.45,55.92],[124.505,55.885],[124.64,55.94],[124.7,55.925],[124.76,55.87],[124.81,55.885],[124.91,55.84],[124.98,55.84],[125.165,55.895],[125.255,55.91],[125.33,55.875],[125.39,55.875],[125.45,55.85],[125.445,55.815],[125.565,55.74],[125.615,55.775],[125.805,55.805],[125.995,55.765],[126.045,55.73],[126.09,55.67],[126.065,55.645],[126.095,55.59],[126.18,55.59],[126.235,55.61],[126.36,55.595],[126.415,55.56],[126.49,55.57],[126.51,55.615],[126.59,55.655],[126.68,55.665],[126.725,55.6],[126.785,55.625],[126.855,55.61],[126.925,55.63],[126.905,55.675],[126.97,55.7],[127.16,55.695],[127.185,55.72],[127.32,55.69],[127.35,55.615],[127.46,55.58],[127.54,55.605],[127.545,55.665],[127.625,55.675],[127.71,55.73],[127.795,55.705],[127.8,55.665],[127.925,55.66],[128.115,55.69],[128.305,55.69],[128.38,55.63],[128.425,55.625],[128.495,55.58],[128.49,55.555],[128.635,55.55],[128.7,55.565],[128.705,55.515],[128.82,55.505],[128.905,55.515],[128.955,55.495],[129.055,55.51],[129.1,55.54],[129.1,55.63],[129.05,55.665],[129.05,55.695],[129.385,55.735],[129.455,55.73],[129.65,55.78],[129.715,55.765],[129.79,55.775],[129.835,55.745],[129.905,55.78],[129.965,55.755],[130,55.715],[130.15,55.71],[130.355,55.745],[130.54,55.73],[130.625,55.76],[130.68,55.745],[130.74,55.755],[130.89,55.705],[130.955,55.71],[130.96,55.815],[130.9,55.85],[130.86,55.915],[130.935,55.96],[130.895,56.015],[130.97,56.08],[130.97,56.135],[131.005,56.18],[131.08,56.205],[131.14,56.29],[131.095,56.385],[131.185,56.455],[131.22,56.52],[131.35,56.515],[131.385,56.46],[131.435,56.54],[131.565,56.55],[131.635,56.52],[131.615,56.485],[131.725,56.47],[131.685,56.53],[131.71,56.61],[131.68,56.675],[131.805,56.725],[131.81,56.82],[131.735,56.86],[131.66,56.93],[131.605,56.955],[131.475,57.055],[131.485,57.095],[131.43,57.14],[131.33,57.16],[131.335,57.185],[131.25,57.195],[131.125,57.25],[131.21,57.26],[131.255,57.3],[131.51,57.27],[131.555,57.315],[131.615,57.315],[131.605,57.425],[131.64,57.46],[131.73,57.5],[131.75,57.53],[131.725,57.565],[131.85,57.625],[131.94,57.615],[131.985,57.665],[132.07,57.685],[132.05,57.73],[131.96,57.79],[131.88,57.815],[131.88,57.85],[131.815,57.87],[131.8,57.935],[131.71,57.95],[131.695,57.97],[131.58,58.04],[131.645,58.08],[131.54,58.11],[131.495,58.17],[131.455,58.195],[131.555,58.21],[131.595,58.2],[131.705,58.2],[131.77,58.15],[131.815,58.165],[131.98,58.08],[131.985,58.05],[132.065,58.05],[132.135,58.08],[132.1,58.125],[132,58.15],[132.015,58.2],[132.11,58.28],[132.2,58.255],[132.23,58.33],[132.195,58.395],[132.175,58.49],[132.14,58.515],[132.28,58.525],[132.43,58.51],[132.385,58.56],[132.545,58.66],[132.505,58.675],[132.545,58.73],[132.535,58.82],[132.59,58.895],[132.775,58.885],[132.79,58.93],[132.845,58.995],[132.75,59.02],[132.84,59.07],[132.825,59.12],[132.935,59.105],[132.965,59.14],[133.06,59.2],[133.2,59.245],[133.27,59.225],[133.485,59.31],[133.57,59.295],[133.57,59.25],[133.745,59.23],[133.87,59.26],[134.075,59.255],[134.185,59.22],[134.365,59.2],[134.39,59.175],[134.485,59.14],[134.565,59.205],[134.7,59.21],[134.75,59.155],[134.845,59.135],[134.93,59.17],[135.055,59.15],[135.15,59.115],[135.25,59.14],[135.24,59.18],[135.3,59.205],[135.26,59.235],[135.36,59.31],[135.35,59.335],[135.435,59.38],[135.51,59.44],[135.615,59.49],[135.735,59.505],[135.825,59.525],[135.95,59.46],[136.06,59.445],[136.12,59.415],[136.315,59.425],[136.345,59.395],[136.44,59.395],[136.555,59.37],[136.605,59.38],[136.66,59.35],[136.775,59.34],[136.82,59.39],[137.005,59.435],[137.115,59.45],[137.185,59.445],[137.22,59.48],[137.3,59.495],[137.355,59.54],[137.5,59.56],[137.45,59.615],[137.49,59.68],[137.555,59.7],[137.56,59.73],[137.63,59.75],[137.725,59.745],[137.82,59.76],[137.9,59.74],[137.975,59.77],[138.08,59.75],[138.02,59.67],[138.045,59.645],[138.22,59.655],[138.22,59.815],[138.175,59.825],[138.2,59.915],[138.27,59.945],[138.235,59.985],[138.26,60.07],[138.21,60.1],[138.24,60.175],[138.18,60.21],[138.215,60.28],[138.305,60.315],[138.305,60.37],[138.335,60.4],[138.27,60.485],[138.32,60.495],[138.36,60.56],[138.33,60.605],[138.395,60.62],[138.39,60.67],[138.43,60.705],[138.315,60.74],[138.305,60.775],[138.205,60.855],[138.27,60.955],[138.345,60.98],[138.36,61.045],[138.395,61.1],[138.48,61.14],[138.555,61.15],[138.66,61.205],[138.65,61.295],[138.83,61.33],[138.97,61.315],[139.04,61.345],[139.09,61.435],[139.2,61.42],[139.28,61.43],[139.375,61.46],[139.39,61.485],[139.555,61.475],[139.65,61.56],[139.69,61.66],[139.77,61.655],[139.8,61.715],[139.85,61.735],[139.925,61.795],[139.98,61.86],[139.955,61.935],[140.035,61.99],[140.115,61.97],[140.175,62.015],[140.275,62.04],[140.255,62.09],[140.3,62.105],[140.335,62.185],[140.285,62.245],[140.345,62.375],[140.42,62.415],[140.665,62.415],[140.725,62.455],[140.74,62.51],[140.83,62.53],[140.89,62.495],[140.995,62.475],[141.06,62.49],[141.085,62.425],[141.13,62.405],[141.28,62.4],[141.32,62.385],[141.39,62.325],[141.495,62.285],[141.54,62.235],[141.56,62.155],[141.73,62.075],[141.855,62.085],[141.905,62.035],[142.065,62.04],[142.15,62.075],[142.19,62.04],[142.27,62.015],[142.265,61.965],[142.355,61.965],[142.42,61.94],[142.42,61.88],[142.57,61.93],[142.765,61.965],[142.85,61.95],[142.89,61.905],[143.005,61.915],[143.025,61.95],[143.105,62.015],[143.135,62.105],[143.23,62.115],[143.275,62.09],[143.285,62.05],[143.4,62.03],[143.505,62.055],[143.61,62.035],[143.605,61.955],[143.64,61.905],[143.77,61.905],[143.775,61.955],[143.885,61.985],[143.935,61.975],[143.965,61.905],[144,61.895],[143.935,61.795],[143.96,61.755],[144.12,61.735],[144.135,61.755],[144.25,61.74],[144.295,61.775],[144.41,61.835],[144.515,61.845],[144.525,61.875],[144.61,61.935],[144.585,61.975],[144.655,61.99],[144.735,62.045],[144.735,62.095],[144.875,62.135],[144.875,62.16],[144.99,62.17],[145.055,62.23],[145.13,62.245],[145.21,62.3],[145.15,62.395],[145.19,62.435],[145.15,62.475],[145.28,62.525],[145.385,62.5],[145.435,62.53],[145.425,62.645],[145.39,62.685],[145.43,62.705],[145.355,62.745],[145.38,62.83],[145.41,62.865],[145.305,63.09],[145.25,63.16],[145.275,63.18],[145.26,63.245],[145.345,63.3],[145.44,63.38],[145.47,63.525],[145.53,63.57],[145.6,63.645],[145.675,63.67],[145.655,63.77],[145.6,63.83],[145.83,63.88],[145.885,63.88],[146.01,63.915],[146.17,63.93],[146.23,63.98],[146.23,64.02],[146.335,64.07],[146.33,64.1],[146.385,64.18],[146.43,64.2],[146.545,64.19],[146.685,64.155],[146.83,64.15],[147.01,64.135],[147.135,64.09],[147.25,64.025],[147.35,64.045],[147.385,64.09],[147.34,64.11],[147.475,64.145],[147.545,64.145],[147.62,64.175],[147.735,64.115],[147.65,64.065],[147.68,64.02],[147.805,63.995],[147.79,63.955],[148.02,63.935],[148.11,64.015],[148.175,64.025],[148.16,64.105],[148.28,64.165],[148.28,64.245],[148.2,64.28],[148.125,64.295],[148.05,64.405],[148.225,64.44],[148.33,64.53],[148.5,64.51],[148.555,64.45],[148.71,64.4],[149.04,64.43],[149.19,64.42],[149.195,64.38],[149.34,64.375],[149.36,64.42],[149.475,64.405],[149.56,64.435],[149.58,64.47],[149.735,64.52],[149.775,64.545],[149.87,64.56],[149.96,64.55],[150,64.505],[150.14,64.465],[150.13,64.435],[150.015,64.35],[150.085,64.295],[150.21,64.26],[150.235,64.21],[150.43,64.205],[150.54,64.17],[150.635,64.17],[150.675,64.27],[150.585,64.305],[150.64,64.34],[150.795,64.325],[151,64.335],[151.165,64.36],[151.37,64.365],[151.48,64.39],[151.48,64.42],[151.815,64.47],[151.975,64.49],[152.05,64.47],[152.15,64.35],[152.255,64.355],[152.29,64.375],[152.45,64.395],[152.435,64.47],[152.36,64.51],[152.4,64.53],[152.6,64.58],[152.625,64.61],[152.725,64.625],[152.845,64.7],[152.75,64.775],[152.655,64.81],[152.585,64.81],[152.52,64.915],[152.52,64.975],[152.57,65],[152.645,65.085],[152.66,65.17],[152.935,65.255],[152.975,65.245],[153.185,65.27],[153.19,65.295],[153.385,65.335],[153.5,65.345],[153.59,65.4],[153.55,65.445],[153.46,65.46],[153.49,65.585],[153.54,65.635],[153.515,65.665],[153.575,65.69],[153.55,65.73],[153.485,65.75],[153.53,65.81],[153.68,65.845],[153.955,65.875],[154.1,65.835],[154.09,65.785],[154.155,65.775],[154.265,65.805],[154.325,65.88],[154.39,65.9],[154.415,65.95],[154.375,66.03],[154.23,66.045],[154.265,66.09],[154.365,66.105],[154.395,66.185],[154.59,66.22],[154.665,66.18],[154.8,66.175],[154.885,66.15],[154.89,66.11],[155.075,66.13],[155.07,66.165],[155.265,66.18],[155.4,66.125],[155.565,66.14],[155.67,66.125],[155.75,66.16],[155.83,66.14],[155.86,66.105],[155.95,66.07],[156.005,66.075],[156.345,66.06],[156.425,66.04],[156.535,66.09],[156.54,66.12],[156.71,66.18],[156.765,66.12],[156.905,66.065],[156.92,66.04],[157.035,66.005],[157,65.965],[157.085,65.915],[157.145,65.9],[157.45,65.91],[157.41,65.97],[157.44,66],[157.62,66.025],[157.74,66.1],[158.04,66.115],[158.165,66.135],[158.295,66.1],[158.465,66.08],[158.52,66.105],[158.43,66.205],[158.45,66.275],[158.545,66.335],[158.37,66.43],[158.505,66.465],[158.49,66.505],[158.535,66.55],[158.635,66.565],[158.665,66.615],[158.725,66.64],[158.71,66.69],[158.935,66.77],[158.86,66.815],[158.865,66.87],[158.81,66.905],[158.81,66.965],[158.715,67.035],[158.575,67.065],[158.335,67.13],[158.095,67.23],[157.925,67.26],[157.81,67.31],[157.91,67.42],[157.795,67.45],[157.8,67.49],[157.73,67.515],[157.81,67.675],[157.935,67.72],[158.24,67.71],[158.36,67.735],[158.25,67.825],[158.105,67.82],[158.08,67.865],[158.105,67.915],[158.215,67.94],[158.3,68.005],[158.29,68.035],[158.4,68.08],[158.505,68.09],[158.645,68.125],[158.9,68.1],[159.05,68.15],[159.245,68.19],[159.365,68.19],[159.635,68.225],[159.73,68.19],[159.83,68.25],[160.075,68.265],[160.185,68.265],[160.395,68.24],[160.73,68.25],[161.03,68.285],[161.2,68.34],[161.335,68.37],[161.645,68.375],[161.715,68.345],[161.95,68.355],[162.055,68.34],[162.195,68.335],[162.395,68.275],[162.55,68.335],[162.555,68.395],[162.615,68.435],[162.565,68.485],[162.65,68.51],[162.75,68.585],[162.71,68.66],[162.605,68.685],[162.59,68.78],[162.74,68.77],[162.8,68.825],[162.775,68.905],[162.725,68.93],[162.58,68.96],[162.51,69.085],[162.53,69.105],[162.795,69.17],[162.7,69.245],[162.565,69.29],[162.515,69.33],[162.545,69.375],[162.35,69.405],[162.43,69.455],[162.32,69.53],[162.415,69.55],[162.345,69.59],[162.47,69.655],[162.215,69.615],[162.06,69.56],[162.07,69.54],[161.985,69.505],[161.84,69.5],[161.725,69.46],[161.63,69.39],[161.51,69.38],[161.485,69.34],[161.545,69.325],[161.625,69.275],[161.595,69.25],[161.48,69.24],[161.445,69.205],[161.535,69.17],[161.535,69.1],[161.495,69.055],[161.545,69.04],[161.565,68.96],[161.67,68.885],[161.59,68.835],[161.365,68.79],[161.32,68.745],[161.415,68.74],[161.465,68.715],[161.46,68.7],[161.445,68.685],[161.425,68.68],[161.3,68.65],[161.235,68.66],[161.23,68.745],[161.365,68.885],[161.365,68.975],[161.15,69.045],[160.98,69.075],[161.065,69.13],[160.965,69.195],[160.965,69.255],[161.045,69.285],[161.005,69.435],[160.95,69.445],[161.03,69.53],[160.985,69.575],[160.82,69.58],[160.87,69.61],[160.82,69.64],[160.665,69.66],[160.47,69.64],[160.25,69.705],[160.04,69.725],[159.855,69.775],[159.71,69.845],[159.685,69.885],[159.86,69.975],[159.88,70.03],[159.94,70.065],[159.76,70.1],[159.825,70.12],[159.925,70.105],[159.965,70.16],[160.095,70.255],[160.045,70.345],[159.965,70.445],[159.79,70.585],[159.585,70.69],[159.29,70.78],[158.97,70.86],[158.435,70.96],[157.82,71.025],[157.02,71.075],[156.405,71.065],[156.115,71.075],[155.9,71.07],[155.525,71.035],[155.11,71.01],[154.495,70.96],[154.21,70.925],[153.715,70.855],[153.655,70.835],[153.535,70.86],[152.965,70.81],[152.78,70.81],[152.455,70.825],[152.265,70.855],[151.99,70.935],[151.92,70.965],[152.06,70.98],[152.055,71.025],[151.935,71.06],[151.91,71.115],[151.755,71.195],[151.655,71.28],[151.48,71.33],[151.35,71.34],[151.105,71.39],[150.685,71.34],[150.605,71.34],[150.475,71.275],[150.35,71.285],[150.495,71.33],[150.685,71.43],[150.665,71.5],[150.445,71.51],[150.11,71.51],[150.02,71.54],[149.99,71.63],[149.9,71.66],[149.615,71.645],[149.46,71.65],[149.32,71.69],[149.235,71.675],[149.15,71.695],[149.065,71.66],[148.875,71.7],[149.025,71.71],[149.09,71.76],[149.19,71.775],[149.28,71.835],[149.34,71.84],[149.455,71.89],[149.52,71.88],[149.59,71.79],[149.705,71.745],[149.885,71.795],[150.075,71.825],[150.1,71.9],[149.93,72.02],[149.725,72.095],[149.415,72.18],[149.23,72.21],[148.79,72.26],[148.385,72.32],[148.13,72.325],[147.96,72.315],[147.615,72.325],[147.29,72.315],[147.105,72.295],[147.06,72.26],[146.82,72.17],[146.73,72.095],[146.315,71.88],[146.06,71.77],[145.79,71.705],[145.68,71.725],[145.55,71.7],[145.475,71.66],[145.335,71.655],[145.14,71.675],[145.055,71.66],[144.95,71.7],[144.91,71.765],[145.07,71.77],[145.185,71.8],[145.21,71.855],[145.11,71.87],[145.025,71.905],[145.08,71.945],[145.29,71.9],[145.34,71.865],[145.495,71.885],[145.605,71.915],[145.84,71.935],[145.805,72.03],[145.665,72.03],[145.63,72.095],[145.78,72.18],[145.615,72.23],[145.73,72.255],[146.06,72.16],[146.245,72.15],[146.345,72.105],[146.105,72.025],[146.01,72.015],[145.97,71.905],[146.26,71.975],[146.565,72.095],[146.74,72.2],[146.955,72.295],[146.855,72.31],[146.5,72.31],[145.775,72.275],[145.28,72.26],[145.21,72.26],[144.955,72.23],[144.765,72.22],[144.7,72.185],[144.56,72.155],[144.415,72.155],[144.31,72.18],[144.24,72.22],[144.315,72.285],[144.515,72.235],[144.635,72.32],[144.795,72.405],[144.945,72.43],[145.115,72.395],[145.245,72.425],[145.33,72.395],[145.395,72.34],[145.54,72.355],[145.68,72.34],[146.16,72.345],[146.34,72.335],[146.55,72.345],[146.83,72.335],[146.845,72.35],[146.525,72.385],[145.99,72.47],[145.325,72.55],[144.935,72.58],[144.465,72.625],[143.93,72.66],[143.765,72.655],[143.5,72.685],[143.05,72.69],[142.18,72.705],[141.945,72.72],[141.615,72.76],[141.34,72.84],[141.005,72.86],[140.945,72.87],[140.715,72.87],[140.765,72.795],[141.025,72.685],[141.145,72.665],[141.23,72.615],[141.185,72.58],[140.975,72.555],[140.745,72.495],[140.465,72.465],[140.25,72.47],[140.01,72.49],[139.755,72.495],[139.57,72.48],[139.4,72.4],[139.415,72.36],[139.3,72.34],[139.155,72.25],[139.2,72.175],[139.4,72.15],[139.615,72.225],[139.935,72.23],[140.22,72.215],[140.305,72.18],[140.445,72.23],[140.605,72.22],[140.085,72.135],[139.985,72.17],[139.91,72.14],[139.885,72.095],[139.74,72.04],[139.73,71.92],[139.79,71.865],[139.785,71.72],[139.81,71.655],[139.96,71.55],[140.08,71.51],[139.925,71.46],[139.505,71.495],[139.45,71.43],[139.385,71.41],[139.235,71.405],[139.115,71.575],[139,71.605],[138.8,71.635],[138.61,71.61],[138.665,71.56],[138.485,71.53],[138.465,71.585],[138.245,71.575],[138.135,71.55],[138.09,71.475],[137.935,71.385],[138.02,71.36],[138.04,71.29],[138.29,71.265],[138.105,71.215],[138.005,71.22],[137.905,71.26],[137.82,71.235],[137.845,71.205],[137.975,71.21],[138.105,71.175],[138.17,71.135],[137.93,71.135],[137.855,71.145],[137.71,71.235],[137.55,71.265],[137.515,71.335],[137.335,71.405],[137.135,71.415],[136.98,71.46],[136.875,71.535],[136.745,71.535],[136.66,71.515],[136.6,71.575],[136.37,71.585],[136.325,71.61],[136.185,71.61],[136,71.645],[135.775,71.645],[135.65,71.635],[135.375,71.575],[134.985,71.51],[134.82,71.46],[134.88,71.42],[134.785,71.375],[134.665,71.4],[134.39,71.36],[134.07,71.38],[133.665,71.44],[133.335,71.525],[133.165,71.595],[133.105,71.65],[132.96,71.74],[132.78,71.765],[132.76,71.81],[132.795,71.855],[132.76,71.945],[132.66,71.92],[132.56,71.87],[132.3,71.68],[132.185,71.56],[132.065,71.355],[131.985,71.26],[132.095,71.22],[131.95,71.205],[131.855,71.165],[131.95,71.145],[131.815,71.1],[131.745,70.97],[131.52,70.805],[131.325,70.725],[131.1,70.705],[130.955,70.745],[130.93,70.84],[130.81,70.87],[130.735,70.85],[130.585,70.85],[130.55,70.91],[130.39,70.9],[130.265,70.94],[130.275,70.985],[130.12,71.07],[129.85,71.085],[129.775,71.16],[129.765,71.2],[129.675,71.245],[129.465,71.3],[129.365,71.465],[129.315,71.475],[129.3,71.56],[129.205,71.605],[129,71.58],[128.91,71.595],[128.91,71.685],[129.43,71.74],[129.475,71.765],[129.35,71.815],[129.37,71.845],[129.3,71.895],[129.185,71.88],[129.265,71.83],[129.245,71.795],[129.125,71.755],[128.925,71.74],[128.745,71.765],[128.705,71.845],[128.585,71.895],[128.505,71.955],[128.505,72.04],[128.38,72.065],[128.29,72.13],[128.135,72.155],[128.09,72.195],[127.885,72.24],[127.83,72.31],[127.665,72.355],[127.485,72.36],[127.32,72.395],[126.95,72.41],[126.73,72.395],[126.625,72.42],[126.59,72.465],[126.63,72.51],[126.94,72.55],[127.075,72.605],[127.22,72.625],[127.405,72.7],[127.755,72.7],[127.855,72.76],[128,72.78],[128.175,72.77],[128.275,72.795],[128.29,72.87],[128.39,72.97],[128.56,72.985],[128.705,73.02],[128.74,73.1],[128.84,73.165],[128.935,73.19],[128.765,73.245],[128.455,73.24],[128.315,73.2],[128.17,73.225],[128.28,73.25],[128.435,73.345],[128.235,73.37],[128.035,73.33],[127.99,73.36],[128.105,73.41],[127.915,73.405],[127.73,73.38],[127.805,73.465],[127.585,73.49],[127.455,73.46],[127.28,73.52],[127.01,73.515],[127.005,73.425],[126.895,73.415],[126.765,73.44],[126.715,73.39],[126.635,73.365],[126.57,73.375],[126.515,73.385],[126.33,73.385],[126.28,73.415],[126.435,73.425],[126.43,73.475],[126.305,73.55],[126.18,73.5],[125.94,73.51],[125.82,73.455],[125.685,73.45],[125.62,73.535],[125.45,73.525],[125.255,73.55],[125.23,73.635],[125.015,73.635],[124.91,73.665],[124.95,73.69],[124.88,73.725],[124.745,73.69],[124.685,73.73],[124.53,73.75],[124.425,73.8],[124.235,73.695],[124.05,73.665],[124.015,73.595],[123.775,73.585],[123.56,73.65],[123.44,73.64],[123.49,73.58],[123.325,73.545],[123.34,73.48],[123.45,73.445],[123.38,73.405],[123.445,73.365],[123.37,73.345],[123.47,73.29],[123.57,73.275],[123.53,73.24],[123.65,73.18],[123.615,73.14],[123.5,73.11],[123.395,73.05],[123.355,72.96],[123.26,72.9],[123.135,72.905],[123.105,72.935],[122.96,72.945],[122.945,72.98],[122.765,73.015],[122.6,73.025],[122.54,72.995],[122.68,72.955],[122.79,72.95],[123,72.89],[122.805,72.865],[122.715,72.91],[122.59,72.915],[122.645,72.84],[122.235,72.88],[121.755,72.95],[121.73,72.965],[121.44,72.96],[121.135,72.925],[120.995,72.93],[120.65,72.975],[120.46,72.975],[120.32,72.99],[120.16,72.99],[119.855,73.015],[119.695,72.99],[119.53,73.04],[119.14,73.08],[118.95,73.12],[118.51,73.175],[118.405,73.225],[118.385,73.29],[118.47,73.355],[118.385,73.38],[118.44,73.425],[118.55,73.465],[118.695,73.45],[118.985,73.495],[118.795,73.54],[118.625,73.56],[117.98,73.58],[117.875,73.57],[117.64,73.575],[117.41,73.57],[117.195,73.605],[116.985,73.62],[116.655,73.665],[116.225,73.66],[116.05,73.685],[115.585,73.71],[115.25,73.695],[115.155,73.635],[115.075,73.645],[114.98,73.605],[114.555,73.58],[114.32,73.6],[114.065,73.575],[113.97,73.55],[113.725,73.53],[113.55,73.495],[113.545,73.465],[113.69,73.4],[113.87,73.345],[113.77,73.32],[113.695,73.26],[113.535,73.19],[113.48,73.225],[113.555,73.255],[113.58,73.315],[113.53,73.35],[113.385,73.365],[113.3,73.415],[113.195,73.44],[113.26,73.48],[113.345,73.575],[113.435,73.58],[113.46,73.63],[113.37,73.71],[113.255,73.78],[113.18,73.865],[112.83,73.975],[112.995,73.805],[112.985,73.77],[112.81,73.72],[112.295,73.7],[111.9,73.725],[111.675,73.755],[111.485,73.795],[111.32,73.855],[111.175,73.825],[110.99,73.815],[110.9,73.765]]],[[[128.67,72.675],[128.54,72.66],[128.69,72.6],[128.96,72.575],[128.915,72.635],[128.67,72.675]]],[[[127.97,72.69],[127.89,72.65],[128.195,72.65],[128.32,72.695],[128.165,72.72],[127.97,72.69]]],[[[120.28,73.055],[120.355,73.095],[120.295,73.12],[120.08,73.1],[119.99,73.075],[120.055,73.03],[120.28,73.055]]],[[[129.075,73.125],[128.975,73.1],[128.87,73.04],[129.125,73.045],[129.2,73.095],[129.075,73.125]]],[[[142.03,73.26],[142.325,73.245],[142.485,73.22],[142.735,73.23],[143.23,73.18],[143.335,73.185],[143.535,73.235],[143.48,73.31],[143.475,73.45],[143.52,73.48],[143.41,73.545],[143.195,73.63],[142.815,73.735],[142.62,73.81],[142.51,73.835],[142.26,73.855],[142.065,73.91],[141.835,73.9],[141.58,73.875],[141.31,73.83],[141.155,73.86],[140.975,73.805],[140.92,73.77],[140.795,73.615],[140.725,73.565],[140.555,73.495],[140.37,73.445],[139.835,73.43],[139.79,73.395],[139.865,73.345],[139.985,73.34],[140.25,73.375],[140.315,73.4],[140.545,73.425],[140.805,73.42],[140.94,73.405],[141.42,73.315],[141.65,73.29],[142.03,73.26]]],[[[140.625,73.895],[140.55,73.915],[140.84,73.97],[140.98,73.98],[141.075,74.065],[141.035,74.11],[141.105,74.17],[141.065,74.23],[140.87,74.27],[140.695,74.27],[140.42,74.255],[140.215,74.21],[140.175,74.115],[140.215,74.025],[140.34,73.95],[140.465,73.91],[140.625,73.895]]],[[[136.07,73.92],[136.185,73.88],[136.3,73.915],[136.27,73.98],[136.19,74],[136.075,74.065],[135.755,74.165],[135.61,74.22],[135.465,74.21],[135.45,74.16],[135.495,74.135],[135.635,74.12],[135.72,74.085],[135.755,74.035],[135.955,73.985],[136.07,73.92]]],[[[124.35,73.865],[124.575,73.825],[124.805,73.91],[124.475,73.905],[124.35,73.865]]]]},"properties":{"shapeName":"Республика Саха (Якутия)","shapeISO":"RU-SA","shapeID":"28173009B48058606062294","shapeGroup":"RUS","shapeType":"ADM1"}},{"type":"Feature","geometry":{"type":"Polygon","coordinates":[[[47.43,50.38],[47.475,50.42],[47.54,50.46],[47.61,50.465],[47.665,50.41],[47.73,50.39],[47.765,50.34],[47.81,50.33],[47.89,50.265],[47.94,50.245],[48.01,50.14],[48.095,50.1],[48.125,50.05],[48.13,50],[48.19,49.945],[48.24,49.87],[48.325,49.85],[48.36,49.825],[48.45,49.835],[48.745,49.92],[48.905,50.02],[48.85,50.09],[48.765,50.1],[48.81,50.17],[48.795,50.205],[48.73,50.255],[48.66,50.53],[48.65,50.6],[48.57,50.63],[48.605,50.66],[48.69,50.61],[48.815,50.595],[48.955,50.65],[49.01,50.685],[49.125,50.785],[49.215,50.8],[49.26,50.825],[49.42,50.85],[49.445,50.895],[49.41,50.96],[49.34,50.985],[49.395,51.05],[49.395,51.09],[49.565,51.11],[49.775,51.105],[49.91,51.2],[50.04,51.25],[50.25,51.28],[50.375,51.335],[50.34,51.38],[50.495,51.43],[50.545,51.465],[50.54,51.59],[50.585,51.59],[50.635,51.63],[50.73,51.63],[50.77,51.575],[50.81,51.585],[50.815,51.65],[50.765,51.715],[50.77,51.775],[50.7,51.82],[50.7,51.935],[50.65,51.96],[50.52,51.965],[50.52,51.995],[50.35,51.98],[50.35,52.045],[50.31,52.045],[50.28,52.01],[50.22,52.035],[50.16,52.01],[50.16,52.09],[50.225,52.09],[50.225,52.13],[50.165,52.14],[50.045,52.14],[50,52.175],[49.8,52.175],[49.73,52.275],[49.66,52.28],[49.6,52.32],[49.64,52.34],[49.57,52.395],[49.52,52.37],[49.51,52.325],[49.45,52.32],[49.435,52.4],[49.31,52.4],[49.35,52.465],[49.26,52.495],[49.17,52.5],[49.04,52.48],[48.96,52.495],[48.91,52.47],[48.925,52.41],[48.88,52.41],[48.835,52.535],[48.725,52.545],[48.695,52.64],[48.575,52.625],[48.53,52.675],[48.465,52.68],[48.35,52.66],[48.375,52.77],[48.43,52.815],[48.385,52.815],[48.305,52.78],[48.23,52.815],[48.195,52.77],[48.115,52.795],[47.99,52.73],[48.09,52.735],[48.065,52.675],[47.935,52.645],[47.895,52.725],[47.81,52.735],[47.725,52.57],[47.68,52.6],[47.54,52.61],[47.42,52.56],[47.38,52.575],[47.205,52.55],[47.155,52.585],[47.06,52.575],[46.985,52.59],[46.98,52.64],[46.865,52.615],[46.8,52.62],[46.745,52.61],[46.65,52.66],[46.61,52.66],[46.57,52.7],[46.49,52.68],[46.325,52.68],[46.26,52.65],[46.27,52.61],[46.165,52.61],[46.14,52.545],[46.005,52.51],[46.01,52.465],[45.96,52.395],[45.91,52.415],[45.795,52.415],[45.77,52.455],[45.62,52.48],[45.525,52.46],[45.515,52.425],[45.445,52.4],[45.27,52.39],[45.15,52.42],[45.095,52.4],[45.06,52.36],[45.09,52.31],[45.01,52.325],[44.95,52.355],[44.895,52.355],[44.89,52.415],[44.855,52.45],[44.685,52.465],[44.615,52.48],[44.535,52.535],[44.485,52.515],[44.535,52.425],[44.465,52.405],[44.4,52.405],[44.375,52.355],[44.315,52.315],[44.215,52.325],[44.155,52.315],[44.065,52.35],[44.03,52.33],[43.9,52.4],[43.865,52.38],[43.78,52.425],[43.695,52.415],[43.66,52.395],[43.56,52.405],[43.49,52.38],[43.335,52.375],[43.32,52.42],[43.285,52.44],[43.18,52.45],[43.145,52.44],[43.115,52.38],[43.04,52.37],[42.94,52.335],[42.895,52.26],[42.89,52.21],[42.775,52.18],[42.76,52.1],[42.79,52.06],[42.765,52.02],[42.715,51.995],[42.715,51.885],[42.67,51.805],[42.515,51.71],[42.505,51.665],[42.52,51.595],[42.565,51.54],[42.63,51.53],[42.75,51.49],[42.835,51.39],[42.86,51.315],[42.945,51.265],[42.88,51.235],[43.145,51.12],[43.195,51.11],[43.325,51.015],[43.36,51],[43.56,51.06],[43.655,51.055],[43.695,51.11],[43.805,51.12],[43.885,51.11],[43.925,51.16],[43.96,51.145],[44.02,51.16],[44.06,51.105],[44.185,51.095],[44.215,51.13],[44.23,51.2],[44.345,51.175],[44.425,51.18],[44.475,51.21],[44.57,51.125],[44.63,51.13],[44.645,51.18],[44.79,51.15],[44.865,51.17],[44.9,51.115],[44.945,51.11],[44.995,51.145],[45.07,51.12],[45.08,51.08],[45.19,51.045],[45.225,50.935],[45.305,50.915],[45.325,50.86],[45.275,50.72],[45.23,50.7],[45.195,50.585],[45.385,50.59],[45.405,50.615],[45.49,50.605],[45.535,50.555],[45.565,50.59],[45.685,50.575],[45.71,50.585],[45.68,50.665],[45.715,50.74],[45.745,50.755],[45.895,50.75],[46.035,50.665],[46.095,50.665],[46.095,50.615],[46.065,50.605],[46.06,50.525],[46.28,50.53],[46.28,50.575],[46.425,50.545],[46.46,50.615],[46.54,50.645],[46.57,50.69],[46.645,50.685],[46.725,50.705],[46.74,50.665],[46.87,50.575],[46.87,50.525],[46.91,50.49],[47.04,50.49],[47.04,50.51],[47.205,50.51],[47.205,50.43],[47.235,50.43],[47.27,50.38],[47.43,50.38]]]},"properties":{"shapeName":"Саратовская область","shapeISO":"RU-SAR","shapeID":"28173009B21415173479872","shapeGroup":"RUS","shapeType":"ADM1"}},{"type":"Feature","geometry":{"type":"Polygon","coordinates":[[[30.925,55.625],[30.95,55.57],[30.915,55.53],[30.96,55.495],[30.9,55.475],[30.935,55.4],[30.83,55.335],[30.825,55.28],[30.875,55.28],[30.925,55.2],[30.96,55.195],[30.995,55.145],[30.99,55.075],[31.03,55.06],[30.92,55.02],[30.955,55],[30.91,54.95],[30.835,54.95],[30.835,54.91],[30.79,54.875],[30.75,54.81],[30.93,54.75],[31.015,54.675],[31.095,54.66],[31.175,54.67],[31.21,54.63],[31.135,54.545],[31.085,54.51],[31.165,54.475],[31.235,54.465],[31.26,54.38],[31.32,54.34],[31.31,54.25],[31.43,54.21],[31.495,54.16],[31.595,54.135],[31.65,54.135],[31.675,54.105],[31.775,54.115],[31.82,54.09],[31.9,54.085],[31.89,53.965],[31.775,53.81],[31.895,53.78],[31.99,53.805],[32.1,53.815],[32.21,53.8],[32.22,53.77],[32.345,53.75],[32.395,53.73],[32.46,53.74],[32.5,53.68],[32.415,53.65],[32.425,53.605],[32.48,53.55],[32.675,53.49],[32.675,53.465],[32.755,53.46],[32.765,53.425],[32.88,53.435],[32.86,53.51],[32.93,53.535],[32.895,53.56],[32.95,53.605],[33.015,53.62],[33.07,53.66],[33.065,53.69],[33.13,53.72],[33.22,53.73],[33.22,53.79],[33.3,53.815],[33.265,53.845],[33.25,53.89],[33.41,53.945],[33.455,54],[33.505,54.015],[33.455,54.08],[33.575,54.125],[33.565,54.175],[33.63,54.185],[33.605,54.26],[33.69,54.295],[33.69,54.32],[33.63,54.37],[33.635,54.475],[33.65,54.51],[33.76,54.565],[33.985,54.58],[34.08,54.545],[34.135,54.565],[34.18,54.52],[34.445,54.515],[34.445,54.545],[34.52,54.6],[34.52,54.66],[34.625,54.66],[34.7,54.68],[34.705,54.71],[34.79,54.71],[34.865,54.735],[34.905,54.77],[34.88,54.825],[34.875,54.9],[35,54.915],[35.055,54.97],[35.115,54.97],[35.115,55.04],[35.21,55.065],[35.275,55.115],[35.28,55.18],[35.34,55.2],[35.335,55.27],[35.275,55.33],[35.325,55.48],[35.3,55.58],[35.385,55.595],[35.385,55.63],[35.325,55.665],[35.305,55.735],[35.32,55.795],[35.2,55.89],[35.205,55.92],[35.15,55.96],[35.065,55.98],[34.955,55.97],[34.925,55.985],[34.845,55.96],[34.745,55.98],[34.63,55.915],[34.595,55.945],[34.52,55.955],[34.405,56],[34.245,56.02],[34.16,56.065],[34.085,56.025],[33.915,56.065],[33.865,56.015],[33.8,55.995],[33.82,55.96],[33.67,55.955],[33.65,55.845],[33.575,55.85],[33.57,55.815],[33.485,55.76],[33.39,55.75],[33.305,55.71],[33.195,55.705],[33.17,55.66],[33.115,55.635],[32.99,55.665],[32.845,55.655],[32.765,55.68],[32.645,55.69],[32.545,55.69],[32.49,55.74],[32.465,55.685],[32.385,55.72],[32.275,55.695],[32.25,55.67],[32.175,55.7],[32.09,55.685],[32.035,55.765],[31.835,55.775],[31.785,55.76],[31.775,55.7],[31.655,55.735],[31.505,55.73],[31.485,55.72],[31.365,55.74],[31.24,55.74],[31.205,55.73],[31.14,55.76],[31.04,55.76],[31.04,55.7],[30.955,55.665],[30.925,55.625]]]},"properties":{"shapeName":"Смоленская область","shapeISO":"RU-SMO","shapeID":"28173009B31773571872137","shapeGroup":"RUS","shapeType":"ADM1"}},{"type":"Feature","geometry":{"type":"Polygon","coordinates":[[[41.16,45.95],[41.16,45.88],[41.25,45.88],[41.235,45.83],[41.275,45.795],[41.27,45.76],[41.17,45.76],[41.165,45.675],[41.055,45.675],[40.99,45.715],[40.965,45.695],[40.85,45.695],[40.845,45.515],[40.925,45.515],[40.92,45.445],[40.975,45.41],[41.035,45.28],[41.035,45.225],[41.355,45.225],[41.35,45.09],[41.41,45.065],[41.455,44.99],[41.655,44.985],[41.64,44.865],[41.585,44.795],[41.56,44.74],[41.425,44.71],[41.445,44.665],[41.475,44.65],[41.495,44.595],[41.55,44.62],[41.59,44.515],[41.64,44.525],[41.65,44.49],[41.7,44.5],[41.735,44.475],[41.925,44.495],[41.92,44.41],[42.03,44.355],[42.215,44.35],[42.345,44.31],[42.41,44.325],[42.48,44.325],[42.495,44.365],[42.555,44.37],[42.61,44.31],[42.61,44.27],[42.555,44.27],[42.55,44.225],[42.505,44.225],[42.44,44.2],[42.44,44.17],[42.38,44.17],[42.335,44.135],[42.32,44.065],[42.375,43.97],[42.455,43.975],[42.505,44.025],[42.585,44.025],[42.58,43.975],[42.625,43.975],[42.66,43.935],[42.64,43.89],[42.645,43.825],[42.68,43.81],[42.73,43.82],[42.855,43.8],[42.865,43.87],[42.92,43.865],[42.98,43.9],[43.15,43.895],[43.145,43.96],[43.225,43.96],[43.315,43.805],[43.415,43.86],[43.475,43.865],[43.745,43.82],[43.77,43.875],[43.77,43.93],[43.92,44.02],[43.945,43.985],[43.985,43.97],[44.145,43.97],[44.145,43.93],[44.27,43.92],[44.27,43.965],[44.37,43.975],[44.37,44.005],[44.42,44.015],[44.42,43.945],[44.345,43.945],[44.345,43.905],[44.295,43.89],[44.295,43.81],[44.475,43.8],[44.595,43.83],[44.805,43.805],[44.805,43.72],[44.835,43.68],[44.89,43.66],[44.94,43.675],[44.995,43.72],[45.065,43.72],[45.065,43.89],[45.055,43.96],[45.2,43.955],[45.2,43.875],[45.44,43.875],[45.44,44.01],[45.49,44.01],[45.49,44.13],[45.505,44.175],[45.165,44.19],[45.105,44.19],[45.135,44.255],[45.22,44.27],[45.37,44.29],[45.425,44.395],[45.43,44.43],[45.36,44.465],[45.225,44.47],[45.24,44.555],[45.26,44.59],[45.385,44.605],[45.41,44.595],[45.52,44.68],[45.655,44.805],[45.615,44.875],[45.705,44.975],[45.715,44.995],[45.59,45.125],[45.35,45.22],[45.135,45.305],[44.895,45.385],[44.83,45.435],[44.795,45.43],[44.635,45.465],[44.575,45.505],[44.45,45.505],[44.365,45.545],[44.315,45.555],[44.275,45.59],[44.18,45.635],[44.13,45.69],[44.09,45.795],[44.04,45.82],[44.035,45.85],[43.985,45.89],[43.935,45.9],[43.92,45.945],[43.785,45.965],[43.725,45.985],[43.57,45.98],[43.47,45.99],[43.36,46.035],[43.31,46.09],[43,46.17],[42.93,46.235],[42.845,46.195],[42.865,46.18],[42.74,46.09],[42.67,46.09],[42.555,46.01],[42.32,45.97],[42.33,46.135],[42.17,46.11],[42.15,45.945],[42.085,45.93],[42.085,45.965],[41.895,45.97],[41.715,45.98],[41.62,45.98],[41.47,46],[41.395,45.995],[41.395,45.95],[41.16,45.95]]]},"properties":{"shapeName":"Ставропольский край","shapeISO":"RU-STA","shapeID":"28173009B89423349656391","shapeGroup":"RUS","shapeType":"ADM1"}},{"type":"Feature","geometry":{"type":"Polygon","coordinates":[[[90.485,52.195],[90.45,52.185],[90.35,52.2],[90.32,52.175],[90.145,52.15],[90.16,52.06],[90.085,52.015],[90.045,51.975],[90.08,51.82],[90.135,51.76],[90.08,51.73],[90.01,51.765],[89.925,51.755],[89.895,51.705],[89.81,51.65],[89.79,51.61],[89.71,51.56],[89.605,51.53],[89.575,51.56],[89.44,51.605],[89.375,51.605],[89.235,51.555],[89.265,51.64],[89.205,51.66],[89.165,51.635],[89.095,51.625],[89.07,51.59],[88.79,51.555],[88.855,51.51],[88.865,51.47],[88.92,51.465],[89.01,51.395],[89,51.335],[88.96,51.25],[88.965,51.205],[89.05,51.16],[89.03,51.11],[89.055,51.045],[89.19,50.985],[89.255,50.915],[89.3,50.885],[89.38,50.86],[89.39,50.81],[89.43,50.81],[89.485,50.74],[89.53,50.725],[89.585,50.645],[89.63,50.62],[89.665,50.57],[89.85,50.525],[89.865,50.47],[89.82,50.41],[89.785,50.42],[89.705,50.385],[89.615,50.375],[89.59,50.43],[89.52,50.45],[89.48,50.4],[89.495,50.365],[89.41,50.335],[89.39,50.285],[89.345,50.265],[89.335,50.215],[89.365,50.18],[89.44,50.205],[89.515,50.195],[89.53,50.15],[89.51,50.12],[89.58,50.105],[89.59,50.085],[89.525,50.04],[89.59,50.015],[89.615,49.94],[89.595,49.91],[89.735,49.95],[89.885,49.955],[90.015,49.99],[90,50.055],[90.065,50.085],[90.165,50.11],[90.285,50.11],[90.39,50.195],[90.455,50.195],[90.505,50.235],[90.58,50.245],[90.675,50.215],[90.73,50.245],[90.705,50.315],[90.82,50.355],[90.91,50.355],[90.905,50.41],[90.97,50.43],[91.095,50.435],[91.16,50.42],[91.295,50.47],[91.41,50.45],[91.46,50.55],[91.53,50.585],[91.65,50.59],[91.65,50.64],[91.78,50.72],[91.855,50.735],[92.07,50.695],[92.17,50.705],[92.27,50.73],[92.305,50.76],[92.295,50.795],[92.325,50.835],[92.305,50.875],[92.36,50.885],[92.405,50.83],[92.46,50.79],[92.58,50.79],[92.615,50.76],[92.59,50.725],[92.645,50.705],[92.725,50.715],[92.76,50.745],[92.79,50.805],[92.855,50.81],[93.01,50.795],[93.02,50.715],[92.96,50.66],[93.01,50.605],[93.055,50.62],[93.13,50.585],[93.165,50.6],[93.225,50.59],[93.27,50.61],[93.395,50.635],[93.455,50.63],[93.535,50.6],[93.635,50.605],[93.705,50.585],[93.855,50.6],[93.94,50.59],[94.03,50.595],[94.24,50.59],[94.285,50.57],[94.305,50.525],[94.34,50.5],[94.39,50.215],[94.42,50.19],[94.52,50.175],[94.545,50.12],[94.585,50.085],[94.615,50.035],[94.76,50.055],[95,50.045],[95.015,49.98],[95.08,49.965],[95.2,49.965],[95.425,49.96],[95.53,49.895],[95.57,49.945],[95.665,49.965],[95.795,49.965],[95.765,50.015],[95.845,50.045],[95.915,50.02],[95.97,49.97],[96.015,50.005],[96.085,50.01],[96.105,49.99],[96.26,49.975],[96.335,49.945],[96.35,49.905],[96.415,49.875],[96.51,49.94],[96.55,49.945],[96.6,49.875],[96.71,49.93],[96.74,49.91],[96.82,49.91],[96.85,49.895],[96.995,49.895],[97.01,49.835],[97.115,49.82],[97.125,49.795],[97.23,49.745],[97.32,49.75],[97.355,49.78],[97.42,49.78],[97.51,49.815],[97.58,49.86],[97.555,49.925],[97.78,49.995],[97.83,49.925],[97.9,49.985],[97.935,49.98],[97.98,50.02],[98.07,50.035],[98.065,50.07],[98.12,50.1],[98.11,50.13],[98.18,50.16],[98.17,50.205],[98.23,50.235],[98.25,50.295],[98.31,50.325],[98.27,50.395],[98.33,50.475],[98.275,50.54],[98.205,50.555],[98.095,50.595],[98.01,50.67],[97.98,50.785],[97.95,50.81],[98.035,50.865],[97.915,50.925],[97.855,50.965],[97.835,51.03],[97.9,51.115],[97.9,51.15],[97.94,51.2],[97.96,51.275],[97.955,51.335],[98.02,51.395],[98.05,51.45],[98.125,51.47],[98.225,51.455],[98.255,51.51],[98.235,51.55],[98.325,51.69],[98.38,51.74],[98.45,51.735],[98.52,51.78],[98.61,51.805],[98.765,51.87],[98.78,51.94],[98.81,51.96],[98.805,52.025],[98.84,52.06],[98.86,52.135],[98.97,52.145],[98.985,52.165],[98.89,52.2],[98.82,52.195],[98.835,52.275],[98.74,52.29],[98.655,52.29],[98.685,52.355],[98.635,52.425],[98.7,52.445],[98.71,52.475],[98.83,52.545],[98.785,52.605],[98.855,52.625],[98.865,52.655],[98.935,52.66],[98.96,52.715],[98.925,52.8],[98.855,52.805],[98.87,52.865],[98.9,52.87],[98.925,52.93],[98.975,52.935],[99.015,52.91],[99.17,52.865],[99.235,52.885],[99.26,52.935],[99.23,52.965],[99,53.025],[99.01,53.105],[98.93,53.155],[98.865,53.125],[98.77,53.13],[98.725,53.155],[98.665,53.155],[98.635,53.1],[98.505,53.105],[98.475,53.095],[98.31,53.105],[98.32,53.16],[98.295,53.225],[98.24,53.21],[98.19,53.245],[98.115,53.235],[98.005,53.25],[97.94,53.35],[97.865,53.345],[97.59,53.375],[97.605,53.425],[97.54,53.45],[97.455,53.455],[97.39,53.545],[97.295,53.58],[97.125,53.615],[97.01,53.655],[96.895,53.725],[96.74,53.725],[96.705,53.71],[96.69,53.645],[96.685,53.59],[96.63,53.555],[96.44,53.535],[96.24,53.62],[96.22,53.57],[96.23,53.515],[96.105,53.505],[96.11,53.45],[96.035,53.455],[95.965,53.49],[95.885,53.5],[95.835,53.49],[95.725,53.515],[95.685,53.505],[95.65,53.46],[95.44,53.4],[95.405,53.365],[95.335,53.375],[95.285,53.41],[95.305,53.445],[95.22,53.47],[95.115,53.4],[95.035,53.365],[94.97,53.405],[94.815,53.395],[94.72,53.375],[94.62,53.33],[94.605,53.29],[94.675,53.285],[94.715,53.24],[94.7,53.215],[94.6,53.17],[94.575,53.075],[94.6,53.045],[94.585,52.995],[94.525,52.96],[94.495,52.89],[94.4,52.915],[94.305,52.9],[94.145,52.82],[94.14,52.755],[94.095,52.74],[94.095,52.675],[94,52.65],[93.945,52.565],[93.83,52.495],[93.81,52.45],[93.755,52.43],[93.765,52.38],[93.685,52.315],[93.675,52.215],[93.64,52.195],[93.47,52.17],[93.395,52.125],[93.34,52.13],[93.265,52.085],[93.245,52.04],[93.145,52.015],[93.12,51.965],[93.01,51.915],[92.96,51.915],[92.91,51.885],[92.89,51.845],[92.695,51.85],[92.645,51.81],[92.54,51.79],[92.44,51.795],[92.365,51.82],[92.285,51.81],[92.255,51.825],[92.08,51.77],[91.915,51.825],[91.88,51.87],[91.805,51.885],[91.73,51.87],[91.635,51.88],[91.55,51.91],[91.485,51.895],[91.355,51.89],[91.18,51.9],[91.07,51.95],[90.915,51.925],[90.85,51.9],[90.825,51.96],[90.76,52.015],[90.765,52.05],[90.715,52.09],[90.635,52.095],[90.53,52.145],[90.485,52.195]]]},"properties":{"shapeName":"Республика Тыва","shapeISO":"RU-TY","shapeID":"28173009B55293521919285","shapeGroup":"RUS","shapeType":"ADM1"}},{"type":"Feature","geometry":{"type":"Polygon","coordinates":[[[31.485,55.72],[31.505,55.73],[31.655,55.735],[31.775,55.7],[31.785,55.76],[31.835,55.775],[32.035,55.765],[32.09,55.685],[32.175,55.7],[32.25,55.67],[32.275,55.695],[32.385,55.72],[32.465,55.685],[32.49,55.74],[32.545,55.69],[32.645,55.69],[32.765,55.68],[32.845,55.655],[32.99,55.665],[33.115,55.635],[33.17,55.66],[33.195,55.705],[33.305,55.71],[33.39,55.75],[33.485,55.76],[33.57,55.815],[33.575,55.85],[33.65,55.845],[33.67,55.955],[33.82,55.96],[33.8,55.995],[33.865,56.015],[33.915,56.065],[34.085,56.025],[34.16,56.065],[34.245,56.02],[34.405,56],[34.52,55.955],[34.595,55.945],[34.63,55.915],[34.745,55.98],[34.845,55.96],[34.925,55.985],[34.955,55.97],[35.065,55.98],[35.15,55.96],[35.195,56.01],[35.305,56.06],[35.34,56.095],[35.285,56.125],[35.36,56.195],[35.315,56.23],[35.41,56.25],[35.475,56.275],[35.485,56.385],[35.42,56.385],[35.425,56.445],[35.52,56.43],[35.62,56.475],[35.74,56.39],[35.8,56.405],[35.845,56.38],[36.075,56.365],[36.125,56.4],[36.275,56.42],[36.305,56.44],[36.425,56.475],[36.535,56.475],[36.54,56.495],[36.74,56.545],[36.815,56.58],[36.92,56.57],[37.06,56.53],[37.15,56.585],[37.115,56.64],[37.175,56.695],[37.065,56.755],[37.165,56.775],[37.25,56.745],[37.28,56.775],[37.445,56.795],[37.485,56.79],[37.54,56.855],[37.55,56.92],[37.76,56.95],[37.8,56.91],[37.945,56.89],[37.98,56.865],[38.01,56.77],[38.105,56.76],[38.22,56.77],[38.245,56.795],[38.1,56.87],[38.195,56.905],[38.155,56.965],[38.22,56.985],[38.26,57.04],[38.16,57.17],[38.15,57.225],[38.25,57.24],[38.325,57.28],[38.31,57.345],[38.275,57.37],[38.17,57.355],[38.115,57.33],[38.015,57.335],[37.87,57.4],[37.85,57.47],[37.8,57.5],[37.835,57.53],[37.835,57.595],[37.735,57.62],[37.635,57.67],[37.65,57.705],[37.56,57.74],[37.535,57.77],[37.435,57.82],[37.38,57.835],[37.41,57.94],[37.39,57.98],[37.5,57.99],[37.515,58.04],[37.605,58.075],[37.7,58.08],[37.585,58.135],[37.585,58.16],[37.44,58.19],[37.37,58.24],[37.435,58.275],[37.37,58.34],[37.475,58.4],[37.64,58.43],[37.63,58.485],[37.535,58.52],[37.51,58.555],[37.415,58.585],[37.365,58.645],[37.295,58.645],[37.275,58.695],[37.205,58.75],[37.175,58.83],[37.07,58.865],[36.96,58.83],[36.85,58.835],[36.78,58.8],[36.83,58.74],[36.765,58.715],[36.655,58.695],[36.63,58.62],[36.53,58.6],[36.545,58.57],[36.505,58.515],[36.39,58.52],[36.33,58.485],[36.29,58.515],[36.18,58.51],[36.1,58.505],[36.02,58.46],[35.96,58.465],[35.875,58.425],[35.735,58.435],[35.645,58.46],[35.515,58.45],[35.47,58.41],[35.305,58.41],[35.255,58.315],[35.255,58.275],[35.14,58.24],[35.05,58.195],[34.975,58.225],[34.82,58.23],[34.725,58.215],[34.735,58.17],[34.72,58.09],[34.645,58.08],[34.58,58.12],[34.505,58.115],[34.465,58.155],[34.225,58.185],[34.17,58.215],[34.025,58.185],[33.99,58.21],[33.93,58.165],[33.815,58.14],[33.78,58.16],[33.695,58.155],[33.53,58.06],[33.57,58.025],[33.685,58],[33.67,57.96],[33.685,57.905],[33.645,57.875],[33.545,57.85],[33.57,57.715],[33.49,57.72],[33.42,57.7],[33.3,57.63],[33.325,57.605],[33.295,57.55],[33.23,57.535],[33.23,57.48],[33.265,57.42],[33.08,57.465],[32.915,57.445],[32.825,57.455],[32.705,57.435],[32.63,57.335],[32.55,57.325],[32.475,57.285],[32.325,57.225],[32.235,57.255],[32.25,57.205],[32.155,57.185],[31.905,57.085],[31.875,57.12],[31.725,57.09],[31.67,57.06],[31.64,56.99],[31.565,56.98],[31.53,56.945],[31.44,56.955],[31.395,56.91],[31.335,56.94],[31.24,56.95],[31.1,56.93],[30.98,56.97],[30.975,56.91],[30.935,56.865],[30.82,56.825],[30.77,56.79],[30.77,56.76],[30.835,56.715],[30.815,56.7],[30.89,56.645],[30.955,56.655],[31.06,56.645],[31.05,56.575],[31,56.525],[31.01,56.48],[31.215,56.425],[31.23,56.34],[31.39,56.3],[31.52,56.305],[31.465,56.26],[31.46,56.2],[31.51,56.16],[31.45,56.135],[31.51,56.05],[31.37,55.97],[31.39,55.925],[31.405,55.805],[31.485,55.72]]]},"properties":{"shapeName":"Тверская область","shapeISO":"RU-TVE","shapeID":"28173009B63182593849600","shapeGroup":"RUS","shapeType":"ADM1"}},{"type":"Feature","geometry":{"type":"MultiPolygon","coordinates":[[[[51.445,56.125],[51.55,56.14],[51.645,56.12],[51.635,56.09],[51.545,56.085],[51.4,56.02],[51.41,55.965],[51.47,55.955],[51.59,55.955],[51.65,55.97],[51.675,55.94],[51.815,55.925],[51.93,55.95],[51.95,55.99],[52.01,55.975],[52.075,55.93],[52.155,55.905],[52.245,55.965],[52.205,56.02],[52.32,56.075],[52.38,56.02],[52.455,56.085],[52.56,56.035],[52.725,55.99],[52.745,56.07],[52.715,56.105],[52.745,56.125],[52.8,56.085],[52.87,56.115],[52.84,56.14],[52.84,56.19],[52.74,56.22],[52.585,56.22],[52.555,56.245],[52.645,56.295],[52.735,56.36],[52.81,56.395],[52.925,56.4],[52.97,56.46],[52.935,56.49],[52.985,56.535],[53.055,56.54],[53.1,56.5],[53.09,56.455],[53.02,56.445],[52.97,56.28],[53,56.195],[53.155,56.16],[53.19,56.11],[53.335,56.06],[53.37,56.1],[53.305,56.25],[53.445,56.27],[53.475,56.245],[53.555,56.245],[53.575,56.18],[53.57,56.125],[53.5,56.13],[53.44,56.065],[53.45,56.02],[53.32,55.98],[53.27,55.935],[53.2,55.925],[53.24,55.87],[53.35,55.855],[53.48,55.875],[53.695,55.925],[53.71,55.97],[53.8,55.97],[53.845,56.045],[53.975,56.005],[54.035,56.02],[54.09,56.11],[54.15,56.145],[54.2,56.2],[54.335,56.235],[54.4,56.265],[54.365,56.31],[54.38,56.38],[54.345,56.4],[54.33,56.485],[54.245,56.46],[54.05,56.605],[53.84,56.595],[53.84,56.625],[53.85,56.655],[53.885,56.665],[53.795,56.8],[53.88,56.81],[53.975,56.75],[54.035,56.76],[54.085,56.81],[54.1,56.875],[54.145,56.915],[54.155,56.98],[54.23,56.99],[54.34,56.975],[54.435,57.03],[54.315,57.09],[54.35,57.16],[54.305,57.185],[54.34,57.225],[54.31,57.305],[54.14,57.315],[54.125,57.345],[54.155,57.4],[54.205,57.4],[54.29,57.435],[54.275,57.46],[54.145,57.485],[54.175,57.52],[54.055,57.53],[53.99,57.56],[54.015,57.595],[54.125,57.615],[54.065,57.645],[54.055,57.68],[54.15,57.705],[54.125,57.735],[54.155,57.775],[54.12,57.81],[54.13,57.875],[54.085,57.92],[54.135,57.96],[53.99,58.07],[53.945,58.085],[53.945,58.145],[53.885,58.165],[53.88,58.2],[53.785,58.235],[53.865,58.285],[53.885,58.315],[53.775,58.42],[53.785,58.455],[53.62,58.475],[53.595,58.445],[53.49,58.44],[53.375,58.385],[53.215,58.4],[53.25,58.445],[53.16,58.45],[53.18,58.5],[53.16,58.54],[53.09,58.52],[52.895,58.535],[52.845,58.395],[52.36,58.435],[52.295,58.465],[52.17,58.49],[52.09,58.465],[51.965,58.455],[51.795,58.34],[51.82,58.285],[51.725,58.25],[51.745,58.215],[51.685,58.175],[51.715,58.135],[51.8,58.12],[51.84,58.06],[51.805,58.04],[51.9,58.01],[51.89,57.95],[51.825,57.915],[51.87,57.83],[51.955,57.765],[51.885,57.7],[51.85,57.62],[51.765,57.575],[51.755,57.54],[51.705,57.515],[51.625,57.53],[51.625,57.48],[51.53,57.46],[51.4,57.47],[51.165,57.44],[51.125,57.245],[51.18,57.24],[51.21,57.2],[51.195,57.14],[51.22,57.085],[51.31,57.02],[51.34,56.945],[51.425,56.93],[51.535,56.855],[51.485,56.8],[51.39,56.765],[51.395,56.665],[51.18,56.685],[51.14,56.53],[51.155,56.475],[51.195,56.435],[51.3,56.42],[51.265,56.38],[51.405,56.285],[51.39,56.23],[51.445,56.225],[51.445,56.125]]],[[[53.845,56.62],[53.855,56.6],[53.955,56.605],[54.035,56.64],[53.89,56.645],[53.845,56.62]]]]},"properties":{"shapeName":"Удмуртская Республика","shapeISO":"RU-UD","shapeID":"28173009B34434912986355","shapeGroup":"RUS","shapeType":"ADM1"}},{"type":"Feature","geometry":{"type":"Polygon","coordinates":[[[37.27,54.84],[37.165,54.865],[37.195,54.925],[37.16,54.95],[37.15,55],[37.095,55.03],[37.115,55.095],[37.045,55.14],[36.985,55.18],[36.935,55.24],[36.83,55.195],[36.765,55.27],[36.695,55.26],[36.535,55.305],[36.385,55.295],[36.37,55.25],[36.265,55.17],[36.175,55.195],[35.985,55.225],[35.96,55.24],[35.815,55.245],[35.74,55.295],[35.445,55.23],[35.355,55.25],[35.335,55.27],[35.34,55.2],[35.28,55.18],[35.275,55.115],[35.21,55.065],[35.115,55.04],[35.115,54.97],[35.055,54.97],[35,54.915],[34.875,54.9],[34.88,54.825],[34.905,54.77],[34.865,54.735],[34.79,54.71],[34.705,54.71],[34.7,54.68],[34.625,54.66],[34.52,54.66],[34.52,54.6],[34.445,54.545],[34.445,54.515],[34.18,54.52],[34.135,54.565],[34.08,54.545],[33.985,54.58],[33.76,54.565],[33.65,54.51],[33.635,54.475],[33.63,54.37],[33.69,54.32],[33.69,54.295],[33.605,54.26],[33.63,54.185],[33.565,54.175],[33.575,54.125],[33.455,54.08],[33.505,54.015],[33.66,54.025],[33.73,54.02],[33.795,53.965],[33.805,53.895],[33.91,53.865],[33.99,53.885],[34.045,53.86],[34.2,53.91],[34.23,53.84],[34.29,53.825],[34.41,53.735],[34.475,53.635],[34.515,53.51],[34.57,53.47],[34.64,53.385],[35,53.37],[35.085,53.3],[35.14,53.28],[35.24,53.28],[35.25,53.315],[35.305,53.335],[35.385,53.335],[35.385,53.4],[35.53,53.445],[35.63,53.54],[35.7,53.52],[35.795,53.525],[35.825,53.59],[35.875,53.6],[35.91,53.64],[35.99,53.625],[36.005,53.66],[36.075,53.68],[36.03,53.725],[35.96,53.72],[35.915,53.775],[35.975,53.8],[35.985,53.91],[36.075,53.96],[36.1,54.005],[36.215,54.09],[36.145,54.135],[36.09,54.18],[36.235,54.17],[36.25,54.21],[36.39,54.225],[36.5,54.25],[36.545,54.28],[36.7,54.295],[36.81,54.27],[36.84,54.285],[36.965,54.29],[36.93,54.345],[36.985,54.39],[36.97,54.43],[36.875,54.445],[36.88,54.505],[36.935,54.505],[36.905,54.56],[36.92,54.59],[36.98,54.605],[37.075,54.545],[37.14,54.565],[37.15,54.605],[37.2,54.64],[37.245,54.71],[37.205,54.745],[37.245,54.77],[37.23,54.805],[37.27,54.84]]]},"properties":{"shapeName":"Калужская область","shapeISO":"RU-KLU","shapeID":"28173009B99237675212372","shapeGroup":"RUS","shapeType":"ADM1"}},{"type":"Feature","geometry":{"type":"Polygon","coordinates":[[[37.865,53.01],[37.83,52.95],[37.86,52.88],[37.8,52.855],[37.875,52.815],[37.89,52.74],[37.81,52.705],[37.825,52.63],[37.775,52.59],[37.825,52.545],[37.8,52.515],[37.93,52.47],[37.885,52.43],[37.995,52.36],[38.06,52.295],[38.04,52.245],[37.985,52.255],[37.85,52.215],[37.8,52.17],[37.785,52.095],[37.74,52.02],[37.82,51.975],[37.87,51.9],[38.05,51.89],[38.11,51.925],[38.17,51.935],[38.24,51.925],[38.295,51.965],[38.4,51.985],[38.555,52.055],[38.625,52.04],[38.68,52.065],[38.74,52.04],[38.785,52.05],[38.825,52.095],[38.875,52.095],[38.975,52.025],[39.015,51.985],[39.105,51.995],[39.085,52.035],[39.295,52.105],[39.42,52.075],[39.475,52.075],[39.515,52.02],[39.49,51.98],[39.765,51.925],[39.84,51.92],[39.93,51.97],[40.04,51.95],[40.125,51.985],[40.16,51.96],[40.22,51.975],[40.31,51.945],[40.355,51.965],[40.535,51.945],[40.555,52.015],[40.605,52.035],[40.625,52.09],[40.61,52.115],[40.695,52.23],[40.735,52.25],[40.67,52.285],[40.57,52.28],[40.565,52.33],[40.515,52.355],[40.4,52.365],[40.295,52.39],[40.295,52.44],[40.225,52.5],[40.175,52.5],[40.065,52.56],[40.045,52.59],[39.975,52.595],[39.95,52.635],[39.96,52.67],[39.93,52.72],[40.085,52.755],[40.095,52.88],[40.035,52.895],[40.08,52.95],[40.12,52.94],[40.125,53.02],[40.155,53.045],[40.14,53.14],[40.105,53.22],[40.095,53.275],[40.17,53.315],[40.18,53.34],[40.145,53.38],[39.99,53.405],[39.99,53.44],[39.935,53.515],[39.835,53.57],[39.775,53.56],[39.745,53.585],[39.64,53.54],[39.55,53.525],[39.55,53.425],[39.355,53.395],[39.315,53.41],[39.19,53.395],[39.17,53.44],[39.105,53.51],[39.055,53.58],[39.01,53.565],[38.94,53.575],[38.865,53.555],[38.79,53.55],[38.725,53.53],[38.73,53.435],[38.765,53.4],[38.765,53.36],[38.625,53.355],[38.55,53.33],[38.565,53.26],[38.605,53.25],[38.625,53.21],[38.58,53.19],[38.67,53.13],[38.56,52.995],[38.465,53.01],[38.37,52.99],[38.265,53.02],[38.23,52.995],[38.12,53.055],[38.045,53.045],[37.925,53.055],[37.865,53.01]]]},"properties":{"shapeName":"Липецкая область","shapeISO":"RU-LIP","shapeID":"28173009B5502896824563","shapeGroup":"RUS","shapeType":"ADM1"}},{"type":"Feature","geometry":{"type":"MultiPolygon","coordinates":[[[[150.535,59.065],[150.47,59],[150.605,59.005],[150.715,59.07],[150.685,59.105],[150.535,59.065]]],[[[144.735,62.045],[144.855,62.06],[144.99,62.05],[145.05,61.995],[145.145,62],[145.21,61.965],[145.295,62.005],[145.4,61.975],[145.46,61.99],[145.555,61.955],[145.655,61.995],[145.665,62.035],[145.745,62.04],[145.815,62.005],[145.965,62.005],[146.025,61.95],[146.09,61.955],[146.24,61.9],[146.225,61.87],[146.35,61.84],[146.39,61.745],[146.43,61.735],[146.59,61.615],[146.595,61.55],[146.675,61.485],[146.74,61.47],[146.705,61.415],[146.745,61.375],[146.7,61.305],[146.755,61.21],[146.73,61.165],[146.755,61.1],[146.66,61.06],[146.715,61.04],[146.705,60.95],[146.57,60.955],[146.48,60.915],[146.515,60.875],[146.5,60.79],[146.445,60.755],[146.445,60.67],[146.335,60.655],[146.28,60.685],[146.195,60.7],[146.175,60.73],[146.08,60.735],[145.98,60.66],[145.92,60.655],[145.895,60.615],[145.715,60.595],[145.645,60.555],[145.655,60.53],[145.53,60.495],[145.53,60.42],[145.635,60.415],[145.66,60.36],[145.575,60.335],[145.635,60.265],[145.795,60.21],[145.855,60.17],[145.975,60.205],[146.05,60.195],[146.22,60.21],[146.265,60.235],[146.35,60.25],[146.485,60.195],[146.5,60.125],[146.69,60.085],[146.67,60.04],[146.7,59.97],[146.75,59.96],[146.8,59.905],[146.94,59.95],[147.04,59.95],[147.045,59.905],[147.115,59.89],[147.155,59.81],[147.215,59.735],[147.125,59.695],[147.175,59.645],[147.14,59.55],[147.145,59.505],[147.105,59.47],[147.11,59.42],[146.935,59.385],[146.94,59.37],[147.015,59.37],[147.13,59.345],[147.16,59.32],[147.3,59.335],[147.475,59.25],[147.575,59.295],[147.64,59.31],[147.705,59.295],[147.79,59.26],[147.85,59.3],[147.785,59.345],[147.88,59.385],[148.2,59.41],[148.305,59.405],[148.4,59.375],[148.44,59.27],[148.47,59.245],[148.58,59.24],[148.705,59.265],[148.78,59.245],[148.845,59.28],[148.905,59.24],[148.955,59.25],[148.925,59.295],[148.95,59.345],[148.805,59.345],[148.72,59.38],[148.71,59.455],[148.77,59.495],[148.865,59.495],[148.93,59.455],[149,59.455],[149.08,59.485],[149.23,59.5],[149.215,59.52],[149.095,59.545],[149.11,59.585],[149.055,59.625],[149.325,59.715],[149.48,59.75],[149.65,59.755],[149.815,59.735],[149.99,59.7],[150.135,59.66],[150.33,59.645],[150.39,59.62],[150.46,59.615],[150.465,59.58],[150.6,59.54],[150.685,59.565],[150.77,59.565],[150.75,59.435],[150.94,59.475],[150.9,59.555],[151.055,59.58],[151.135,59.585],[151.325,59.565],[151.36,59.605],[151.41,59.605],[151.495,59.54],[151.515,59.505],[151.59,59.5],[151.68,59.44],[151.77,59.34],[151.74,59.3],[151.9,59.305],[152,59.265],[152.125,59.295],[152.17,59.29],[152.32,59.23],[152.28,59.2],[152.2,59.195],[152.115,59.15],[151.99,59.15],[151.905,59.13],[151.85,59.145],[151.755,59.13],[151.65,59.165],[151.59,59.15],[151.445,59.16],[151.385,59.125],[151.22,59.085],[151.125,59.095],[151.18,59.025],[151.24,59],[151.245,58.955],[151.315,58.905],[151.37,58.84],[151.455,58.865],[151.545,58.865],[151.69,58.845],[151.83,58.875],[151.98,58.875],[152.065,58.89],[152.145,58.92],[152.16,58.985],[152.41,59.025],[152.485,59.005],[152.55,58.95],[152.665,58.94],[152.72,58.92],[152.905,58.945],[152.945,59.01],[153.015,59.065],[153.35,59.1],[153.36,59.22],[153.5,59.235],[153.64,59.19],[153.84,59.17],[153.945,59.07],[154.055,59.05],[154.17,59.095],[154.275,59.085],[154.35,59.125],[154.335,59.205],[154.395,59.195],[154.505,59.22],[154.59,59.2],[154.625,59.165],[154.77,59.14],[154.795,59.185],[154.915,59.195],[155.03,59.17],[155.065,59.195],[155.175,59.175],[155.155,59.22],[155.2,59.235],[155.155,59.29],[155.21,59.345],[155.17,59.375],[155.085,59.395],[155.025,59.43],[155.015,59.48],[154.945,59.495],[154.905,59.47],[154.795,59.465],[154.645,59.54],[154.59,59.52],[154.43,59.525],[154.46,59.475],[154.525,59.44],[154.52,59.415],[154.415,59.42],[154.345,59.47],[154.295,59.435],[154.16,59.45],[154.08,59.505],[154.075,59.525],[154.185,59.57],[154.215,59.6],[154.21,59.65],[154.25,59.67],[154.215,59.79],[154.21,59.875],[154.325,59.9],[154.485,59.89],[154.475,59.965],[154.41,60.065],[154.585,60.105],[154.67,60.18],[154.765,60.23],[154.84,60.295],[154.97,60.37],[155.15,60.415],[155.24,60.485],[155.35,60.525],[155.48,60.53],[155.49,60.58],[155.57,60.625],[155.725,60.665],[155.855,60.735],[155.92,60.75],[155.905,60.805],[155.96,60.925],[156.115,61.02],[156.26,61.075],[156.39,61.155],[156.56,61.21],[156.655,61.205],[156.63,61.3],[156.635,61.425],[156.69,61.53],[156.825,61.52],[156.95,61.56],[157.035,61.65],[157.29,61.695],[157.47,61.785],[157.56,61.79],[157.685,61.78],[157.815,61.78],[157.935,61.76],[157.945,61.745],[158.08,61.735],[158.17,61.77],[158.27,61.825],[158.4,61.825],[158.51,61.795],[158.545,61.83],[158.7,61.84],[158.845,61.82],[158.85,61.86],[158.9,61.9],[158.965,61.895],[159.03,61.925],[159.2,61.915],[159.395,61.875],[159.35,61.815],[159.425,61.785],[159.525,61.795],[159.54,61.755],[159.51,61.71],[159.545,61.665],[159.685,61.69],[159.7,61.71],[159.88,61.705],[159.98,61.77],[160.03,61.845],[160.175,61.88],[160.3,61.94],[160.365,61.94],[160.39,61.88],[160.41,61.76],[160.275,61.7],[160.325,61.665],[160.245,61.59],[160.28,61.555],[160.21,61.51],[160.12,61.5],[160.045,61.46],[160.105,61.44],[160.035,61.38],[159.96,61.375],[159.975,61.34],[159.915,61.29],[159.915,61.21],[159.97,61.175],[160.005,61.105],[159.92,61.02],[159.885,61.005],[159.835,60.95],[159.95,60.94],[159.965,60.965],[160.045,60.98],[160.09,61.015],[160.21,61.04],[160.28,61.02],[160.375,61.045],[160.43,60.99],[160.375,60.965],[160.32,60.905],[160.245,60.88],[160.18,60.82],[160.24,60.79],[160.25,60.735],[160.155,60.665],[160.14,60.585],[160.215,60.585],[160.295,60.62],[160.31,60.655],[160.385,60.695],[160.495,60.705],[160.555,60.74],[160.635,60.715],[160.68,60.76],[160.79,60.73],[160.84,60.78],[160.865,60.845],[160.91,60.895],[161.175,60.99],[161.24,61.05],[161.325,61.07],[161.45,61.13],[161.475,61.195],[161.575,61.205],[161.67,61.28],[161.77,61.3],[161.8,61.32],[161.9,61.34],[161.915,61.375],[161.985,61.375],[162.05,61.43],[162.11,61.44],[162.22,61.545],[162.33,61.59],[162.385,61.665],[162.465,61.665],[162.465,61.735],[162.395,61.76],[162.465,61.805],[162.375,61.835],[162.385,61.865],[162.295,61.94],[162.37,61.965],[162.445,61.94],[162.49,61.955],[162.54,62.02],[162.525,62.085],[162.39,62.095],[162.17,62.15],[162.26,62.2],[162.31,62.18],[162.4,62.24],[162.535,62.24],[162.575,62.255],[162.69,62.255],[162.785,62.31],[162.79,62.355],[162.76,62.42],[162.78,62.45],[162.68,62.57],[162.825,62.66],[162.82,62.69],[162.71,62.695],[162.61,62.715],[162.575,62.765],[162.63,62.78],[162.565,62.83],[162.485,62.84],[162.415,62.875],[162.28,62.905],[162.255,62.935],[162.305,63.065],[162.38,63.11],[162.44,63.09],[162.595,63.125],[162.58,63.155],[162.755,63.165],[162.78,63.23],[162.735,63.265],[162.765,63.325],[162.675,63.345],[162.66,63.385],[162.75,63.385],[162.935,63.45],[162.97,63.48],[162.995,63.625],[162.865,63.67],[162.855,63.725],[162.745,63.74],[162.755,63.785],[162.725,63.82],[162.78,63.85],[162.845,63.85],[162.955,63.925],[162.935,63.965],[162.825,64.01],[162.85,64.05],[162.8,64.105],[162.865,64.165],[162.99,64.185],[163.18,64.155],[163.275,64.3],[163.34,64.3],[163.415,64.445],[163.3,64.505],[163.235,64.51],[163.17,64.575],[163.175,64.62],[163.265,64.695],[163.11,64.68],[162.96,64.655],[162.75,64.66],[162.65,64.74],[162.42,64.76],[162.32,64.745],[162.225,64.785],[162.14,64.78],[161.85,64.825],[161.815,64.88],[161.755,64.91],[161.745,64.985],[161.69,65.015],[161.475,65.065],[161.32,65.15],[161.215,65.145],[161.02,65.18],[160.87,65.145],[160.76,65.155],[160.675,65.15],[160.5,65.18],[160.51,65.205],[160.33,65.32],[160.21,65.36],[160.24,65.435],[160.095,65.5],[159.805,65.535],[159.71,65.58],[159.58,65.6],[159.45,65.64],[158.95,65.725],[158.9,65.815],[158.95,65.825],[158.935,65.895],[159.015,65.935],[159.03,65.99],[159.095,66.045],[159.165,66.07],[159.19,66.115],[159.26,66.165],[159.215,66.215],[158.98,66.24],[158.9,66.265],[158.785,66.265],[158.725,66.315],[158.645,66.335],[158.545,66.335],[158.45,66.275],[158.43,66.205],[158.52,66.105],[158.465,66.08],[158.295,66.1],[158.165,66.135],[158.04,66.115],[157.74,66.1],[157.62,66.025],[157.44,66],[157.41,65.97],[157.45,65.91],[157.145,65.9],[157.085,65.915],[157,65.965],[157.035,66.005],[156.92,66.04],[156.905,66.065],[156.765,66.12],[156.71,66.18],[156.54,66.12],[156.535,66.09],[156.425,66.04],[156.345,66.06],[156.005,66.075],[155.95,66.07],[155.86,66.105],[155.83,66.14],[155.75,66.16],[155.67,66.125],[155.565,66.14],[155.4,66.125],[155.265,66.18],[155.07,66.165],[155.075,66.13],[154.89,66.11],[154.885,66.15],[154.8,66.175],[154.665,66.18],[154.59,66.22],[154.395,66.185],[154.365,66.105],[154.265,66.09],[154.23,66.045],[154.375,66.03],[154.415,65.95],[154.39,65.9],[154.325,65.88],[154.265,65.805],[154.155,65.775],[154.09,65.785],[154.1,65.835],[153.955,65.875],[153.68,65.845],[153.53,65.81],[153.485,65.75],[153.55,65.73],[153.575,65.69],[153.515,65.665],[153.54,65.635],[153.49,65.585],[153.46,65.46],[153.55,65.445],[153.59,65.4],[153.5,65.345],[153.385,65.335],[153.19,65.295],[153.185,65.27],[152.975,65.245],[152.935,65.255],[152.66,65.17],[152.645,65.085],[152.57,65],[152.52,64.975],[152.52,64.915],[152.585,64.81],[152.655,64.81],[152.75,64.775],[152.845,64.7],[152.725,64.625],[152.625,64.61],[152.6,64.58],[152.4,64.53],[152.36,64.51],[152.435,64.47],[152.45,64.395],[152.29,64.375],[152.255,64.355],[152.15,64.35],[152.05,64.47],[151.975,64.49],[151.815,64.47],[151.48,64.42],[151.48,64.39],[151.37,64.365],[151.165,64.36],[151,64.335],[150.795,64.325],[150.64,64.34],[150.585,64.305],[150.675,64.27],[150.635,64.17],[150.54,64.17],[150.43,64.205],[150.235,64.21],[150.21,64.26],[150.085,64.295],[150.015,64.35],[150.13,64.435],[150.14,64.465],[150,64.505],[149.96,64.55],[149.87,64.56],[149.775,64.545],[149.735,64.52],[149.58,64.47],[149.56,64.435],[149.475,64.405],[149.36,64.42],[149.34,64.375],[149.195,64.38],[149.19,64.42],[149.04,64.43],[148.71,64.4],[148.555,64.45],[148.5,64.51],[148.33,64.53],[148.225,64.44],[148.05,64.405],[148.125,64.295],[148.2,64.28],[148.28,64.245],[148.28,64.165],[148.16,64.105],[148.175,64.025],[148.11,64.015],[148.02,63.935],[147.79,63.955],[147.805,63.995],[147.68,64.02],[147.65,64.065],[147.735,64.115],[147.62,64.175],[147.545,64.145],[147.475,64.145],[147.34,64.11],[147.385,64.09],[147.35,64.045],[147.25,64.025],[147.135,64.09],[147.01,64.135],[146.83,64.15],[146.685,64.155],[146.545,64.19],[146.43,64.2],[146.385,64.18],[146.33,64.1],[146.335,64.07],[146.23,64.02],[146.23,63.98],[146.17,63.93],[146.01,63.915],[145.885,63.88],[145.83,63.88],[145.6,63.83],[145.655,63.77],[145.675,63.67],[145.6,63.645],[145.53,63.57],[145.47,63.525],[145.44,63.38],[145.345,63.3],[145.26,63.245],[145.275,63.18],[145.25,63.16],[145.305,63.09],[145.41,62.865],[145.38,62.83],[145.355,62.745],[145.43,62.705],[145.39,62.685],[145.425,62.645],[145.435,62.53],[145.385,62.5],[145.28,62.525],[145.15,62.475],[145.19,62.435],[145.15,62.395],[145.21,62.3],[145.13,62.245],[145.055,62.23],[144.99,62.17],[144.875,62.16],[144.875,62.135],[144.735,62.095],[144.735,62.045]]]]},"properties":{"shapeName":"Магаданская область","shapeISO":"RU-MAG","shapeID":"28173009B2185273376578","shapeGroup":"RUS","shapeType":"ADM1"}},{"type":"Feature","geometry":{"type":"Polygon","coordinates":[[[45.815,53.975],[45.905,53.985],[45.945,54.025],[46.005,53.98],[46.06,53.97],[46.115,53.93],[46.185,53.91],[46.175,53.795],[46.28,53.79],[46.375,53.67],[46.445,53.65],[46.45,53.54],[46.505,53.48],[46.65,53.47],[46.66,53.44],[46.745,53.415],[46.79,53.375],[46.91,53.365],[46.9,53.28],[46.875,53.24],[46.865,53.18],[46.93,53.17],[46.955,53.095],[46.935,53.07],[46.92,52.92],[46.895,52.895],[46.97,52.81],[46.97,52.76],[46.94,52.72],[46.82,52.7],[46.8,52.62],[46.865,52.615],[46.98,52.64],[46.985,52.59],[47.06,52.575],[47.155,52.585],[47.205,52.55],[47.38,52.575],[47.42,52.56],[47.54,52.61],[47.68,52.6],[47.725,52.57],[47.81,52.735],[47.895,52.725],[47.935,52.645],[48.065,52.675],[48.09,52.735],[47.99,52.73],[48.115,52.795],[48.195,52.77],[48.23,52.815],[48.305,52.78],[48.385,52.815],[48.43,52.815],[48.58,52.865],[48.585,52.9],[48.525,52.95],[48.36,52.955],[48.335,53.005],[48.365,53.055],[48.25,53.065],[48.225,53.005],[48.135,53.05],[48.21,53.125],[48.11,53.205],[48.16,53.23],[48.04,53.3],[47.94,53.335],[47.935,53.365],[48.05,53.445],[48.095,53.485],[48.23,53.49],[48.27,53.465],[48.37,53.475],[48.37,53.525],[48.405,53.565],[48.345,53.595],[48.35,53.655],[48.5,53.65],[48.51,53.76],[48.67,53.705],[48.685,53.73],[48.78,53.73],[48.85,53.705],[48.995,53.705],[48.995,53.875],[49.19,53.88],[49.25,53.835],[49.3,53.83],[49.31,53.87],[49.435,53.855],[49.705,53.83],[49.735,53.87],[49.815,53.89],[49.85,53.83],[50.025,53.82],[50.035,53.88],[49.93,53.89],[49.98,53.98],[50.015,53.96],[50.115,54.02],[50.185,54.025],[50.225,54.07],[50.195,54.125],[50.2,54.17],[50.245,54.22],[50.21,54.275],[50.24,54.285],[50.19,54.36],[50.15,54.375],[50.155,54.42],[50.105,54.425],[50.11,54.495],[50.09,54.505],[49.99,54.515],[49.94,54.535],[49.85,54.535],[49.825,54.56],[49.7,54.58],[49.62,54.555],[49.56,54.56],[49.58,54.615],[49.535,54.62],[49.55,54.67],[49.48,54.69],[49.475,54.78],[49.38,54.83],[49.325,54.87],[49.24,54.845],[49.15,54.84],[49.125,54.8],[48.88,54.795],[48.88,54.625],[48.465,54.625],[48.355,54.67],[48.28,54.665],[48.21,54.725],[48.1,54.74],[47.905,54.695],[47.91,54.65],[47.815,54.64],[47.835,54.69],[47.825,54.73],[47.72,54.735],[47.695,54.66],[47.65,54.625],[47.625,54.565],[47.54,54.53],[47.45,54.565],[47.405,54.525],[47.35,54.6],[47.355,54.625],[47.29,54.675],[47.27,54.675],[47.11,54.675],[47.08,54.695],[46.95,54.68],[46.895,54.645],[46.8,54.64],[46.74,54.685],[46.66,54.675],[46.545,54.735],[46.445,54.76],[46.455,54.72],[46.42,54.69],[46.525,54.655],[46.5,54.625],[46.41,54.585],[46.44,54.57],[46.52,54.59],[46.535,54.525],[46.49,54.5],[46.545,54.47],[46.49,54.445],[46.535,54.4],[46.72,54.4],[46.705,54.325],[46.665,54.295],[46.395,54.24],[46.34,54.19],[46.2,54.185],[46.155,54.155],[46.06,54.17],[45.97,54.13],[45.96,54.1],[45.895,54.06],[45.865,54],[45.815,53.975]]]},"properties":{"shapeName":"Ульяновская область","shapeISO":"RU-ULY","shapeID":"28173009B42697300509311","shapeGroup":"RUS","shapeType":"ADM1"}},{"type":"Feature","geometry":{"type":"Polygon","coordinates":[[[41.795,55.1],[41.785,55.13],[41.82,55.165],[41.91,55.21],[41.86,55.24],[41.96,55.275],[42,55.325],[42.015,55.375],[42.165,55.445],[42.095,55.49],[42.105,55.53],[42.065,55.585],[42.09,55.62],[42.145,55.62],[42.125,55.67],[42.19,55.675],[42.205,55.72],[42.255,55.755],[42.395,55.79],[42.41,55.82],[42.505,55.88],[42.525,55.95],[42.61,55.93],[42.665,55.975],[42.715,55.985],[42.69,56.09],[42.87,56.14],[42.965,56.145],[42.945,56.19],[42.81,56.19],[42.755,56.27],[42.795,56.285],[42.775,56.33],[42.72,56.37],[42.615,56.405],[42.495,56.42],[42.405,56.445],[42.22,56.44],[42.19,56.4],[42.115,56.37],[41.98,56.375],[41.95,56.485],[41.925,56.52],[41.76,56.49],[41.675,56.495],[41.555,56.475],[41.49,56.49],[41.205,56.495],[41.035,56.49],[41.025,56.52],[40.92,56.505],[40.765,56.595],[40.49,56.585],[40.46,56.535],[40.38,56.53],[40.305,56.49],[40.265,56.49],[40.225,56.44],[40.025,56.48],[39.95,56.465],[39.95,56.52],[39.86,56.595],[39.895,56.705],[39.9,56.77],[39.765,56.775],[39.685,56.81],[39.565,56.795],[39.495,56.765],[39.4,56.77],[39.335,56.74],[39.365,56.69],[39.315,56.66],[39.335,56.595],[39.265,56.54],[39.135,56.58],[39.03,56.54],[38.935,56.54],[38.855,56.57],[38.855,56.6],[38.76,56.58],[38.63,56.585],[38.57,56.565],[38.485,56.65],[38.39,56.68],[38.32,56.66],[38.36,56.575],[38.285,56.54],[38.3,56.495],[38.4,56.455],[38.39,56.41],[38.445,56.385],[38.4,56.27],[38.46,56.205],[38.52,56.18],[38.51,56.135],[38.545,56.065],[38.585,56.055],[38.61,55.975],[38.73,55.98],[38.84,55.915],[38.885,55.945],[39,55.94],[39.115,55.845],[39.28,55.85],[39.32,55.805],[39.47,55.775],[39.525,55.785],[39.66,55.795],[39.73,55.84],[39.89,55.835],[39.91,55.805],[39.885,55.76],[40.055,55.655],[40.095,55.61],[40.045,55.58],[40.05,55.525],[40.16,55.525],[40.2,55.5],[40.14,55.45],[40.145,55.42],[40.19,55.365],[40.33,55.35],[40.325,55.31],[40.525,55.3],[40.615,55.22],[40.725,55.21],[40.82,55.24],[40.905,55.24],[40.905,55.275],[40.995,55.255],[41.045,55.22],[41.11,55.215],[41.17,55.225],[41.295,55.235],[41.32,55.2],[41.435,55.145],[41.535,55.175],[41.575,55.145],[41.63,55.15],[41.655,55.11],[41.77,55.135],[41.795,55.1]]]},"properties":{"shapeName":"Владимирская область","shapeISO":"RU-VLA","shapeID":"28173009B91128253561055","shapeGroup":"RUS","shapeType":"ADM1"}},{"type":"Feature","geometry":{"type":"Polygon","coordinates":[[[47.07,60.845],[46.925,60.855],[46.9,60.88],[46.82,60.88],[46.795,60.925],[46.825,60.965],[46.545,60.98],[46.55,61.025],[46.315,60.995],[46.3,60.97],[45.76,61.01],[45.81,61.16],[45.34,61.195],[45.25,60.895],[44.925,60.91],[44.16,60.965],[44.18,61.06],[43.98,61.055],[43.94,61.045],[43.785,61.035],[43.735,60.88],[43.545,60.86],[43.525,60.765],[43.25,60.79],[43.135,60.81],[43.08,60.745],[42.995,60.73],[42.92,60.815],[42.66,60.89],[42.565,60.82],[42.57,60.775],[42.46,60.785],[42.375,60.77],[42.225,60.79],[42.175,60.785],[42.11,60.835],[41.925,60.845],[41.945,60.905],[41.825,60.915],[41.77,60.875],[41.695,60.86],[41.65,60.885],[41.51,60.895],[41.38,60.85],[41.425,60.82],[41.34,60.69],[41.26,60.655],[41.14,60.635],[41.085,60.665],[40.895,60.685],[40.785,60.715],[40.72,60.78],[40.65,60.74],[40.575,60.72],[40.455,60.775],[40.375,60.75],[40.335,60.7],[40.185,60.67],[40.05,60.675],[40.01,60.645],[39.885,60.655],[39.8,60.725],[39.745,60.74],[39.68,60.72],[39.59,60.72],[39.42,60.69],[39.335,60.69],[39.195,60.725],[39.15,60.675],[39.01,60.72],[38.97,60.76],[38.895,60.77],[38.815,60.735],[38.805,60.71],[38.62,60.715],[38.585,60.8],[38.405,60.805],[38.39,60.895],[38.22,60.93],[38.18,60.985],[38.21,61.065],[38.175,61.13],[38.125,61.16],[38.01,61.14],[38.02,61.225],[37.955,61.23],[37.955,61.265],[37.875,61.29],[37.88,61.365],[37.825,61.4],[37.805,61.45],[37.835,61.5],[37.815,61.53],[37.705,61.54],[37.465,61.51],[37.305,61.51],[37.29,61.55],[37.17,61.555],[37.03,61.615],[36.885,61.565],[36.875,61.54],[36.695,61.56],[36.585,61.54],[36.575,61.515],[36.46,61.405],[36.47,61.365],[36.355,61.25],[36.43,61.2],[36.4,61.145],[36.205,61.07],[36.11,61.085],[36.03,61.005],[36.015,60.965],[35.81,60.94],[35.805,60.92],[35.695,60.89],[35.625,60.895],[35.525,60.92],[35.46,60.855],[35.33,60.855],[35.24,60.835],[35.175,60.77],[35.235,60.715],[35.3,60.6],[35.26,60.36],[35.24,60.29],[35.165,60.255],[35.18,60.2],[35.155,60.15],[35.205,60.115],[35.215,60.075],[35.14,60.045],[35.145,60.02],[35.285,60.015],[35.32,59.98],[35.445,59.98],[35.445,59.915],[35.375,59.86],[35.405,59.72],[35.445,59.705],[35.615,59.71],[35.605,59.615],[35.495,59.65],[35.495,59.5],[35.315,59.52],[35.32,59.485],[35.375,59.475],[35.435,59.425],[35.395,59.38],[35.3,59.34],[35.355,59.305],[35.245,59.3],[35.175,59.26],[35.1,59.245],[35.04,59.255],[34.85,59.2],[34.835,59.125],[34.72,59.085],[34.785,59.06],[34.865,59.055],[34.87,58.99],[34.965,58.97],[34.96,58.95],[35.18,58.95],[35.13,58.87],[35.13,58.815],[35.21,58.83],[35.28,58.785],[35.41,58.85],[35.555,58.845],[35.58,58.81],[35.745,58.82],[35.785,58.755],[35.9,58.755],[35.965,58.735],[36.105,58.715],[36.16,58.62],[36.22,58.61],[36.225,58.575],[36.18,58.51],[36.29,58.515],[36.33,58.485],[36.39,58.52],[36.505,58.515],[36.545,58.57],[36.53,58.6],[36.63,58.62],[36.655,58.695],[36.765,58.715],[36.83,58.74],[36.78,58.8],[36.85,58.835],[36.96,58.83],[37.07,58.865],[37.175,58.83],[37.205,58.75],[37.275,58.695],[37.295,58.645],[37.365,58.645],[37.415,58.585],[37.51,58.555],[37.535,58.52],[37.63,58.485],[37.695,58.525],[37.71,58.625],[37.835,58.63],[37.9,58.615],[37.985,58.705],[38.065,58.73],[38.415,58.725],[38.485,58.7],[38.54,58.725],[38.555,58.775],[38.675,58.745],[38.84,58.745],[38.925,58.735],[38.94,58.805],[39.02,58.85],[38.945,58.905],[39.11,58.94],[39.265,58.905],[39.55,58.875],[39.605,58.905],[39.715,58.84],[39.78,58.84],[39.87,58.75],[39.955,58.76],[40.005,58.74],[40.025,58.69],[40.1,58.66],[40.135,58.625],[40.075,58.61],[40.185,58.555],[40.345,58.555],[40.44,58.535],[40.515,58.545],[40.61,58.585],[40.785,58.595],[40.93,58.575],[41.05,58.605],[41.23,58.74],[41.155,58.805],[41.26,58.84],[41.255,58.89],[41.18,58.895],[41.175,58.935],[41.27,58.99],[41.35,58.95],[41.4,58.99],[41.515,59.015],[41.525,59.04],[41.715,59.085],[41.73,59.11],[41.825,59.105],[41.88,59.085],[41.96,59.12],[42,59.105],[42.09,59.155],[42.1,59.25],[42.03,59.24],[41.95,59.26],[41.985,59.395],[42.035,59.43],[42.215,59.41],[42.205,59.33],[42.31,59.27],[42.35,59.305],[42.635,59.33],[42.67,59.315],[42.655,59.265],[42.69,59.225],[42.755,59.215],[42.79,59.175],[42.865,59.18],[43,59.215],[43.05,59.21],[43.085,59.25],[43.175,59.265],[43.22,59.235],[43.285,59.245],[43.335,59.2],[43.385,59.205],[43.335,59.265],[43.42,59.29],[43.515,59.3],[43.51,59.26],[43.61,59.19],[43.64,59.23],[43.695,59.26],[43.775,59.27],[43.805,59.245],[43.9,59.24],[43.95,59.21],[44.09,59.235],[44.21,59.225],[44.19,59.17],[44.295,59.17],[44.355,59.135],[44.4,59.16],[44.59,59.15],[45.04,59.12],[45.055,59.2],[45.335,59.185],[45.34,59.215],[45.98,59.17],[46.02,59.325],[46.165,59.315],[46.165,59.355],[46.37,59.34],[46.405,59.495],[46.37,59.5],[46.41,59.62],[46.79,59.595],[46.795,59.625],[47.12,59.6],[47.155,59.75],[46.92,59.765],[47.035,60.125],[46.92,60.125],[46.89,60.075],[46.76,60.06],[46.65,60.085],[46.585,60.08],[46.38,60.13],[46.325,60.165],[46.33,60.215],[46.42,60.265],[46.51,60.245],[46.635,60.265],[46.765,60.235],[46.815,60.295],[46.76,60.365],[46.79,60.395],[46.87,60.415],[46.89,60.455],[46.875,60.515],[46.955,60.535],[46.995,60.575],[47.015,60.625],[46.965,60.655],[46.975,60.69],[47.035,60.725],[47.07,60.845]]]},"properties":{"shapeName":"Вологодская область","shapeISO":"RU-VLG","shapeID":"28173009B96664025860642","shapeGroup":"RUS","shapeType":"ADM1"}},{"type":"Feature","geometry":{"type":"Polygon","coordinates":[[[40.93,58.575],[40.785,58.595],[40.61,58.585],[40.515,58.545],[40.44,58.535],[40.345,58.555],[40.185,58.555],[40.075,58.61],[40.135,58.625],[40.1,58.66],[40.025,58.69],[40.005,58.74],[39.955,58.76],[39.87,58.75],[39.78,58.84],[39.715,58.84],[39.605,58.905],[39.55,58.875],[39.265,58.905],[39.11,58.94],[38.945,58.905],[39.02,58.85],[38.94,58.805],[38.925,58.735],[38.84,58.745],[38.675,58.745],[38.555,58.775],[38.54,58.725],[38.485,58.7],[38.415,58.725],[38.065,58.73],[37.985,58.705],[37.9,58.615],[37.835,58.63],[37.71,58.625],[37.695,58.525],[37.63,58.485],[37.64,58.43],[37.475,58.4],[37.37,58.34],[37.435,58.275],[37.37,58.24],[37.44,58.19],[37.585,58.16],[37.585,58.135],[37.7,58.08],[37.605,58.075],[37.515,58.04],[37.5,57.99],[37.39,57.98],[37.41,57.94],[37.38,57.835],[37.435,57.82],[37.535,57.77],[37.56,57.74],[37.65,57.705],[37.635,57.67],[37.735,57.62],[37.835,57.595],[37.835,57.53],[37.8,57.5],[37.85,57.47],[37.87,57.4],[38.015,57.335],[38.115,57.33],[38.17,57.355],[38.275,57.37],[38.31,57.345],[38.325,57.28],[38.25,57.24],[38.15,57.225],[38.16,57.17],[38.26,57.04],[38.22,56.985],[38.155,56.965],[38.195,56.905],[38.1,56.87],[38.245,56.795],[38.305,56.76],[38.32,56.66],[38.39,56.68],[38.485,56.65],[38.57,56.565],[38.63,56.585],[38.76,56.58],[38.855,56.6],[38.855,56.57],[38.935,56.54],[39.03,56.54],[39.135,56.58],[39.265,56.54],[39.335,56.595],[39.315,56.66],[39.365,56.69],[39.335,56.74],[39.4,56.77],[39.375,56.82],[39.435,56.9],[39.555,56.975],[39.525,57.02],[39.605,57.03],[39.65,57.075],[39.74,57.085],[39.825,57.13],[39.845,57.17],[39.95,57.17],[40.03,57.21],[40.095,57.195],[40.195,57.205],[40.265,57.285],[40.405,57.265],[40.43,57.285],[40.445,57.415],[40.425,57.485],[40.505,57.52],[40.45,57.535],[40.525,57.595],[40.63,57.57],[40.675,57.595],[40.72,57.66],[40.675,57.695],[40.64,57.865],[40.6,57.895],[40.68,57.985],[40.81,58.005],[40.77,58.06],[40.84,58.065],[40.895,58.11],[40.885,58.18],[40.96,58.195],[40.985,58.245],[41.035,58.285],[41.105,58.29],[41.195,58.34],[41.135,58.395],[41.05,58.44],[41.08,58.47],[41.02,58.54],[40.93,58.575]]]},"properties":{"shapeName":"Ярославская область","shapeISO":"RU-YAR","shapeID":"28173009B38848907206629","shapeGroup":"RUS","shapeType":"ADM1"}},{"type":"Feature","geometry":{"type":"Polygon","coordinates":[[[42.88,51.235],[42.945,51.265],[42.86,51.315],[42.835,51.39],[42.75,51.49],[42.63,51.53],[42.565,51.54],[42.52,51.595],[42.485,51.63],[42.425,51.625],[42.345,51.59],[42.27,51.665],[42.305,51.675],[42.23,51.72],[42.105,51.695],[42.07,51.655],[41.96,51.655],[41.845,51.71],[41.725,51.735],[41.635,51.735],[41.585,51.77],[41.43,51.77],[41.305,51.8],[41.28,51.79],[41.295,51.74],[41.115,51.73],[41.065,51.72],[40.97,51.745],[40.88,51.74],[40.95,51.86],[40.925,51.89],[40.845,51.92],[40.805,51.895],[40.755,51.935],[40.705,51.935],[40.535,51.945],[40.355,51.965],[40.31,51.945],[40.22,51.975],[40.16,51.96],[40.125,51.985],[40.04,51.95],[39.93,51.97],[39.84,51.92],[39.765,51.925],[39.49,51.98],[39.515,52.02],[39.475,52.075],[39.42,52.075],[39.295,52.105],[39.085,52.035],[39.105,51.995],[39.015,51.985],[38.975,52.025],[38.875,52.095],[38.825,52.095],[38.785,52.05],[38.74,52.04],[38.68,52.065],[38.625,52.04],[38.555,52.055],[38.4,51.985],[38.295,51.965],[38.34,51.94],[38.43,51.945],[38.44,51.895],[38.415,51.855],[38.445,51.83],[38.4,51.78],[38.48,51.725],[38.445,51.69],[38.385,51.685],[38.225,51.7],[38.235,51.66],[38.16,51.67],[38.14,51.63],[38.185,51.615],[38.24,51.555],[38.3,51.52],[38.32,51.445],[38.305,51.41],[38.36,51.305],[38.29,51.295],[38.335,51.255],[38.435,51.285],[38.475,51.21],[38.525,51.185],[38.485,51.16],[38.41,51.165],[38.39,51.075],[38.485,51.075],[38.55,51.025],[38.59,51.01],[38.7,51.02],[38.69,51.045],[38.74,51.07],[38.855,51.035],[38.865,51.005],[38.805,50.985],[38.875,50.93],[38.84,50.895],[38.79,50.915],[38.74,50.905],[38.735,50.84],[38.705,50.8],[38.8,50.76],[38.78,50.72],[38.855,50.715],[39.12,50.625],[39.085,50.605],[39.08,50.53],[39.015,50.455],[39.035,50.38],[39.1,50.34],[39.045,50.315],[39.045,50.275],[39.12,50.27],[39.16,50.14],[39.22,50.045],[39.28,50.035],[39.255,49.985],[39.205,49.97],[39.21,49.925],[39.18,49.89],[39.225,49.84],[39.23,49.805],[39.285,49.755],[39.38,49.74],[39.445,49.76],[39.545,49.74],[39.59,49.72],[39.66,49.615],[39.75,49.595],[39.805,49.56],[39.89,49.56],[39.95,49.595],[40.135,49.615],[40.16,49.645],[40.275,49.63],[40.375,49.59],[40.55,49.58],[40.575,49.625],[40.635,49.675],[40.78,49.665],[40.795,49.7],[40.92,49.7],[41.005,49.78],[41.045,49.81],[41.04,49.865],[41.085,49.945],[41.195,50.01],[41.3,50.02],[41.34,50.07],[41.385,50.08],[41.385,50.115],[41.29,50.165],[41.34,50.21],[41.4,50.205],[41.42,50.245],[41.52,50.365],[41.495,50.42],[41.42,50.5],[41.49,50.565],[41.54,50.575],[41.515,50.61],[41.45,50.605],[41.345,50.71],[41.275,50.75],[41.17,50.775],[41.395,50.84],[41.43,50.915],[41.47,50.95],[41.615,50.985],[41.75,51.005],[41.79,51.035],[41.795,51.08],[41.86,51.16],[41.93,51.195],[42.085,51.15],[42.175,51.135],[42.295,51.135],[42.425,51.16],[42.435,51.145],[42.595,51.155],[42.65,51.22],[42.71,51.25],[42.75,51.235],[42.855,51.245],[42.88,51.235]]]},"properties":{"shapeName":"Воронежская область","shapeISO":"RU-VOR","shapeID":"28173009B2687808218031","shapeGroup":"RUS","shapeType":"ADM1"}},{"type":"Feature","geometry":{"type":"MultiPolygon","coordinates":[[[[67.22,69.57],[67.03,69.48],[67.065,69.455],[67.22,69.43],[67.37,69.5],[67.33,69.58],[67.22,69.57]]],[[[76.375,73.125],[76.69,73.125],[76.655,73.16],[76.38,73.185],[76.14,73.195],[76.19,73.145],[76.375,73.125]]],[[[69.99,73.125],[69.94,73.05],[70.09,73.08],[70.165,73.07],[70.195,73.025],[70.465,73.02],[70.605,73.06],[70.91,73.105],[71.095,73.095],[71.31,73.13],[71.37,73.155],[71.685,73.155],[71.605,73.24],[71.455,73.29],[71.29,73.25],[71.15,73.285],[71.085,73.335],[71.135,73.365],[71.045,73.455],[70.86,73.475],[70.545,73.455],[70.48,73.425],[70.04,73.33],[70.1,73.31],[70.05,73.25],[69.99,73.125]]],[[[76.04,73.52],[75.65,73.51],[75.525,73.485],[75.635,73.425],[75.885,73.43],[75.87,73.47],[76.04,73.5],[76.04,73.52]]],[[[77.865,72.33],[78.005,72.385],[78.11,72.39],[78.24,72.445],[78.335,72.46],[78.325,72.505],[78.13,72.565],[77.795,72.595],[77.625,72.6],[77.52,72.58],[77.315,72.505],[77.215,72.425],[77.05,72.39],[76.9,72.34],[76.865,72.305],[76.945,72.27],[77.25,72.29],[77.615,72.285],[77.815,72.29],[77.865,72.33]]],[[[74.335,73.105],[74.155,73.05],[74.115,72.995],[74.24,72.94],[74.65,72.835],[74.685,72.89],[74.625,72.94],[74.69,72.985],[74.685,73.04],[74.755,73.075],[74.505,73.105],[74.335,73.105]]],[[[69.725,66.535],[69.89,66.485],[69.95,66.535],[69.825,66.555],[69.74,66.585],[69.72,66.565],[69.67,66.555],[69.725,66.535]]],[[[70.315,66.585],[70.59,66.51],[70.665,66.535],[70.81,66.525],[70.94,66.55],[70.955,66.58],[70.865,66.625],[70.75,66.655],[70.595,66.675],[70.3,66.635],[70.315,66.585]]],[[[69.61,66.8],[69.555,66.83],[69.37,66.845],[69.28,66.825],[69.105,66.855],[69.07,66.825],[69.08,66.81],[69.14,66.815],[69.26,66.815],[69.345,66.795],[69.4,66.81],[69.61,66.8]]],[[[71.605,66.68],[71.625,66.695],[71.525,66.76],[71.485,66.76],[71.425,66.75],[71.41,66.75],[71.33,66.73],[71.4,66.715],[71.475,66.715],[71.52,66.69],[71.605,66.68]]],[[[71.015,66.645],[70.925,66.665],[70.85,66.67],[70.775,66.685],[70.71,66.715],[70.62,66.685],[70.75,66.665],[70.99,66.595],[71.09,66.6],[71.015,66.645]]],[[[69.61,66.62],[69.63,66.585],[69.71,66.58],[69.715,66.595],[69.82,66.565],[69.995,66.54],[69.965,66.6],[69.885,66.62],[69.84,66.62],[69.82,66.62],[69.755,66.635],[69.735,66.665],[69.61,66.68],[69.55,66.665],[69.61,66.62]]],[[[71.015,66.705],[70.94,66.72],[70.865,66.735],[70.82,66.73],[70.715,66.725],[70.755,66.7],[70.845,66.675],[70.94,66.67],[71.03,66.65],[71.11,66.615],[71.23,66.605],[71.26,66.645],[71.225,66.655],[71.165,66.68],[71.13,66.68],[71.085,66.7],[71.015,66.705]]],[[[69.61,66.705],[69.735,66.675],[69.75,66.645],[69.8,66.64],[69.84,66.62],[69.905,66.625],[69.985,66.615],[69.865,66.71],[69.76,66.75],[69.645,66.745],[69.61,66.705]]],[[[71.015,66.76],[70.94,66.76],[70.85,66.745],[70.9,66.73],[71.01,66.71],[71.1,66.7],[71.165,66.68],[71.235,66.65],[71.315,66.645],[71.345,66.625],[71.56,66.64],[71.495,66.7],[71.445,66.715],[71.395,66.715],[71.32,66.73],[71.275,66.725],[71.215,66.725],[71.16,66.755],[71.015,66.76]]],[[[70.315,66.675],[70.5,66.675],[70.515,66.72],[70.425,66.735],[70.19,66.73],[70.195,66.695],[70.315,66.675]]],[[[71.015,66.795],[70.93,66.8],[70.77,66.765],[70.73,66.735],[70.805,66.73],[70.845,66.745],[70.895,66.755],[70.94,66.76],[70.995,66.765],[71.115,66.765],[71.165,66.755],[71.2,66.735],[71.235,66.725],[71.33,66.73],[71.405,66.755],[71.43,66.75],[71.535,66.77],[71.5,66.84],[71.405,66.865],[71.2,66.85],[71.145,66.82],[71.015,66.795]]],[[[84.44,62.195],[84.5,62.22],[84.575,62.3],[84.715,62.4],[84.785,62.415],[84.925,62.475],[84.94,62.515],[84.9,62.56],[84.96,62.595],[85.1,62.63],[85.06,62.66],[85.155,62.705],[85.22,62.8],[85.265,62.815],[85.345,62.87],[85.46,62.88],[85.535,62.94],[85.505,62.98],[85.62,63.03],[85.595,63.08],[85.495,63.15],[85.57,63.285],[85.705,63.335],[85.685,63.375],[85.56,63.38],[85.455,63.355],[85.38,63.41],[85.42,63.435],[85.3,63.515],[85.24,63.5],[85.08,63.535],[85.145,63.565],[85.185,63.605],[85.305,63.65],[85.34,63.76],[85.33,63.8],[85.4,63.855],[85.465,63.865],[85.505,63.93],[85.63,63.95],[85.71,63.99],[85.9,64.045],[85.965,64.05],[85.935,64.135],[85.985,64.18],[86.005,64.27],[85.93,64.37],[85.92,64.43],[85.805,64.495],[85.905,64.575],[85.905,64.6],[85.82,64.68],[85.835,64.785],[85.72,64.83],[85.53,64.855],[85.315,64.79],[85.275,64.795],[85.145,64.77],[85.1,64.82],[85,64.83],[84.92,64.865],[84.98,64.88],[85.025,64.925],[84.92,64.955],[84.575,64.915],[84.43,64.905],[84.32,64.92],[84.335,64.995],[84.375,65.06],[84.285,65.085],[84.385,65.2],[84.535,65.24],[84.565,65.315],[84.495,65.39],[84.53,65.46],[84.435,65.51],[84.405,65.55],[84.34,65.55],[84.175,65.595],[84.285,65.62],[84.28,65.685],[84.15,65.695],[84,65.785],[83.76,65.79],[83.565,65.76],[83.475,65.815],[83.53,65.85],[83.455,65.925],[83.295,66.005],[83.27,66.05],[83.35,66.12],[83.51,66.15],[83.54,66.185],[83.255,66.375],[83.115,66.405],[83.075,66.465],[83.085,66.575],[83.19,66.605],[83.33,66.66],[83.185,66.755],[83.145,66.83],[83.07,66.845],[83.025,66.885],[82.74,67],[82.135,67.22],[82.2,67.245],[82.305,67.335],[82.23,67.41],[82.395,67.52],[82.26,67.545],[82.17,67.595],[82.03,67.645],[82.11,67.685],[82.015,67.755],[81.855,67.8],[81.73,67.9],[81.745,67.935],[81.975,67.96],[82.07,67.94],[82.335,67.935],[82.4,67.97],[82.35,68.125],[82.55,68.165],[82.53,68.205],[82.555,68.26],[82.65,68.285],[82.715,68.395],[82.69,68.475],[82.62,68.55],[82.635,68.595],[82.7,68.62],[82.825,68.635],[82.87,68.685],[82.8,68.76],[82.595,68.805],[82.495,68.97],[82.43,69.015],[82.315,69.045],[82.37,69.075],[82.475,69.08],[82.47,69.145],[82.395,69.175],[82.25,69.155],[82.14,69.16],[82,69.195],[81.85,69.195],[81.805,69.255],[81.95,69.325],[81.96,69.355],[81.82,69.425],[81.69,69.45],[81.64,69.415],[81.64,69.345],[81.675,69.32],[81.585,69.27],[81.44,69.25],[81.34,69.285],[80.96,69.2],[80.7,69.32],[80.53,69.31],[80.31,69.33],[80.235,69.365],[80.105,69.37],[79.92,69.35],[79.82,69.39],[79.78,69.43],[79.64,69.465],[79.625,69.505],[79.51,69.625],[79.42,69.66],[79.05,69.705],[79.165,69.74],[79.015,69.8],[78.98,69.84],[78.91,69.855],[79.115,69.935],[79.21,70.01],[79.22,70.06],[79.4,70.125],[79.505,70.11],[79.65,70.19],[79.665,70.235],[79.755,70.275],[79.885,70.26],[80.025,70.33],[80.125,70.34],[80.225,70.4],[80.415,70.46],[80.62,70.455],[80.645,70.4],[80.79,70.385],[80.89,70.44],[80.745,70.435],[80.685,70.5],[80.745,70.57],[80.815,70.62],[80.785,70.66],[80.66,70.685],[80.645,70.71],[80.715,70.81],[80.64,70.835],[80.585,71.045],[80.365,71.075],[79.995,71.115],[79.435,71.295],[79.22,71.305],[79.135,71.395],[79.315,71.455],[79.37,71.53],[79.31,71.585],[79.39,71.61],[79.55,71.605],[79.825,71.585],[79.955,71.61],[80.145,71.665],[80.09,71.75],[80.125,71.785],[80.075,71.825],[80.37,71.865],[80.23,71.93],[79.995,71.98],[79.855,71.995],[79.86,72.02],[79.615,72.05],[79.405,72.04],[79.07,72.075],[79.03,72.105],[78.76,72.165],[78.615,72.175],[78.65,72.25],[78.61,72.285],[78.46,72.315],[78.345,72.325],[78.315,72.345],[78.1,72.345],[77.88,72.305],[77.77,72.24],[77.74,72.2],[77.52,72.175],[77.4,72.1],[77.435,72.065],[77.535,72.055],[77.73,72.095],[77.905,72.105],[78.08,72.08],[78.19,72.02],[78.24,71.965],[78.225,71.93],[78.13,71.88],[77.995,71.845],[77.795,71.81],[77.645,71.815],[77.46,71.85],[77.32,71.92],[77.115,71.98],[76.805,72.05],[76.595,72.03],[76.34,71.995],[76.15,71.92],[76.035,71.905],[76.125,71.81],[76.17,71.705],[76.29,71.645],[76.255,71.59],[76.305,71.565],[76.585,71.505],[76.72,71.455],[76.98,71.41],[77.07,71.415],[77.26,71.33],[77.465,71.29],[77.685,71.265],[77.705,71.3],[77.84,71.34],[77.97,71.335],[77.9,71.295],[77.915,71.24],[78.045,71.27],[78.265,71.25],[78.31,71.23],[78.25,71.135],[78.27,71.08],[78.41,71.025],[78.465,70.975],[78.705,70.925],[78.83,70.955],[78.965,70.935],[78.76,70.91],[78.51,70.915],[78.405,70.89],[78.33,70.925],[78.18,70.95],[78.035,70.95],[77.935,70.97],[77.915,71.03],[77.845,71.105],[77.77,71.13],[77.44,71.165],[77.225,71.16],[77.025,71.175],[76.63,71.195],[76.565,71.19],[76.27,71.195],[76.13,71.21],[75.935,71.215],[75.75,71.235],[75.57,71.28],[75.42,71.295],[75.295,71.33],[75.22,71.425],[75.28,71.445],[75.41,71.44],[75.41,71.485],[75.51,71.525],[75.42,71.575],[75.48,71.645],[75.26,71.73],[75.215,71.79],[75.22,71.855],[75.265,71.895],[75.255,71.945],[75.375,71.945],[75.39,72.015],[75.465,72.075],[75.5,72.16],[75.56,72.22],[75.7,72.25],[75.55,72.39],[75.49,72.495],[75.51,72.52],[75.645,72.535],[75.305,72.695],[75.435,72.75],[75,72.87],[74.92,72.865],[74.765,72.805],[74.925,72.7],[75.005,72.605],[75.075,72.43],[75.075,72.26],[74.99,72.165],[74.76,72.06],[74.6,72.015],[74.12,71.925],[73.955,71.9],[73.605,71.83],[73.46,71.765],[73.53,71.715],[73.48,71.635],[73.395,71.575],[73.145,71.48],[73.025,71.42],[73.015,71.385],[73.36,71.3],[73.54,71.225],[73.65,71.145],[73.685,71.075],[73.75,71.02],[73.905,70.96],[73.875,70.89],[73.92,70.84],[74.22,70.7],[74.28,70.645],[74.305,70.52],[74.225,70.425],[74.12,70.38],[74.04,70.315],[73.815,70.205],[73.675,70.115],[73.785,70.06],[73.725,69.99],[73.74,69.935],[73.685,69.895],[73.67,69.835],[73.565,69.79],[73.53,69.74],[73.66,69.6],[73.76,69.56],[73.85,69.49],[73.9,69.41],[73.905,69.35],[73.805,69.23],[73.78,69.165],[73.875,69.075],[73.99,69.07],[74.215,69.125],[74.365,69.135],[74.53,69.125],[74.8,69.075],[75.105,69.11],[75.185,69.16],[75.455,69.24],[75.615,69.255],[75.795,69.23],[76.02,69.245],[76.38,69.155],[76.43,69.125],[76.595,69.12],[76.665,69.135],[76.82,69.08],[76.83,69.035],[76.935,69.005],[77.245,68.97],[77.365,68.91],[77.565,68.91],[77.69,68.87],[77.685,68.785],[77.745,68.71],[77.745,68.645],[77.705,68.605],[77.775,68.56],[77.79,68.51],[77.92,68.515],[77.95,68.475],[77.92,68.43],[77.955,68.375],[78.045,68.36],[78.05,68.31],[78.165,68.26],[78.115,68.235],[77.965,68.22],[77.815,68.215],[77.695,68.2],[77.53,68.12],[77.49,68.08],[77.525,68.025],[77.48,67.985],[77.495,67.945],[77.565,67.93],[77.46,67.885],[77.485,67.8],[77.46,67.77],[77.545,67.72],[77.77,67.74],[77.795,67.72],[77.935,67.715],[78.07,67.64],[78.215,67.645],[78.28,67.66],[78.535,67.67],[78.84,67.635],[78.88,67.6],[79.125,67.545],[79.04,67.52],[78.915,67.555],[78.79,67.57],[78.765,67.525],[78.69,67.505],[78.535,67.55],[78.37,67.53],[78.245,67.56],[78.06,67.535],[77.62,67.605],[77.535,67.655],[77.35,67.685],[77.075,67.77],[77.1,67.825],[77.24,67.835],[77.295,67.885],[77.19,67.95],[77.23,68.035],[77.2,68.1],[77.29,68.145],[77.335,68.225],[77.16,68.245],[77.125,68.265],[77.16,68.315],[77.235,68.325],[77.29,68.365],[77.225,68.445],[77.29,68.49],[77.18,68.57],[77.06,68.585],[76.945,68.655],[76.655,68.745],[76.62,68.775],[76.7,68.845],[76.6,68.965],[76.505,68.975],[76.205,68.975],[75.935,68.935],[75.765,68.925],[75.63,68.895],[75.46,68.895],[74.915,68.81],[74.565,68.74],[74.485,68.705],[74.445,68.66],[74.445,68.56],[74.47,68.505],[74.315,68.36],[74.54,68.265],[74.625,68.21],[74.795,68.03],[74.82,67.95],[74.79,67.76],[74.755,67.7],[74.635,67.63],[74.32,67.51],[74.11,67.425],[73.995,67.32],[73.925,67.3],[73.91,67.25],[73.955,67.2],[73.91,67.115],[73.925,67.075],[73.875,67.045],[73.875,67],[73.79,66.965],[73.625,66.93],[73.56,66.855],[73.405,66.805],[73.005,66.72],[72.975,66.67],[72.88,66.635],[72.715,66.62],[72.47,66.59],[72.4,66.52],[72.36,66.445],[72.41,66.35],[72.345,66.3],[72.14,66.245],[72.035,66.23],[71.95,66.25],[71.8,66.235],[71.74,66.285],[71.625,66.315],[71.195,66.35],[70.965,66.355],[70.655,66.335],[70.39,66.325],[70.1,66.38],[69.89,66.405],[69.825,66.45],[69.54,66.485],[69.445,66.485],[69.19,66.58],[69.125,66.615],[69.145,66.695],[69.185,66.735],[69.115,66.77],[68.87,66.765],[68.785,66.755],[68.73,66.775],[68.795,66.805],[68.84,66.865],[68.985,66.87],[69.1,66.905],[69.33,66.85],[69.495,66.845],[69.66,66.805],[69.855,66.81],[69.9,66.86],[69.96,66.85],[70.02,66.79],[70.1,66.74],[70.23,66.735],[70.315,66.76],[70.705,66.76],[70.79,66.775],[70.855,66.82],[71.06,66.81],[71.195,66.87],[71.33,66.895],[71.445,66.96],[71.515,66.91],[71.58,66.935],[71.785,66.945],[71.955,67.035],[72.035,67.045],[71.955,67.115],[72.06,67.155],[72.21,67.14],[72.23,67.19],[72.19,67.25],[72.12,67.24],[72.035,67.26],[72.035,67.295],[72.23,67.33],[72.25,67.3],[72.4,67.315],[72.445,67.39],[72.405,67.435],[72.44,67.48],[72.54,67.505],[72.56,67.605],[72.72,67.61],[72.86,67.635],[72.915,67.695],[73.1,67.725],[73.05,67.795],[73.175,67.835],[73.19,67.93],[73.055,68.035],[73.04,68.105],[73.1,68.15],[73.075,68.205],[73.26,68.305],[73.42,68.37],[73.475,68.455],[73.595,68.49],[73.555,68.535],[73.41,68.605],[73.24,68.655],[73.11,68.715],[72.74,68.825],[72.6,68.905],[72.55,68.95],[72.485,69.075],[72.475,69.14],[72.52,69.225],[72.61,69.265],[72.61,69.305],[72.535,69.385],[72.635,69.45],[72.635,69.505],[72.495,69.64],[72.67,69.76],[72.665,69.825],[72.63,69.885],[72.495,69.985],[72.485,70.03],[72.585,70.11],[72.565,70.17],[72.4,70.245],[72.45,70.305],[72.575,70.36],[72.74,70.395],[72.75,70.485],[72.68,70.58],[72.685,70.625],[72.75,70.665],[72.765,70.79],[72.805,70.845],[72.58,70.985],[72.615,71.06],[72.565,71.13],[72.24,71.205],[72.04,71.285],[71.985,71.36],[71.87,71.415],[71.82,71.485],[71.845,71.52],[72.03,71.58],[72.145,71.6],[72.175,71.67],[72.32,71.705],[72.305,71.82],[72.325,71.855],[72.445,71.88],[72.51,71.935],[72.59,72.075],[72.7,72.115],[72.68,72.145],[72.715,72.21],[72.835,72.255],[72.785,72.34],[72.78,72.46],[72.69,72.595],[72.81,72.63],[72.705,72.685],[72.755,72.71],[72.16,72.805],[72.065,72.81],[71.625,72.89],[71.325,72.87],[71.175,72.875],[71.065,72.81],[71,72.8],[70.93,72.87],[70.275,72.88],[69.575,72.855],[69.605,72.9],[69.8,72.92],[69.795,72.945],[69.57,72.955],[69.38,72.935],[69.255,72.795],[69.03,72.695],[68.985,72.655],[68.945,72.54],[68.84,72.415],[68.805,72.305],[68.73,72.165],[68.555,71.88],[68.435,71.76],[68.305,71.655],[68.135,71.58],[68.025,71.5],[67.945,71.52],[67.6,71.43],[67.42,71.36],[67.1,71.29],[66.94,71.275],[66.815,71.145],[66.75,71.1],[66.91,71.08],[66.905,71.015],[66.755,70.91],[66.63,70.86],[66.725,70.805],[66.71,70.765],[66.91,70.775],[67.1,70.83],[67.29,70.815],[67.365,70.735],[67.435,70.715],[67.36,70.68],[67.38,70.655],[67.275,70.595],[67.235,70.515],[67.345,70.445],[67.21,70.36],[67.205,70.305],[67.13,70.215],[67.29,70.175],[67.31,70.13],[67.37,70.105],[67.38,70.02],[67.315,69.99],[67.025,69.945],[66.885,69.955],[66.85,69.9],[66.81,69.705],[66.825,69.57],[66.895,69.615],[67.025,69.64],[66.97,69.67],[67.065,69.69],[67.14,69.66],[67.385,69.605],[67.51,69.615],[67.58,69.59],[67.685,69.585],[67.725,69.535],[67.81,69.5],[67.935,69.49],[68.04,69.525],[68.135,69.51],[68.115,69.375],[68.035,69.345],[68.09,69.245],[68.135,69.21],[68.35,69.085],[68.435,69],[68.58,68.935],[68.77,68.905],[68.915,68.925],[69.155,68.945],[69.165,68.91],[68.98,68.88],[69.115,68.86],[69.14,68.81],[69.07,68.8],[68.965,68.65],[68.835,68.535],[68.665,68.42],[68.59,68.355],[68.6,68.32],[68.535,68.255],[68.435,68.215],[68.295,68.18],[68.265,68.21],[68.165,68.23],[68.185,68.27],[68.265,68.315],[68.155,68.395],[67.985,68.43],[67.775,68.46],[67.675,68.545],[67.33,68.67],[67.175,68.7],[67.08,68.755],[67.06,68.815],[66.925,68.85],[66.58,68.89],[66.415,68.93],[66.065,69.03],[65.875,69.06],[65.715,69.07],[65.855,69.11],[65.4,69.17],[65.21,69.21],[65.085,69.26],[65.025,69.195],[64.855,69.17],[64.72,69.11],[64.71,69.08],[64.54,69.03],[64.52,68.975],[64.63,68.95],[64.55,68.91],[64.59,68.86],[64.81,68.88],[64.92,68.87],[64.965,68.845],[65.085,68.81],[65.23,68.82],[65.4,68.78],[65.355,68.745],[65.45,68.735],[65.405,68.68],[65.56,68.595],[65.655,68.585],[65.66,68.54],[65.61,68.49],[65.515,68.465],[65.475,68.42],[65.295,68.25],[65.28,68.2],[65.34,68.095],[65.33,67.995],[65.385,67.93],[65.43,67.91],[65.55,67.935],[65.75,67.92],[65.905,67.96],[66.135,67.915],[66.055,67.88],[66.055,67.785],[66.225,67.755],[66.22,67.685],[66.16,67.65],[66.05,67.675],[65.96,67.655],[65.845,67.67],[65.785,67.64],[65.835,67.6],[65.785,67.57],[65.825,67.54],[66.055,67.575],[66.09,67.515],[66.075,67.47],[66.01,67.41],[65.7,67.38],[65.745,67.335],[65.665,67.325],[65.43,67.21],[65.305,67.185],[65.18,67.145],[65.245,67.095],[65.205,67.065],[65.08,67.04],[65.14,66.955],[65.14,66.91],[65.04,66.87],[64.875,66.835],[64.78,66.835],[64.68,66.8],[64.56,66.8],[64.55,66.765],[64.46,66.715],[64.395,66.72],[64.265,66.645],[64.19,66.65],[63.975,66.635],[63.95,66.605],[63.805,66.535],[63.63,66.52],[63.51,66.46],[63.42,66.465],[63.33,66.425],[63.285,66.345],[63.235,66.335],[63.28,66.22],[63.14,66.255],[63,66.18],[62.955,66.1],[62.87,66.065],[62.835,65.995],[62.905,65.965],[62.82,65.94],[62.775,65.905],[62.8,65.86],[62.485,65.845],[62.47,65.825],[62.265,65.785],[62.23,65.76],[62.13,65.75],[62,65.72],[62.155,65.66],[62.265,65.63],[62.305,65.585],[62.315,65.535],[62.425,65.505],[62.365,65.43],[62.455,65.34],[62.87,65.29],[62.815,65.195],[62.825,65.055],[62.75,64.935],[62.695,64.875],[62.805,64.84],[62.81,64.735],[62.73,64.68],[62.59,64.64],[62.56,64.56],[62.715,64.495],[62.835,64.505],[62.915,64.465],[63.05,64.515],[63.245,64.52],[63.395,64.465],[63.48,64.455],[63.515,64.365],[63.41,64.335],[63.505,64.29],[63.61,64.27],[63.915,64.29],[63.95,64.325],[64.045,64.36],[64.48,64.37],[64.605,64.445],[64.725,64.43],[64.985,64.47],[65.175,64.47],[65.375,64.555],[65.935,64.555],[65.995,64.58],[66.2,64.59],[66.455,64.525],[66.71,64.555],[66.81,64.545],[66.97,64.51],[66.99,64.45],[66.915,64.375],[66.865,64.35],[66.83,64.29],[66.865,64.205],[67.01,64.19],[67.2,64.15],[67.17,64.125],[67.47,64.08],[67.585,64.07],[67.68,64.075],[67.76,64.04],[67.835,64.045],[68.06,64.14],[68.19,64.175],[68.195,64.19],[68.45,64.29],[68.55,64.285],[68.745,64.235],[68.89,64.22],[68.92,64.27],[69.035,64.325],[68.97,64.35],[68.86,64.44],[69.05,64.455],[69.14,64.455],[69.28,64.475],[69.395,64.385],[69.725,64.395],[69.89,64.32],[70.085,64.32],[70.165,64.34],[70.29,64.345],[70.45,64.25],[70.665,64.24],[70.77,64.19],[70.765,64.11],[70.56,64.015],[70.61,63.97],[70.69,63.94],[70.705,63.885],[70.825,63.82],[70.925,63.705],[71.245,63.7],[71.455,63.685],[71.565,63.57],[71.535,63.47],[71.645,63.195],[71.915,63.255],[72,63.25],[72.13,63.295],[72.405,63.3],[72.665,63.28],[72.87,63.355],[72.895,63.395],[73.055,63.425],[73.105,63.38],[73.265,63.335],[73.365,63.23],[73.5,63.19],[74,63.17],[74.255,63.175],[74.39,63.115],[74.525,63.035],[74.94,63.025],[75.08,63.07],[75.175,63.06],[75.315,63.1],[75.605,63.09],[75.78,63.115],[75.895,63.105],[75.97,63.07],[76.04,63.065],[76.265,63.015],[76.34,62.95],[76.665,63.035],[76.85,62.99],[77.025,62.97],[77.135,62.81],[77.38,62.71],[77.87,62.575],[78.095,62.465],[78.135,62.495],[78.405,62.56],[78.52,62.56],[78.74,62.6],[79.25,62.605],[79.44,62.62],[79.55,62.605],[79.845,62.61],[79.905,62.73],[79.91,62.785],[79.97,62.815],[80.095,62.82],[80.185,62.865],[80.285,62.895],[80.59,63.01],[80.59,63.08],[80.68,63.115],[80.92,63.155],[81.035,63.15],[81.04,63.065],[81.15,62.97],[81.22,62.935],[81.32,62.91],[81.29,62.86],[81.395,62.815],[81.64,62.78],[81.665,62.73],[81.74,62.705],[81.84,62.695],[81.945,62.745],[82.045,62.765],[82.16,62.815],[82.29,62.765],[82.385,62.76],[82.46,62.775],[82.76,62.75],[82.76,62.66],[83.05,62.59],[83.025,62.525],[83.325,62.46],[83.555,62.525],[83.625,62.505],[83.815,62.57],[83.96,62.49],[84,62.415],[84.1,62.375],[84.24,62.38],[84.305,62.31],[84.295,62.27],[84.425,62.23],[84.44,62.195]]]]},"properties":{"shapeName":"Ямало-Ненецкий автономный округ","shapeISO":"RU-YAN","shapeID":"28173009B47279883421777","shapeGroup":"RUS","shapeType":"ADM1"}},{"type":"Feature","geometry":{"type":"Polygon","coordinates":[[[84.08,50.64],[84.15,50.575],[84.25,50.515],[84.205,50.47],[84.27,50.355],[84.25,50.29],[84.325,50.23],[84.41,50.21],[84.445,50.245],[84.57,50.195],[84.63,50.21],[84.69,50.19],[84.76,50.135],[84.805,50.145],[84.85,50.095],[84.945,50.095],[84.975,50.065],[85.04,50.05],[85.04,50.01],[84.985,49.985],[84.985,49.905],[85.06,49.885],[85.1,49.83],[85.2,49.735],[85.215,49.69],[85.21,49.625],[85.26,49.59],[85.32,49.59],[85.39,49.635],[85.49,49.6],[85.555,49.595],[85.585,49.615],[85.68,49.55],[85.755,49.575],[85.84,49.55],[85.885,49.565],[85.97,49.485],[86.035,49.52],[86.115,49.525],[86.16,49.51],[86.2,49.465],[86.265,49.545],[86.27,49.585],[86.37,49.595],[86.49,49.66],[86.525,49.7],[86.58,49.725],[86.61,49.77],[86.59,49.805],[86.69,49.81],[86.745,49.785],[86.78,49.695],[86.71,49.685],[86.6,49.605],[86.62,49.57],[86.665,49.56],[86.74,49.57],[86.825,49.545],[86.855,49.5],[86.83,49.47],[86.87,49.435],[86.945,49.41],[86.925,49.35],[87.025,49.255],[87.14,49.245],[87.2,49.25],[87.27,49.235],[87.305,49.17],[87.285,49.115],[87.4,49.085],[87.505,49.095],[87.495,49.14],[87.67,49.15],[87.695,49.175],[87.875,49.17],[87.99,49.185],[88.02,49.225],[88.105,49.255],[88.17,49.295],[88.16,49.365],[88.12,49.39],[88.185,49.42],[88.165,49.445],[88.22,49.48],[88.3,49.47],[88.33,49.495],[88.41,49.495],[88.495,49.47],[88.59,49.5],[88.735,49.45],[88.815,49.46],[88.88,49.48],[88.87,49.545],[88.935,49.515],[88.985,49.465],[89.195,49.52],[89.235,49.555],[89.19,49.585],[89.19,49.63],[89.24,49.645],[89.36,49.585],[89.425,49.615],[89.455,49.66],[89.66,49.7],[89.72,49.73],[89.71,49.79],[89.635,49.8],[89.65,49.83],[89.61,49.865],[89.595,49.91],[89.615,49.94],[89.59,50.015],[89.525,50.04],[89.59,50.085],[89.58,50.105],[89.51,50.12],[89.53,50.15],[89.515,50.195],[89.44,50.205],[89.365,50.18],[89.335,50.215],[89.345,50.265],[89.39,50.285],[89.41,50.335],[89.495,50.365],[89.48,50.4],[89.52,50.45],[89.59,50.43],[89.615,50.375],[89.705,50.385],[89.785,50.42],[89.82,50.41],[89.865,50.47],[89.85,50.525],[89.665,50.57],[89.63,50.62],[89.585,50.645],[89.53,50.725],[89.485,50.74],[89.43,50.81],[89.39,50.81],[89.38,50.86],[89.3,50.885],[89.255,50.915],[89.19,50.985],[89.055,51.045],[89.03,51.11],[89.05,51.16],[88.965,51.205],[88.96,51.25],[89,51.335],[89.01,51.395],[88.92,51.465],[88.865,51.47],[88.855,51.51],[88.79,51.555],[88.66,51.53],[88.695,51.47],[88.7,51.39],[88.625,51.38],[88.575,51.32],[88.445,51.285],[88.29,51.35],[88.155,51.35],[88.13,51.415],[88.065,51.465],[87.98,51.465],[87.935,51.525],[87.96,51.575],[88,51.59],[88.005,51.64],[88.105,51.71],[88.08,51.76],[87.99,51.75],[87.89,51.815],[87.935,51.85],[87.945,51.885],[87.99,51.9],[88.03,51.965],[88.09,52],[88.055,52.035],[88.125,52.07],[88.25,52.045],[88.285,52.11],[88.365,52.115],[88.375,52.18],[88.39,52.29],[88.44,52.335],[88.42,52.385],[88.45,52.425],[88.32,52.465],[88.25,52.4],[88.145,52.43],[88.125,52.465],[88,52.52],[87.925,52.535],[87.865,52.52],[87.845,52.49],[87.755,52.485],[87.7,52.465],[87.655,52.42],[87.54,52.485],[87.495,52.475],[87.43,52.5],[87.37,52.5],[87.375,52.57],[87.295,52.59],[87.175,52.59],[87.125,52.615],[87.055,52.66],[87.015,52.645],[86.935,52.655],[86.82,52.61],[86.78,52.605],[86.795,52.515],[86.67,52.515],[86.655,52.485],[86.68,52.435],[86.64,52.405],[86.695,52.295],[86.78,52.295],[86.765,52.245],[86.725,52.195],[86.725,52.14],[86.65,52.105],[86.565,52.11],[86.455,52.13],[86.455,52.075],[86.405,52.035],[86.17,52.04],[86.085,52.075],[85.92,52.105],[85.885,52.025],[85.82,51.97],[85.855,51.89],[85.75,51.865],[85.765,51.83],[85.705,51.73],[85.605,51.73],[85.58,51.695],[85.505,51.7],[85.475,51.665],[85.48,51.625],[85.445,51.565],[85.33,51.56],[85.26,51.53],[85.245,51.5],[85.165,51.49],[85.11,51.525],[84.995,51.515],[84.92,51.485],[84.9,51.44],[84.85,51.44],[84.765,51.415],[84.735,51.425],[84.64,51.375],[84.635,51.345],[84.46,51.315],[84.455,51.29],[84.385,51.265],[84.33,51.29],[84.255,51.285],[84.195,51.25],[84.18,51.19],[84.12,51.07],[84.04,51.155],[83.935,51.14],[83.98,51.07],[84.06,51.03],[84.22,50.985],[84.305,51.005],[84.34,50.98],[84.49,50.95],[84.44,50.91],[84.435,50.86],[84.58,50.83],[84.56,50.78],[84.51,50.765],[84.515,50.72],[84.475,50.685],[84.29,50.685],[84.25,50.665],[84.13,50.66],[84.08,50.64]]]},"properties":{"shapeName":"Республика Алтай","shapeISO":"RU-AL","shapeID":"28173009B30008444211385","shapeGroup":"RUS","shapeType":"ADM1"}},{"type":"Feature","geometry":{"type":"Polygon","coordinates":[[[40.43,57.285],[40.405,57.265],[40.265,57.285],[40.195,57.205],[40.095,57.195],[40.03,57.21],[39.95,57.17],[39.845,57.17],[39.825,57.13],[39.74,57.085],[39.65,57.075],[39.605,57.03],[39.525,57.02],[39.555,56.975],[39.435,56.9],[39.375,56.82],[39.4,56.77],[39.495,56.765],[39.565,56.795],[39.685,56.81],[39.765,56.775],[39.9,56.77],[39.895,56.705],[39.86,56.595],[39.95,56.52],[39.95,56.465],[40.025,56.48],[40.225,56.44],[40.265,56.49],[40.305,56.49],[40.38,56.53],[40.46,56.535],[40.49,56.585],[40.765,56.595],[40.92,56.505],[41.025,56.52],[41.035,56.49],[41.205,56.495],[41.49,56.49],[41.555,56.475],[41.675,56.495],[41.76,56.49],[41.925,56.52],[41.95,56.485],[41.98,56.375],[42.115,56.37],[42.19,56.4],[42.22,56.44],[42.405,56.445],[42.495,56.42],[42.615,56.405],[42.65,56.47],[42.895,56.47],[42.9,56.505],[42.825,56.515],[42.855,56.555],[42.925,56.57],[42.9,56.645],[42.825,56.655],[42.795,56.69],[42.83,56.775],[42.87,56.81],[42.985,56.83],[43.115,56.835],[43.15,56.87],[43.235,56.85],[43.25,56.895],[43.215,56.98],[43.15,57.03],[43.09,57.115],[43.09,57.175],[43.11,57.21],[43.185,57.255],[43.205,57.315],[43.325,57.415],[43.305,57.43],[43.01,57.38],[42.895,57.37],[42.825,57.425],[42.845,57.51],[42.81,57.53],[42.865,57.57],[42.85,57.615],[42.885,57.655],[42.83,57.685],[42.75,57.69],[42.705,57.62],[42.625,57.635],[42.465,57.62],[42.43,57.63],[42.375,57.575],[42.215,57.56],[42.13,57.565],[42.105,57.585],[42.025,57.59],[42.02,57.63],[41.93,57.635],[41.895,57.695],[41.79,57.72],[41.605,57.74],[41.575,57.63],[41.62,57.565],[41.61,57.495],[41.565,57.455],[41.42,57.48],[41.42,57.44],[41.315,57.415],[41.14,57.41],[41.02,57.32],[40.92,57.32],[40.85,57.35],[40.635,57.29],[40.535,57.305],[40.5,57.275],[40.43,57.285]]]},"properties":{"shapeName":"Ивановская область","shapeISO":"RU-IVA","shapeID":"28173009B41275184158050","shapeGroup":"RUS","shapeType":"ADM1"}},{"type":"Feature","geometry":{"type":"Polygon","coordinates":[[[130.63,48.88],[130.68,48.85],[130.615,48.79],[130.565,48.69],[130.52,48.625],[130.605,48.575],[130.61,48.5],[130.66,48.49],[130.715,48.51],[130.76,48.495],[130.73,48.445],[130.765,48.36],[130.81,48.345],[130.835,48.3],[130.765,48.245],[130.75,48.19],[130.67,48.13],[130.655,48.095],[130.695,48.04],[130.865,47.935],[130.95,47.825],[130.955,47.72],[130.995,47.695],[131.09,47.685],[131.175,47.695],[131.255,47.735],[131.365,47.725],[131.425,47.745],[131.55,47.725],[131.565,47.665],[131.62,47.655],[131.68,47.7],[131.73,47.705],[131.81,47.665],[131.9,47.69],[131.945,47.66],[131.99,47.7],[132.255,47.71],[132.31,47.755],[132.385,47.75],[132.485,47.715],[132.55,47.715],[132.605,47.74],[132.6,47.81],[132.68,47.87],[132.65,47.935],[132.72,47.96],[132.78,47.925],[132.815,47.935],[132.865,47.99],[133.01,48.04],[133.05,48.105],[133.18,48.11],[133.265,48.095],[133.39,48.125],[133.465,48.11],[133.565,48.135],[133.58,48.19],[133.615,48.2],[133.71,48.19],[133.745,48.255],[133.95,48.305],[134.005,48.31],[134.035,48.345],[134.14,48.34],[134.19,48.385],[134.335,48.38],[134.41,48.39],[134.47,48.42],[134.58,48.405],[134.69,48.41],[134.765,48.365],[134.84,48.39],[134.895,48.445],[134.92,48.49],[134.995,48.535],[134.975,48.605],[134.87,48.635],[134.86,48.615],[134.735,48.57],[134.65,48.61],[134.56,48.615],[134.54,48.65],[134.46,48.68],[134.46,48.715],[134.41,48.745],[134.26,48.72],[134.275,48.675],[134.155,48.66],[134.095,48.635],[134.025,48.65],[133.925,48.645],[133.81,48.685],[133.785,48.735],[133.66,48.745],[133.59,48.73],[133.505,48.785],[133.48,48.82],[133.28,48.85],[133.28,48.88],[133.225,48.96],[133.275,48.985],[133.275,49.035],[133.23,49.08],[133.155,49.12],[133.16,49.155],[133.08,49.17],[133.055,49.215],[132.87,49.24],[132.81,49.235],[132.78,49.29],[132.785,49.33],[132.635,49.285],[132.595,49.31],[132.49,49.265],[132.37,49.31],[132.41,49.37],[132.385,49.415],[132.305,49.42],[132.24,49.49],[132.19,49.475],[132.11,49.495],[132.065,49.455],[132.055,49.375],[131.995,49.375],[132.025,49.33],[131.975,49.31],[132.005,49.27],[131.88,49.28],[131.835,49.325],[131.705,49.305],[131.67,49.31],[131.555,49.25],[131.46,49.245],[131.42,49.255],[131.35,49.265],[131.245,49.25],[131.205,49.23],[131.11,49.235],[131.07,49.17],[131.06,49.115],[131.015,49.035],[131.025,48.97],[130.9,48.99],[130.78,48.98],[130.7,48.925],[130.655,48.92],[130.63,48.88]]]},"properties":{"shapeName":"Еврейская автономная область","shapeISO":"RU-YEV","shapeID":"28173009B51962491984110","shapeGroup":"RUS","shapeType":"ADM1"}},{"type":"Feature","geometry":{"type":"MultiPolygon","coordinates":[[[[47.005,46.075],[47.01,46.055],[47.115,46.055],[47.13,46.115],[47.035,46.1],[47.005,46.075]]],[[[43.71,47.475],[43.785,47.355],[43.795,47.27],[43.94,47.26],[43.925,47.33],[43.965,47.4],[44.135,47.415],[44.135,47.545],[44.235,47.55],[44.235,47.48],[44.31,47.48],[44.32,47.415],[44.325,47.14],[44.25,46.89],[44.155,46.825],[44.085,46.835],[44.035,46.765],[43.91,46.715],[43.915,46.675],[43.88,46.625],[43.815,46.57],[43.93,46.535],[43.915,46.445],[43.925,46.385],[43.97,46.36],[43.96,46.32],[43.89,46.315],[43.845,46.335],[43.81,46.38],[43.75,46.36],[43.685,46.285],[43.63,46.175],[43.54,46.155],[43.335,46.17],[42.93,46.445],[42.78,46.405],[42.77,46.37],[42.68,46.37],[42.6,46.385],[42.49,46.465],[42.445,46.465],[42.395,46.51],[42.28,46.53],[42.2,46.56],[42.065,46.545],[42.065,46.485],[42.1,46.375],[42.165,46.385],[42.17,46.3],[41.96,46.3],[41.965,46.255],[41.91,46.255],[41.91,46.205],[41.865,46.145],[41.74,46.185],[41.695,46.215],[41.64,46.155],[41.7,46.05],[41.715,45.98],[41.895,45.97],[42.085,45.965],[42.085,45.93],[42.15,45.945],[42.17,46.11],[42.33,46.135],[42.32,45.97],[42.555,46.01],[42.67,46.09],[42.74,46.09],[42.865,46.18],[42.845,46.195],[42.93,46.235],[43,46.17],[43.31,46.09],[43.36,46.035],[43.47,45.99],[43.57,45.98],[43.725,45.985],[43.785,45.965],[43.92,45.945],[43.935,45.9],[43.985,45.89],[44.035,45.85],[44.04,45.82],[44.09,45.795],[44.13,45.69],[44.18,45.635],[44.275,45.59],[44.315,45.555],[44.365,45.545],[44.45,45.505],[44.575,45.505],[44.635,45.465],[44.795,45.43],[44.83,45.435],[44.895,45.385],[45.135,45.305],[45.35,45.22],[45.59,45.125],[45.715,44.995],[45.705,44.975],[45.785,44.97],[45.795,44.99],[46.01,44.98],[46.155,44.96],[46.225,44.975],[46.36,44.94],[46.385,44.945],[46.51,44.93],[46.57,44.905],[46.63,44.865],[46.77,44.825],[46.755,44.8],[46.86,44.8],[46.895,44.81],[46.945,44.83],[46.965,44.915],[47.005,44.91],[47.015,44.87],[47.07,44.84],[47.105,44.875],[47.1,44.91],[47.15,44.945],[47.2,45.02],[47.2,45.07],[47.28,45.17],[47.275,45.24],[47.315,45.3],[47.37,45.32],[47.415,45.365],[47.38,45.41],[47.425,45.46],[47.525,45.515],[47.5,45.57],[47.5,45.62],[47.54,45.62],[47.52,45.66],[47.49,45.645],[47.395,45.665],[47.295,45.675],[47.285,45.645],[47.21,45.62],[47.155,45.61],[46.97,45.62],[46.95,45.595],[46.815,45.565],[46.77,45.575],[46.75,45.615],[46.695,45.615],[46.695,45.65],[46.48,45.7],[46.535,45.76],[46.55,45.8],[46.41,45.815],[46.295,45.915],[46.31,45.965],[46.455,45.965],[46.45,46.18],[46.5,46.28],[46.4,46.32],[46.505,46.375],[46.56,46.355],[46.665,46.44],[46.865,46.455],[46.965,46.445],[46.95,46.525],[46.865,46.62],[46.955,46.715],[46.965,46.83],[46.98,46.875],[46.96,46.975],[46.815,46.99],[46.78,47.055],[46.74,47.075],[46.535,47.405],[46.67,47.48],[46.785,47.525],[46.875,47.55],[46.76,47.61],[46.685,47.6],[46.545,47.515],[46.4,47.415],[46.265,47.42],[46.095,47.51],[46.01,47.565],[45.92,47.645],[45.9,47.715],[45.84,47.72],[45.785,47.815],[45.74,47.83],[45.715,47.93],[45.755,48],[45.7,48.03],[45.55,47.995],[45.38,48.1],[45.265,48.105],[45.24,48.165],[45.145,48.19],[45.17,48.22],[44.96,48.27],[44.91,48.22],[44.925,48.12],[44.81,48.05],[44.665,48.085],[44.665,48.06],[44.54,48.05],[44.545,48.19],[44.435,48.205],[44.435,48.23],[44.325,48.24],[44.325,48.04],[44.425,48.04],[44.425,47.955],[44.36,47.85],[44.085,47.9],[44.015,47.84],[44.03,47.825],[43.945,47.755],[43.87,47.76],[43.715,47.72],[43.67,47.55],[43.71,47.475]],[[46.445,45.455],[46.455,45.485],[46.645,45.505],[46.66,45.545],[46.77,45.55],[46.77,45.53],[46.885,45.525],[46.855,45.45],[46.79,45.475],[46.64,45.48],[46.625,45.44],[46.445,45.455]]]]},"properties":{"shapeName":"Республика Калмыкия","shapeISO":"RU-KL","shapeID":"28173009B57398385788417","shapeGroup":"RUS","shapeType":"ADM1"}},{"type":"Feature","geometry":{"type":"MultiPolygon","coordinates":[[[[167.52,54.84],[167.46,54.815],[167.56,54.75],[167.685,54.7],[167.755,54.65],[167.84,54.635],[167.845,54.685],[167.755,54.7],[167.73,54.76],[167.67,54.785],[167.54,54.8],[167.52,54.84]]],[[[165.985,55.195],[166.05,55.165],[166.085,55.12],[166.07,55.075],[166.155,55.015],[166.18,54.955],[166.235,54.935],[166.305,54.87],[166.41,54.825],[166.485,54.835],[166.485,54.79],[166.56,54.755],[166.58,54.72],[166.67,54.68],[166.67,54.77],[166.65,54.85],[166.585,54.89],[166.595,54.915],[166.445,54.965],[166.35,55.09],[166.295,55.115],[166.24,55.2],[166.275,55.315],[166.13,55.32],[165.98,55.365],[165.935,55.33],[165.81,55.305],[165.785,55.285],[165.97,55.23],[165.985,55.195]]],[[[164.115,59.06],[164.01,59.035],[163.87,58.965],[163.775,58.885],[163.765,58.81],[163.72,58.74],[163.66,58.7],[163.63,58.635],[163.57,58.58],[163.445,58.56],[163.41,58.54],[163.51,58.505],[163.58,58.57],[163.67,58.59],[163.78,58.645],[163.86,58.695],[163.945,58.705],[163.99,58.74],[164.21,58.815],[164.26,58.805],[164.335,58.84],[164.47,58.865],[164.64,58.87],[164.69,58.905],[164.7,59],[164.735,59.04],[164.64,59.13],[164.635,59.175],[164.585,59.22],[164.54,59.225],[164.395,59.175],[164.31,59.11],[164.115,59.06]]],[[[162.465,61.665],[162.575,61.645],[162.725,61.695],[162.835,61.715],[162.905,61.685],[162.94,61.64],[162.865,61.625],[162.95,61.58],[163.02,61.515],[163.11,61.55],[163.075,61.58],[163.12,61.615],[163.325,61.66],[163.345,61.7],[163.235,61.735],[163.135,61.745],[162.98,61.79],[163.03,61.875],[163.025,61.915],[163.11,61.98],[163.135,62.035],[163.1,62.095],[163.11,62.14],[163.085,62.22],[163.15,62.26],[163.22,62.275],[163.235,62.315],[163.37,62.34],[163.305,62.375],[163.23,62.385],[163.195,62.44],[163.265,62.47],[163.245,62.51],[163.33,62.54],[163.475,62.55],[163.615,62.585],[163.79,62.605],[163.93,62.585],[164.005,62.645],[164.17,62.665],[164.285,62.665],[164.38,62.695],[164.61,62.68],[164.685,62.63],[164.72,62.575],[165.035,62.51],[165.09,62.485],[165.115,62.45],[165.08,62.41],[164.945,62.405],[164.735,62.455],[164.64,62.455],[164.525,62.435],[164.45,62.4],[164.44,62.36],[164.24,62.315],[164.155,62.275],[164.11,62.17],[164.125,62.13],[164.075,62.095],[164.11,62.02],[164.07,61.99],[164.1,61.92],[164.06,61.845],[164.075,61.8],[164.05,61.685],[164.015,61.665],[163.87,61.65],[163.855,61.59],[163.75,61.465],[163.755,61.435],[163.87,61.45],[163.955,61.425],[164.03,61.355],[163.945,61.27],[163.935,61.22],[163.765,61.175],[163.625,61.105],[163.62,61.055],[163.555,61.045],[163.49,61.005],[163.68,60.94],[163.775,60.915],[163.73,60.87],[163.65,60.87],[163.525,60.845],[163.39,60.8],[163.25,60.795],[163.2,60.805],[163.125,60.755],[163.01,60.775],[162.89,60.75],[162.895,60.73],[162.775,60.64],[162.64,60.595],[162.55,60.61],[162.44,60.57],[162.4,60.54],[162.275,60.535],[162.195,60.52],[162.165,60.485],[162.1,60.475],[162.005,60.425],[161.95,60.425],[161.905,60.325],[161.95,60.255],[161.92,60.205],[161.835,60.155],[161.565,60.05],[161.495,60.04],[161.46,60.01],[161.33,59.92],[161.25,59.84],[161.19,59.82],[161.125,59.765],[161.05,59.745],[160.955,59.685],[160.915,59.64],[160.845,59.605],[160.7,59.59],[160.62,59.565],[160.49,59.55],[160.43,59.42],[160.34,59.355],[160.255,59.33],[160.195,59.33],[160.17,59.29],[160.01,59.195],[159.86,59.13],[159.825,59.07],[159.725,58.985],[159.76,58.95],[159.74,58.875],[159.685,58.835],[159.635,58.835],[159.585,58.77],[159.48,58.695],[159.415,58.67],[159.33,58.605],[159.22,58.555],[159.13,58.46],[159.035,58.405],[158.665,58.26],[158.565,58.205],[158.43,58.14],[158.335,58.075],[158.1,57.995],[157.88,57.98],[157.69,58.015],[157.67,57.98],[157.585,57.925],[157.58,57.875],[157.525,57.82],[157.435,57.79],[157.31,57.765],[157.12,57.785],[157.035,57.81],[157.01,57.855],[156.865,57.795],[156.8,57.745],[156.91,57.67],[156.97,57.585],[157,57.49],[156.985,57.4],[156.9,57.29],[156.735,57.11],[156.73,57.07],[156.665,57.06],[156.56,57.1],[156.55,57.05],[156.495,56.975],[156.425,56.925],[156.31,56.88],[156.22,56.855],[156.205,56.81],[156.12,56.81],[156.07,56.77],[155.96,56.635],[155.885,56.445],[155.835,56.35],[155.72,56.085],[155.65,55.965],[155.65,55.86],[155.635,55.72],[155.555,55.365],[155.555,55.25],[155.57,55.125],[155.61,54.93],[155.675,54.665],[155.735,54.425],[155.9,53.98],[155.975,53.705],[156.025,53.46],[156.06,53.345],[156.105,53.095],[156.13,52.915],[156.145,52.85],[156.205,52.725],[156.25,52.645],[156.355,52.45],[156.425,52.285],[156.46,52.16],[156.48,52.04],[156.5,51.83],[156.5,51.655],[156.485,51.54],[156.55,51.285],[156.595,51.26],[156.65,51.255],[156.725,51.175],[156.71,51.09],[156.76,51.07],[156.77,50.995],[156.75,50.925],[156.875,51.02],[156.95,51.05],[157.09,51.15],[157.18,51.195],[157.235,51.21],[157.36,51.34],[157.44,51.35],[157.49,51.435],[157.58,51.51],[157.72,51.555],[157.745,51.545],[157.905,51.645],[157.96,51.685],[158.02,51.775],[158.1,51.82],[158.135,51.86],[158.24,51.94],[158.295,52.025],[158.3,52.095],[158.325,52.135],[158.375,52.13],[158.415,52.17],[158.385,52.21],[158.46,52.255],[158.525,52.275],[158.56,52.325],[158.485,52.345],[158.57,52.38],[158.55,52.415],[158.485,52.445],[158.52,52.48],[158.52,52.555],[158.47,52.565],[158.415,52.61],[158.455,52.635],[158.51,52.615],[158.58,52.665],[158.58,52.71],[158.485,52.74],[158.5,52.78],[158.565,52.775],[158.57,52.81],[158.645,52.845],[158.64,52.9],[158.61,52.92],[158.54,52.91],[158.51,52.89],[158.44,52.895],[158.415,52.94],[158.445,52.955],[158.4,53.005],[158.465,53.02],[158.565,53.065],[158.64,53.025],[158.705,52.885],[158.91,53.025],[159.05,53.09],[159.215,53.15],[159.35,53.17],[159.395,53.155],[159.475,53.23],[159.625,53.255],[159.805,53.175],[159.935,53.13],[159.965,53.105],[160.035,53.1],[160.055,53.15],[160.04,53.215],[159.98,53.26],[159.905,53.255],[159.975,53.32],[159.895,53.345],[159.92,53.38],[159.845,53.405],[159.84,53.45],[159.885,53.49],[159.945,53.475],[159.955,53.575],[159.855,53.69],[159.84,53.78],[159.855,53.85],[159.89,53.93],[159.98,54.07],[159.98,54.12],[160.13,54.23],[160.16,54.225],[160.315,54.3],[160.425,54.39],[160.635,54.49],[160.815,54.55],[160.92,54.575],[161.07,54.595],[161.2,54.585],[161.205,54.525],[161.29,54.485],[161.455,54.51],[161.605,54.515],[161.715,54.505],[161.8,54.56],[161.835,54.6],[161.98,54.665],[162,54.695],[162.12,54.75],[162.12,54.835],[162.155,54.855],[162.075,54.89],[162.05,54.95],[162.005,54.975],[161.95,55.04],[161.875,55.07],[161.815,55.16],[161.78,55.235],[161.745,55.375],[161.74,55.46],[161.755,55.545],[161.8,55.655],[161.905,55.77],[161.93,55.84],[162.02,55.94],[162.04,55.99],[162.08,56.025],[162.05,56.05],[162.105,56.1],[162.25,56.16],[162.56,56.225],[162.62,56.23],[162.705,56.165],[162.82,56.06],[162.91,56.02],[163.045,56.01],[163.08,56.055],[163.175,56.13],[163.255,56.145],[163.355,56.2],[163.335,56.28],[163.355,56.315],[163.31,56.395],[163.255,56.435],[163.28,56.47],[163.245,56.545],[163.27,56.565],[163.235,56.605],[163.275,56.68],[163.235,56.74],[163.08,56.74],[162.95,56.695],[162.84,56.725],[162.78,56.775],[162.81,56.935],[162.855,57.035],[162.795,57.14],[162.77,57.245],[162.785,57.35],[162.91,57.435],[163.07,57.475],[163.105,57.49],[163.15,57.57],[163.205,57.58],[163.24,57.62],[163.235,57.67],[163.305,57.72],[163.21,57.82],[163.05,57.82],[162.845,57.905],[162.695,57.94],[162.56,57.935],[162.51,57.89],[162.495,57.85],[162.53,57.75],[162.425,57.73],[162.455,57.78],[162.33,57.79],[162.25,57.805],[162.135,57.845],[162.03,57.945],[161.91,57.97],[161.98,58.01],[162,58.135],[162.065,58.24],[162.13,58.365],[162.335,58.59],[162.455,58.69],[162.535,58.74],[162.75,58.82],[162.69,58.855],[162.805,58.865],[162.855,58.925],[163.01,58.945],[163.065,58.985],[163.01,59.01],[162.905,59.12],[162.975,59.16],[163.11,59.13],[163.15,59.105],[163.25,59.085],[163.23,59.14],[163.08,59.175],[163.09,59.265],[163.22,59.285],[163.34,59.285],[163.335,59.4],[163.19,59.53],[163.215,59.57],[163.275,59.59],[163.355,59.59],[163.425,59.645],[163.37,59.72],[163.41,59.815],[163.505,59.885],[163.59,59.9],[163.695,59.885],[163.755,59.95],[163.64,59.99],[163.66,60.02],[163.83,60.045],[164.155,59.98],[164.18,59.96],[164.32,59.985],[164.3,60.04],[164.315,60.075],[164.41,60.105],[164.485,60.1],[164.61,60.03],[164.71,60],[164.78,59.93],[164.795,59.835],[164.835,59.78],[164.94,59.83],[165.055,59.845],[165.13,59.895],[165.19,59.985],[165.145,60.02],[165.12,60.08],[165.03,60.06],[165.02,60.095],[165.2,60.105],[165.225,60.085],[165.36,60.16],[165.54,60.2],[165.785,60.275],[165.83,60.315],[165.965,60.355],[165.95,60.385],[166.005,60.42],[166.16,60.44],[166.275,60.475],[166.385,60.425],[166.335,60.375],[166.275,60.37],[166.285,60.245],[166.315,60.195],[166.27,60.14],[166.21,60.125],[166.165,60.01],[166.18,59.975],[166.1,59.875],[166.095,59.8],[166.285,59.81],[166.365,59.86],[166.425,59.93],[166.575,60],[166.745,60.105],[166.8,60.165],[166.96,60.27],[166.985,60.3],[167.055,60.3],[167.13,60.355],[167.23,60.34],[167.38,60.375],[167.525,60.43],[167.67,60.45],[167.735,60.48],[167.805,60.485],[167.98,60.525],[168.045,60.55],[168.205,60.575],[168.365,60.595],[168.56,60.595],[168.685,60.55],[168.755,60.565],[169.05,60.56],[169.215,60.55],[169.385,60.52],[169.51,60.46],[169.625,60.435],[169.735,60.395],[169.735,60.335],[169.78,60.27],[169.875,60.235],[169.885,60.17],[169.93,60.14],[169.975,60.065],[170.08,60.045],[170.16,60.005],[170.13,59.97],[170.215,59.96],[170.295,59.925],[170.39,59.945],[170.42,59.97],[170.48,60.195],[170.555,60.275],[170.69,60.315],[170.625,60.35],[170.645,60.41],[170.79,60.42],[170.875,60.49],[170.99,60.505],[171.06,60.54],[171.215,60.56],[171.34,60.61],[171.4,60.615],[171.42,60.66],[171.525,60.715],[171.63,60.715],[171.655,60.75],[171.62,60.775],[171.66,60.81],[171.755,60.845],[171.84,60.82],[171.945,60.83],[171.965,60.88],[172.015,60.885],[172.04,60.84],[172.15,60.93],[172.21,60.955],[172.15,61.04],[172.28,61.005],[172.425,61.01],[172.485,61.05],[172.41,61.085],[172.44,61.14],[172.37,61.16],[172.345,61.21],[172.44,61.21],[172.51,61.175],[172.65,61.165],[172.72,61.23],[172.83,61.27],[172.935,61.265],[172.97,61.305],[172.9,61.36],[172.74,61.4],[172.79,61.44],[172.91,61.465],[173.005,61.405],[173.07,61.385],[173.175,61.395],[173.305,61.45],[173.305,61.51],[173.375,61.54],[173.455,61.535],[173.505,61.555],[173.475,61.64],[173.515,61.655],[173.49,61.705],[173.56,61.735],[173.645,61.74],[173.705,61.7],[173.875,61.665],[173.915,61.695],[173.99,61.7],[174.035,61.745],[174.215,61.8],[174.44,61.82],[174.475,61.81],[174.44,61.85],[174.52,61.87],[174.435,61.91],[174.485,61.965],[174.45,62.025],[174.34,62.04],[174.355,62.08],[174.27,62.095],[174.16,62.085],[174.11,62.175],[174.135,62.205],[174.055,62.29],[174.15,62.34],[174.16,62.425],[174.08,62.465],[173.955,62.435],[173.86,62.47],[173.845,62.51],[173.67,62.545],[173.615,62.5],[173.5,62.525],[173.43,62.485],[173.215,62.45],[173.115,62.42],[173.07,62.385],[172.92,62.4],[172.855,62.35],[172.765,62.35],[172.77,62.4],[172.56,62.445],[172.45,62.44],[172.405,62.405],[172.265,62.38],[172.22,62.455],[172.08,62.465],[171.995,62.455],[171.98,62.415],[171.84,62.395],[171.9,62.37],[171.75,62.35],[171.675,62.355],[171.51,62.305],[171.315,62.32],[171.19,62.345],[171.085,62.32],[171.045,62.275],[170.88,62.28],[170.78,62.255],[170.545,62.305],[170.49,62.285],[170.41,62.315],[170.3,62.275],[170.195,62.295],[170.205,62.345],[170.155,62.355],[170.15,62.41],[170.08,62.435],[170.12,62.49],[169.99,62.54],[170.04,62.575],[170.03,62.625],[170.095,62.65],[170.005,62.675],[169.835,62.66],[169.81,62.675],[169.68,62.705],[169.58,62.795],[169.37,62.865],[169.245,62.92],[169.155,62.975],[169.065,62.975],[168.93,62.945],[168.825,62.965],[168.67,63.025],[168.58,63.035],[168.48,63.07],[168.495,63.11],[168.63,63.16],[168.745,63.18],[168.83,63.265],[168.825,63.305],[168.95,63.34],[169.135,63.44],[169.155,63.475],[169.315,63.535],[169.37,63.53],[169.48,63.565],[169.61,63.665],[169.57,63.69],[169.59,63.73],[169.57,63.81],[169.385,63.86],[169.385,63.94],[169.31,63.945],[169.085,63.94],[168.99,63.99],[168.875,63.985],[168.885,64.06],[168.81,64.11],[168.8,64.185],[168.65,64.195],[168.58,64.275],[168.485,64.315],[168.365,64.295],[168.245,64.33],[168.195,64.285],[168.04,64.265],[167.785,64.335],[167.685,64.325],[167.605,64.39],[167.585,64.43],[167.385,64.48],[167.335,64.54],[167.23,64.625],[167.14,64.62],[167,64.54],[166.845,64.54],[166.79,64.52],[166.73,64.55],[166.59,64.52],[166.54,64.555],[166.41,64.59],[166.28,64.59],[166.135,64.605],[166.04,64.55],[165.845,64.55],[165.82,64.625],[165.73,64.66],[165.74,64.7],[165.685,64.735],[165.5,64.755],[165.405,64.745],[165.285,64.83],[165.19,64.845],[165.025,64.84],[165.005,64.785],[165.04,64.75],[165.005,64.685],[164.86,64.685],[164.87,64.715],[164.67,64.805],[164.515,64.825],[164.45,64.875],[164.275,64.91],[164.22,64.935],[164.13,64.89],[163.915,64.85],[163.775,64.885],[163.68,64.885],[163.61,64.925],[163.495,64.91],[163.49,64.87],[163.355,64.815],[163.265,64.795],[163.21,64.815],[163.135,64.785],[163.165,64.745],[163.265,64.695],[163.175,64.62],[163.17,64.575],[163.235,64.51],[163.3,64.505],[163.415,64.445],[163.34,64.3],[163.275,64.3],[163.18,64.155],[162.99,64.185],[162.865,64.165],[162.8,64.105],[162.85,64.05],[162.825,64.01],[162.935,63.965],[162.955,63.925],[162.845,63.85],[162.78,63.85],[162.725,63.82],[162.755,63.785],[162.745,63.74],[162.855,63.725],[162.865,63.67],[162.995,63.625],[162.97,63.48],[162.935,63.45],[162.75,63.385],[162.66,63.385],[162.675,63.345],[162.765,63.325],[162.735,63.265],[162.78,63.23],[162.755,63.165],[162.58,63.155],[162.595,63.125],[162.44,63.09],[162.38,63.11],[162.305,63.065],[162.255,62.935],[162.28,62.905],[162.415,62.875],[162.485,62.84],[162.565,62.83],[162.63,62.78],[162.575,62.765],[162.61,62.715],[162.71,62.695],[162.82,62.69],[162.825,62.66],[162.68,62.57],[162.78,62.45],[162.76,62.42],[162.79,62.355],[162.785,62.31],[162.69,62.255],[162.575,62.255],[162.535,62.24],[162.4,62.24],[162.31,62.18],[162.26,62.2],[162.17,62.15],[162.39,62.095],[162.525,62.085],[162.54,62.02],[162.49,61.955],[162.445,61.94],[162.37,61.965],[162.295,61.94],[162.385,61.865],[162.375,61.835],[162.465,61.805],[162.395,61.76],[162.465,61.735],[162.465,61.665]]]]},"properties":{"shapeName":"Камчатский край","shapeISO":"RU-KAM","shapeID":"28173009B70023447378008","shapeGroup":"RUS","shapeType":"ADM1"}},{"type":"Feature","geometry":{"type":"Polygon","coordinates":[[[42.68,43.81],[42.645,43.825],[42.64,43.89],[42.66,43.935],[42.625,43.975],[42.58,43.975],[42.585,44.025],[42.505,44.025],[42.455,43.975],[42.375,43.97],[42.32,44.065],[42.335,44.135],[42.38,44.17],[42.44,44.17],[42.44,44.2],[42.505,44.225],[42.55,44.225],[42.555,44.27],[42.61,44.27],[42.61,44.31],[42.555,44.37],[42.495,44.365],[42.48,44.325],[42.41,44.325],[42.345,44.31],[42.215,44.35],[42.03,44.355],[41.92,44.41],[41.925,44.495],[41.735,44.475],[41.705,44.455],[41.695,44.41],[41.63,44.405],[41.635,44.38],[41.69,44.335],[41.745,44.27],[41.7,44.17],[41.64,44.115],[41.555,44.1],[41.545,44.04],[41.48,44.04],[41.48,44],[41.395,43.985],[41.365,44.01],[41.31,44],[41.25,44.02],[41.3,44.06],[41.265,44.095],[41.17,44.09],[41.165,44.11],[41.085,44.095],[40.955,44.14],[40.895,44.14],[40.89,44.105],[40.925,44.07],[40.935,44.015],[40.885,43.945],[40.805,43.92],[40.755,43.83],[40.725,43.795],[40.76,43.75],[40.68,43.72],[40.715,43.685],[40.71,43.645],[40.74,43.595],[40.715,43.53],[40.83,43.49],[40.875,43.485],[40.95,43.42],[41.005,43.43],[41.075,43.39],[41.22,43.38],[41.315,43.34],[41.395,43.365],[41.44,43.305],[41.545,43.27],[41.56,43.25],[41.68,43.215],[41.73,43.24],[41.805,43.2],[41.905,43.23],[41.955,43.205],[42.02,43.215],[42.05,43.185],[42.2,43.23],[42.255,43.21],[42.335,43.22],[42.36,43.245],[42.415,43.255],[42.395,43.29],[42.415,43.365],[42.405,43.395],[42.475,43.53],[42.455,43.62],[42.595,43.655],[42.68,43.715],[42.68,43.81]]]},"properties":{"shapeName":"Карачаево-Черкесская Республика","shapeISO":"RU-KC","shapeID":"28173009B95588705134862","shapeGroup":"RUS","shapeType":"ADM1"}},{"type":"Feature","geometry":{"type":"Polygon","coordinates":[[[87.125,52.615],[87.175,52.59],[87.295,52.59],[87.375,52.57],[87.37,52.5],[87.43,52.5],[87.495,52.475],[87.54,52.485],[87.655,52.42],[87.7,52.465],[87.755,52.485],[87.845,52.49],[87.865,52.52],[87.925,52.535],[88,52.52],[88.125,52.465],[88.145,52.43],[88.25,52.4],[88.32,52.465],[88.45,52.425],[88.42,52.385],[88.44,52.335],[88.39,52.29],[88.375,52.18],[88.475,52.17],[88.54,52.215],[88.585,52.215],[88.665,52.255],[88.715,52.3],[88.675,52.335],[88.7,52.365],[88.775,52.41],[88.86,52.435],[88.89,52.465],[88.985,52.495],[89.015,52.555],[89.06,52.56],[89.095,52.625],[89.055,52.705],[89.135,52.705],[89.195,52.79],[89.24,52.8],[89.22,52.855],[89.115,52.905],[89.075,52.96],[88.97,52.965],[88.92,52.99],[88.935,53.045],[89.01,53.075],[89.02,53.12],[89.075,53.155],[89.01,53.185],[89.045,53.22],[89.035,53.28],[88.945,53.315],[88.91,53.39],[88.79,53.385],[88.82,53.465],[88.875,53.5],[88.84,53.595],[88.935,53.61],[89.005,53.685],[89.05,53.795],[89.19,53.795],[89.24,53.82],[89.165,53.885],[89.21,53.92],[89.195,53.95],[89.075,53.955],[89.01,54],[89.005,54.065],[89.04,54.11],[89.125,54.12],[89.2,54.18],[89.215,54.25],[89.16,54.31],[89.16,54.34],[89.03,54.33],[89.005,54.3],[88.935,54.32],[88.955,54.35],[88.905,54.405],[88.835,54.42],[88.805,54.385],[88.66,54.33],[88.65,54.295],[88.595,54.285],[88.56,54.34],[88.395,54.355],[88.365,54.38],[88.525,54.415],[88.52,54.46],[88.57,54.48],[88.59,54.54],[88.58,54.615],[88.61,54.645],[88.595,54.685],[88.65,54.725],[88.645,54.765],[88.72,54.765],[88.755,54.79],[88.745,54.89],[88.645,54.895],[88.675,54.95],[88.61,54.96],[88.54,55.035],[88.56,55.115],[88.49,55.21],[88.495,55.23],[88.435,55.28],[88.44,55.305],[88.53,55.345],[88.6,55.425],[88.66,55.48],[88.67,55.52],[88.89,55.63],[88.915,55.66],[89.015,55.675],[89.195,55.73],[89.335,55.765],[89.335,55.81],[89.4,55.855],[89.305,55.895],[89.24,55.995],[89.27,56.07],[89.195,56.08],[89.195,56.135],[89.105,56.15],[89.125,56.185],[89.035,56.2],[89.04,56.3],[88.9,56.3],[88.92,56.335],[88.86,56.375],[88.695,56.365],[88.695,56.42],[88.595,56.43],[88.605,56.53],[88.545,56.53],[88.5,56.62],[88.665,56.62],[88.675,56.68],[88.735,56.715],[88.625,56.72],[88.65,56.82],[88.6,56.8],[88.525,56.77],[88.425,56.835],[88.14,56.71],[88.06,56.69],[88,56.655],[87.7,56.55],[87.595,56.665],[87.365,56.595],[87.35,56.635],[87.15,56.625],[87.205,56.585],[87.2,56.56],[87.12,56.535],[86.85,56.555],[86.82,56.615],[86.745,56.605],[86.68,56.645],[86.59,56.615],[86.53,56.575],[86.44,56.55],[86.385,56.55],[86.34,56.635],[86.205,56.625],[86.195,56.58],[86.105,56.54],[86.115,56.5],[86.055,56.48],[86,56.48],[85.985,56.435],[85.805,56.41],[85.78,56.385],[85.8,56.34],[85.695,56.335],[85.56,56.28],[85.685,56.21],[85.45,56.21],[85.32,56.22],[85.2,56.215],[85.115,56.195],[85.095,56.16],[85.005,56.11],[84.895,56.165],[84.45,56.04],[84.57,56.005],[84.525,55.975],[84.54,55.935],[84.455,55.895],[84.47,55.875],[84.555,55.845],[84.525,55.76],[84.54,55.72],[84.69,55.68],[84.74,55.64],[84.785,55.525],[84.73,55.525],[84.755,55.465],[84.62,55.405],[84.695,55.375],[84.755,55.38],[84.82,55.36],[84.86,55.375],[84.915,55.32],[84.915,55.275],[84.82,55.225],[84.925,55.165],[84.905,55.06],[84.835,54.995],[84.91,54.945],[84.97,54.945],[85.09,54.815],[85.005,54.8],[84.905,54.745],[84.9,54.725],[85.005,54.68],[85.01,54.64],[84.93,54.61],[85.115,54.44],[85.16,54.455],[85.315,54.295],[85.42,54.185],[85.54,54.225],[85.565,54.2],[85.625,54.215],[85.69,54.145],[85.75,54.165],[85.87,54.04],[86.045,54.01],[86.125,53.98],[86.185,53.81],[86.3,53.83],[86.355,53.66],[86.395,53.595],[86.425,53.61],[86.495,53.57],[86.54,53.53],[86.815,53.46],[86.93,53.505],[86.93,53.475],[86.865,53.44],[86.875,53.36],[86.81,53.295],[86.735,53.25],[86.63,53.25],[86.645,53.18],[86.84,53.12],[86.855,53.095],[86.945,53.065],[87.055,53.04],[87.015,52.96],[87.01,52.9],[86.91,52.845],[86.95,52.83],[86.945,52.79],[87.01,52.755],[87.055,52.705],[87.115,52.72],[87.17,52.695],[87.125,52.615]]]},"properties":{"shapeName":"Кемеровская область","shapeISO":"RU-KEM","shapeID":"28173009B4400867918714","shapeGroup":"RUS","shapeType":"ADM1"}},{"type":"Feature","geometry":{"type":"MultiPolygon","coordinates":[[[[137.55,54.41],[137.605,54.43],[137.66,54.49],[137.61,54.555],[137.555,54.51],[137.59,54.45],[137.55,54.41]]],[[[131.42,49.255],[131.46,49.245],[131.555,49.25],[131.67,49.31],[131.705,49.305],[131.835,49.325],[131.88,49.28],[132.005,49.27],[131.975,49.31],[132.025,49.33],[131.995,49.375],[132.055,49.375],[132.065,49.455],[132.11,49.495],[132.19,49.475],[132.24,49.49],[132.305,49.42],[132.385,49.415],[132.41,49.37],[132.37,49.31],[132.49,49.265],[132.595,49.31],[132.635,49.285],[132.785,49.33],[132.78,49.29],[132.81,49.235],[132.87,49.24],[133.055,49.215],[133.08,49.17],[133.16,49.155],[133.155,49.12],[133.23,49.08],[133.275,49.035],[133.275,48.985],[133.225,48.96],[133.28,48.88],[133.28,48.85],[133.48,48.82],[133.505,48.785],[133.59,48.73],[133.66,48.745],[133.785,48.735],[133.81,48.685],[133.925,48.645],[134.025,48.65],[134.095,48.635],[134.155,48.66],[134.275,48.675],[134.26,48.72],[134.41,48.745],[134.46,48.715],[134.46,48.68],[134.54,48.65],[134.56,48.615],[134.65,48.61],[134.735,48.57],[134.86,48.615],[134.87,48.635],[134.975,48.605],[134.995,48.535],[134.92,48.49],[134.895,48.445],[134.84,48.39],[134.765,48.365],[134.715,48.28],[134.675,48.255],[134.665,48.15],[134.625,48.095],[134.545,48.025],[134.555,47.975],[134.595,47.95],[134.605,47.9],[134.67,47.88],[134.665,47.825],[134.755,47.77],[134.775,47.74],[134.745,47.685],[134.675,47.625],[134.68,47.6],[134.63,47.55],[134.57,47.52],[134.57,47.49],[134.485,47.445],[134.31,47.435],[134.26,47.395],[134.255,47.365],[134.17,47.32],[134.15,47.255],[134.22,47.185],[134.22,47.11],[134.14,47.095],[134.09,47],[134.055,46.975],[134.07,46.935],[134.035,46.885],[134.015,46.81],[134.045,46.78],[134.015,46.715],[134.005,46.655],[134.21,46.65],[134.255,46.675],[134.39,46.675],[134.435,46.695],[134.475,46.77],[134.45,46.825],[134.405,46.86],[134.455,46.92],[134.43,46.965],[134.465,46.985],[134.515,46.965],[134.575,46.995],[134.575,47.05],[134.64,47.065],[134.66,47.125],[134.84,47.17],[134.925,47.13],[135.02,47.145],[135.015,47.17],[135.085,47.215],[135.14,47.205],[135.195,47.17],[135.295,47.16],[135.295,47.125],[135.34,47.105],[135.37,47.065],[135.42,47.055],[135.36,46.98],[135.345,46.93],[135.43,46.925],[135.525,46.965],[135.585,46.975],[135.61,46.95],[135.69,46.965],[135.755,46.965],[135.75,46.915],[135.805,46.885],[135.835,46.83],[135.985,46.795],[136.055,46.865],[136.115,46.85],[136.155,46.805],[136.335,46.775],[136.39,46.785],[136.42,46.825],[136.555,46.81],[136.705,46.845],[136.795,46.9],[136.825,46.955],[136.895,46.955],[136.98,47.025],[136.925,47.08],[136.945,47.1],[136.95,47.17],[137,47.2],[137.035,47.285],[137.08,47.305],[137.15,47.29],[137.185,47.26],[137.245,47.285],[137.395,47.2],[137.465,47.21],[137.555,47.265],[137.595,47.315],[137.72,47.355],[137.745,47.33],[137.92,47.41],[137.905,47.44],[138.005,47.465],[138.04,47.51],[138.08,47.51],[138.065,47.59],[138.035,47.585],[137.97,47.615],[138.055,47.67],[137.995,47.69],[137.99,47.72],[137.875,47.75],[137.785,47.7],[137.72,47.76],[137.6,47.805],[137.455,47.785],[137.42,47.805],[137.48,47.855],[137.61,47.9],[137.605,47.925],[137.54,47.95],[137.515,47.975],[137.425,47.99],[137.42,48.02],[137.32,48.065],[137.335,48.11],[137.45,48.205],[137.535,48.205],[137.57,48.24],[137.665,48.255],[137.715,48.21],[137.775,48.23],[137.835,48.21],[137.93,48.23],[137.945,48.26],[138,48.275],[138.1,48.33],[138.175,48.335],[138.17,48.385],[138.235,48.445],[138.31,48.465],[138.335,48.44],[138.395,48.445],[138.5,48.38],[138.465,48.32],[138.545,48.255],[138.52,48.215],[138.56,48.19],[138.635,48.18],[138.7,48.215],[138.725,48.155],[138.7,48.12],[138.615,48.085],[138.575,48.05],[138.775,47.885],[138.83,47.865],[138.805,47.82],[138.74,47.77],[138.575,47.715],[138.505,47.675],[138.575,47.65],[138.63,47.605],[138.59,47.56],[138.6,47.52],[138.535,47.48],[138.725,47.44],[138.8,47.465],[138.86,47.47],[138.935,47.445],[138.995,47.39],[139.035,47.395],[139.055,47.41],[139.05,47.475],[139.105,47.535],[139.105,47.565],[139.195,47.65],[139.215,47.73],[139.265,47.8],[139.405,47.925],[139.535,47.97],[139.54,47.99],[139.69,48.115],[139.72,48.165],[139.84,48.235],[139.925,48.3],[140.035,48.33],[140.06,48.38],[140.105,48.42],[140.165,48.44],[140.18,48.52],[140.16,48.545],[140.19,48.6],[140.175,48.675],[140.19,48.75],[140.235,48.81],[140.235,48.845],[140.36,48.92],[140.375,48.97],[140.27,49.015],[140.31,49.05],[140.3,49.08],[140.345,49.13],[140.31,49.2],[140.335,49.25],[140.41,49.32],[140.425,49.415],[140.505,49.48],[140.545,49.565],[140.5,49.68],[140.53,49.785],[140.45,49.81],[140.4,49.87],[140.43,49.9],[140.485,49.995],[140.655,50.06],[140.65,50.095],[140.535,50.125],[140.5,50.165],[140.505,50.245],[140.495,50.3],[140.53,50.345],[140.5,50.37],[140.485,50.46],[140.425,50.505],[140.415,50.54],[140.455,50.61],[140.49,50.63],[140.43,50.715],[140.52,50.835],[140.5,50.87],[140.565,50.93],[140.65,50.96],[140.635,50.99],[140.675,51.035],[140.665,51.1],[140.645,51.12],[140.67,51.175],[140.65,51.24],[140.7,51.255],[140.67,51.29],[140.675,51.33],[140.82,51.35],[140.865,51.395],[140.86,51.425],[140.79,51.42],[140.795,51.485],[140.86,51.485],[140.9,51.525],[140.875,51.59],[140.9,51.63],[140.98,51.67],[141.105,51.68],[141.105,51.72],[141.16,51.775],[141.17,51.83],[141.395,51.94],[141.395,51.97],[141.34,52.01],[141.35,52.1],[141.42,52.145],[141.51,52.16],[141.54,52.205],[141.51,52.225],[141.385,52.225],[141.315,52.285],[141.25,52.3],[141.21,52.345],[141.12,52.4],[141.11,52.485],[141.155,52.51],[141.21,52.51],[141.26,52.6],[141.245,52.74],[141.165,52.795],[141.235,52.87],[141.2,53],[141.235,53.03],[141.245,53.08],[141.345,53.105],[141.36,53.135],[141.445,53.165],[141.38,53.255],[141.415,53.295],[141.19,53.315],[141.135,53.355],[141.035,53.405],[140.95,53.43],[140.915,53.465],[140.945,53.5],[140.73,53.565],[140.59,53.625],[140.505,53.685],[140.52,53.71],[140.345,53.78],[140.255,53.87],[140.26,53.9],[140.33,53.955],[140.21,54],[140.195,54.055],[139.95,54.125],[139.875,54.18],[139.79,54.205],[139.785,54.29],[139.73,54.295],[139.645,54.25],[139.445,54.195],[139.33,54.18],[139.19,54.185],[138.93,54.24],[138.73,54.305],[138.695,54.265],[138.74,54.245],[138.72,54.195],[138.73,54.155],[138.665,54.065],[138.75,54.085],[138.77,53.98],[138.69,53.905],[138.71,53.845],[138.66,53.705],[138.62,53.655],[138.49,53.535],[138.395,53.51],[138.27,53.52],[138.265,53.555],[138.365,53.605],[138.34,53.625],[138.415,53.69],[138.585,53.805],[138.595,53.87],[138.58,53.995],[138.37,53.9],[138.335,53.83],[138.325,53.76],[138.18,53.675],[138.015,53.625],[137.95,53.58],[137.69,53.55],[137.46,53.55],[137.375,53.53],[137.315,53.535],[137.22,53.585],[137.285,53.64],[137.365,53.665],[137.495,53.67],[137.6,53.775],[137.605,53.83],[137.665,53.87],[137.805,53.905],[137.84,53.96],[137.765,53.95],[137.685,53.965],[137.605,53.955],[137.55,53.97],[137.43,54.04],[137.36,54.035],[137.3,54.065],[137.335,54.125],[137.435,54.145],[137.49,54.135],[137.62,54.22],[137.63,54.24],[137.715,54.295],[137.515,54.295],[137.45,54.315],[137.36,54.265],[137.265,54.245],[137.285,54.225],[137.115,54.165],[137.125,54.11],[137.16,54.035],[137.27,54.055],[137.3,54.045],[137.21,53.91],[137.195,53.85],[137.115,53.805],[137.065,53.845],[136.945,53.85],[136.87,53.825],[136.835,53.785],[136.78,53.765],[136.725,53.79],[136.69,53.855],[136.675,53.95],[136.695,54.01],[136.78,54.07],[136.815,54.135],[136.815,54.17],[136.77,54.19],[136.8,54.25],[136.755,54.27],[136.81,54.3],[136.75,54.36],[136.755,54.425],[136.83,54.49],[136.805,54.515],[136.875,54.57],[136.82,54.59],[136.815,54.635],[136.685,54.605],[136.615,54.625],[136.515,54.59],[136.375,54.6],[136.25,54.595],[136.19,54.61],[136.1,54.605],[135.975,54.57],[135.83,54.56],[135.71,54.58],[135.69,54.645],[135.61,54.655],[135.385,54.7],[135.26,54.74],[135.175,54.815],[135.205,54.89],[135.28,54.93],[135.3,54.96],[135.455,55.03],[135.52,55.085],[135.67,55.12],[135.7,55.115],[135.82,55.18],[135.9,55.19],[135.96,55.24],[136.035,55.255],[136.065,55.285],[136.13,55.29],[136.175,55.345],[136.215,55.355],[136.35,55.525],[136.42,55.57],[136.54,55.585],[136.55,55.62],[136.625,55.62],[136.715,55.67],[136.785,55.66],[136.8,55.7],[136.92,55.78],[136.98,55.795],[137.055,55.785],[137.065,55.83],[137.16,55.895],[137.245,55.92],[137.29,55.96],[137.415,55.97],[137.43,56.04],[137.555,56.11],[137.69,56.125],[137.78,56.215],[137.84,56.26],[137.905,56.355],[138.07,56.4],[138.07,56.44],[138.23,56.45],[138.135,56.495],[138.11,56.525],[138.135,56.6],[138.26,56.635],[138.285,56.695],[138.38,56.72],[138.42,56.785],[138.47,56.815],[138.445,56.845],[138.56,56.845],[138.61,56.955],[138.82,57.03],[138.87,57.015],[138.925,57.065],[138.925,57.135],[139.03,57.16],[139.06,57.2],[139.185,57.27],[139.315,57.28],[139.415,57.3],[139.525,57.36],[139.6,57.46],[139.705,57.49],[139.79,57.485],[139.82,57.51],[139.88,57.605],[139.995,57.7],[140.115,57.745],[140.285,57.765],[140.49,57.845],[140.49,57.89],[140.545,57.995],[140.61,58.065],[140.67,58.195],[140.775,58.305],[141.035,58.44],[141.22,58.485],[141.325,58.515],[141.535,58.6],[141.68,58.68],[141.85,58.825],[141.845,58.86],[141.895,58.885],[141.995,58.975],[142.17,59.08],[142.425,59.19],[142.545,59.225],[142.845,59.27],[143.055,59.325],[143.205,59.38],[143.32,59.36],[143.38,59.325],[143.48,59.32],[143.765,59.385],[143.885,59.4],[144.125,59.395],[144.28,59.38],[144.335,59.39],[144.41,59.37],[144.775,59.385],[144.98,59.365],[145.205,59.41],[145.3,59.415],[145.36,59.39],[145.565,59.42],[145.675,59.415],[145.815,59.37],[145.925,59.425],[145.97,59.405],[145.95,59.35],[145.85,59.3],[145.825,59.245],[145.925,59.215],[146.04,59.145],[146.2,59.21],[146.31,59.185],[146.305,59.28],[146.325,59.305],[146.31,59.4],[146.44,59.46],[146.505,59.465],[146.68,59.435],[146.7,59.39],[146.855,59.36],[146.94,59.37],[146.935,59.385],[147.11,59.42],[147.105,59.47],[147.145,59.505],[147.14,59.55],[147.175,59.645],[147.125,59.695],[147.215,59.735],[147.155,59.81],[147.115,59.89],[147.045,59.905],[147.04,59.95],[146.94,59.95],[146.8,59.905],[146.75,59.96],[146.7,59.97],[146.67,60.04],[146.69,60.085],[146.5,60.125],[146.485,60.195],[146.35,60.25],[146.265,60.235],[146.22,60.21],[146.05,60.195],[145.975,60.205],[145.855,60.17],[145.795,60.21],[145.635,60.265],[145.575,60.335],[145.66,60.36],[145.635,60.415],[145.53,60.42],[145.53,60.495],[145.655,60.53],[145.645,60.555],[145.715,60.595],[145.895,60.615],[145.92,60.655],[145.98,60.66],[146.08,60.735],[146.175,60.73],[146.195,60.7],[146.28,60.685],[146.335,60.655],[146.445,60.67],[146.445,60.755],[146.5,60.79],[146.515,60.875],[146.48,60.915],[146.57,60.955],[146.705,60.95],[146.715,61.04],[146.66,61.06],[146.755,61.1],[146.73,61.165],[146.755,61.21],[146.7,61.305],[146.745,61.375],[146.705,61.415],[146.74,61.47],[146.675,61.485],[146.595,61.55],[146.59,61.615],[146.43,61.735],[146.39,61.745],[146.35,61.84],[146.225,61.87],[146.24,61.9],[146.09,61.955],[146.025,61.95],[145.965,62.005],[145.815,62.005],[145.745,62.04],[145.665,62.035],[145.655,61.995],[145.555,61.955],[145.46,61.99],[145.4,61.975],[145.295,62.005],[145.21,61.965],[145.145,62],[145.05,61.995],[144.99,62.05],[144.855,62.06],[144.735,62.045],[144.655,61.99],[144.585,61.975],[144.61,61.935],[144.525,61.875],[144.515,61.845],[144.41,61.835],[144.295,61.775],[144.25,61.74],[144.135,61.755],[144.12,61.735],[143.96,61.755],[143.935,61.795],[144,61.895],[143.965,61.905],[143.935,61.975],[143.885,61.985],[143.775,61.955],[143.77,61.905],[143.64,61.905],[143.605,61.955],[143.61,62.035],[143.505,62.055],[143.4,62.03],[143.285,62.05],[143.275,62.09],[143.23,62.115],[143.135,62.105],[143.105,62.015],[143.025,61.95],[143.005,61.915],[142.89,61.905],[142.85,61.95],[142.765,61.965],[142.57,61.93],[142.42,61.88],[142.42,61.94],[142.355,61.965],[142.265,61.965],[142.27,62.015],[142.19,62.04],[142.15,62.075],[142.065,62.04],[141.905,62.035],[141.855,62.085],[141.73,62.075],[141.56,62.155],[141.54,62.235],[141.495,62.285],[141.39,62.325],[141.32,62.385],[141.28,62.4],[141.13,62.405],[141.085,62.425],[141.06,62.49],[140.995,62.475],[140.89,62.495],[140.83,62.53],[140.74,62.51],[140.725,62.455],[140.665,62.415],[140.42,62.415],[140.345,62.375],[140.285,62.245],[140.335,62.185],[140.3,62.105],[140.255,62.09],[140.275,62.04],[140.175,62.015],[140.115,61.97],[140.035,61.99],[139.955,61.935],[139.98,61.86],[139.925,61.795],[139.85,61.735],[139.8,61.715],[139.77,61.655],[139.69,61.66],[139.65,61.56],[139.555,61.475],[139.39,61.485],[139.375,61.46],[139.28,61.43],[139.2,61.42],[139.09,61.435],[139.04,61.345],[138.97,61.315],[138.83,61.33],[138.65,61.295],[138.66,61.205],[138.555,61.15],[138.48,61.14],[138.395,61.1],[138.36,61.045],[138.345,60.98],[138.27,60.955],[138.205,60.855],[138.305,60.775],[138.315,60.74],[138.43,60.705],[138.39,60.67],[138.395,60.62],[138.33,60.605],[138.36,60.56],[138.32,60.495],[138.27,60.485],[138.335,60.4],[138.305,60.37],[138.305,60.315],[138.215,60.28],[138.18,60.21],[138.24,60.175],[138.21,60.1],[138.26,60.07],[138.235,59.985],[138.27,59.945],[138.2,59.915],[138.175,59.825],[138.22,59.815],[138.22,59.655],[138.045,59.645],[138.02,59.67],[138.08,59.75],[137.975,59.77],[137.9,59.74],[137.82,59.76],[137.725,59.745],[137.63,59.75],[137.56,59.73],[137.555,59.7],[137.49,59.68],[137.45,59.615],[137.5,59.56],[137.355,59.54],[137.3,59.495],[137.22,59.48],[137.185,59.445],[137.115,59.45],[137.005,59.435],[136.82,59.39],[136.775,59.34],[136.66,59.35],[136.605,59.38],[136.555,59.37],[136.44,59.395],[136.345,59.395],[136.315,59.425],[136.12,59.415],[136.06,59.445],[135.95,59.46],[135.825,59.525],[135.735,59.505],[135.615,59.49],[135.51,59.44],[135.435,59.38],[135.35,59.335],[135.36,59.31],[135.26,59.235],[135.3,59.205],[135.24,59.18],[135.25,59.14],[135.15,59.115],[135.055,59.15],[134.93,59.17],[134.845,59.135],[134.75,59.155],[134.7,59.21],[134.565,59.205],[134.485,59.14],[134.39,59.175],[134.365,59.2],[134.185,59.22],[134.075,59.255],[133.87,59.26],[133.745,59.23],[133.57,59.25],[133.57,59.295],[133.485,59.31],[133.27,59.225],[133.2,59.245],[133.06,59.2],[132.965,59.14],[132.935,59.105],[132.825,59.12],[132.84,59.07],[132.75,59.02],[132.845,58.995],[132.79,58.93],[132.775,58.885],[132.59,58.895],[132.535,58.82],[132.545,58.73],[132.505,58.675],[132.545,58.66],[132.385,58.56],[132.43,58.51],[132.28,58.525],[132.14,58.515],[132.175,58.49],[132.195,58.395],[132.23,58.33],[132.2,58.255],[132.11,58.28],[132.015,58.2],[132,58.15],[132.1,58.125],[132.135,58.08],[132.065,58.05],[131.985,58.05],[131.98,58.08],[131.815,58.165],[131.77,58.15],[131.705,58.2],[131.595,58.2],[131.555,58.21],[131.455,58.195],[131.495,58.17],[131.54,58.11],[131.645,58.08],[131.58,58.04],[131.695,57.97],[131.71,57.95],[131.8,57.935],[131.815,57.87],[131.88,57.85],[131.88,57.815],[131.96,57.79],[132.05,57.73],[132.07,57.685],[131.985,57.665],[131.94,57.615],[131.85,57.625],[131.725,57.565],[131.75,57.53],[131.73,57.5],[131.64,57.46],[131.605,57.425],[131.615,57.315],[131.555,57.315],[131.51,57.27],[131.255,57.3],[131.21,57.26],[131.125,57.25],[131.25,57.195],[131.335,57.185],[131.33,57.16],[131.43,57.14],[131.485,57.095],[131.475,57.055],[131.605,56.955],[131.66,56.93],[131.735,56.86],[131.81,56.82],[131.805,56.725],[131.68,56.675],[131.71,56.61],[131.685,56.53],[131.725,56.47],[131.615,56.485],[131.635,56.52],[131.565,56.55],[131.435,56.54],[131.385,56.46],[131.35,56.515],[131.22,56.52],[131.185,56.455],[131.095,56.385],[131.14,56.29],[131.08,56.205],[131.005,56.18],[130.97,56.135],[130.97,56.08],[130.895,56.015],[130.935,55.96],[130.86,55.915],[130.9,55.85],[130.96,55.815],[130.955,55.71],[131.035,55.67],[131.145,55.65],[131.215,55.695],[131.335,55.65],[131.425,55.66],[131.485,55.695],[131.565,55.655],[131.64,55.71],[131.76,55.7],[131.84,55.65],[131.965,55.71],[132.15,55.685],[132.235,55.73],[132.32,55.74],[132.44,55.745],[132.5,55.71],[132.56,55.71],[132.59,55.665],[132.665,55.625],[132.69,55.585],[132.64,55.555],[132.71,55.51],[132.765,55.455],[132.965,55.42],[132.815,55.375],[132.775,55.35],[132.68,55.355],[132.695,55.3],[132.61,55.235],[132.37,55.25],[132.335,55.22],[132.39,55.19],[132.375,55.155],[132.44,55.12],[132.4,55.08],[132.26,55.06],[132.085,55.06],[131.98,55.015],[132.06,54.99],[132.01,54.935],[131.875,54.875],[131.81,54.86],[131.67,54.775],[131.63,54.79],[131.495,54.75],[131.395,54.735],[131.32,54.7],[131.285,54.66],[131.17,54.635],[131.17,54.605],[131.23,54.56],[131.21,54.505],[131.165,54.47],[131.135,54.365],[131.035,54.29],[130.975,54.305],[130.94,54.34],[130.845,54.31],[130.77,54.3],[130.67,54.255],[130.635,54.185],[130.575,54.17],[130.505,54.11],[130.495,53.985],[130.405,53.95],[130.39,53.92],[130.44,53.89],[130.515,53.91],[130.59,53.88],[130.675,53.905],[130.72,53.86],[130.765,53.845],[130.85,53.85],[130.85,53.8],[130.895,53.785],[131.015,53.825],[131.085,53.81],[131.205,53.81],[131.25,53.785],[131.345,53.785],[131.445,53.74],[131.42,53.685],[131.485,53.61],[131.45,53.51],[131.51,53.435],[131.5,53.395],[131.535,53.335],[131.505,53.27],[131.44,53.22],[131.585,53.22],[131.72,53.235],[131.805,53.26],[131.855,53.23],[131.83,53.165],[131.98,53.14],[132.04,53.16],[132.065,53.22],[132.105,53.24],[132.16,53.22],[132.25,53.225],[132.345,53.245],[132.37,53.23],[132.505,53.215],[132.655,53.24],[132.735,53.23],[132.77,53.25],[132.845,53.235],[132.9,53.255],[132.88,53.295],[133.03,53.305],[133.135,53.305],[133.165,53.41],[133.2,53.43],[133.395,53.49],[133.465,53.5],[133.6,53.55],[133.67,53.51],[133.705,53.465],[133.795,53.49],[133.925,53.45],[134.1,53.455],[134.11,53.5],[134.195,53.48],[134.255,53.54],[134.39,53.57],[134.445,53.56],[134.455,53.61],[134.535,53.62],[134.625,53.59],[134.62,53.57],[134.725,53.53],[134.73,53.49],[134.805,53.49],[134.8,53.455],[134.88,53.44],[134.915,53.4],[134.875,53.385],[134.795,53.4],[134.795,53.33],[134.87,53.32],[134.86,53.29],[134.91,53.25],[134.85,53.21],[134.815,53.16],[134.865,53.1],[134.83,53.07],[134.77,53.07],[134.595,52.9],[134.595,52.855],[134.665,52.76],[134.655,52.715],[134.71,52.72],[134.75,52.68],[134.74,52.625],[134.675,52.63],[134.655,52.585],[134.6,52.54],[134.64,52.495],[134.645,52.46],[134.605,52.43],[134.52,52.425],[134.495,52.46],[134.35,52.47],[134.305,52.46],[134.165,52.515],[134.095,52.485],[134,52.54],[133.94,52.515],[133.87,52.515],[133.82,52.565],[133.71,52.56],[133.585,52.615],[133.5,52.64],[133.41,52.65],[133.38,52.67],[133.26,52.68],[133.23,52.615],[133.245,52.56],[133.3,52.53],[133.235,52.45],[133.315,52.4],[133.305,52.36],[133.34,52.32],[133.4,52.3],[133.43,52.26],[133.3,52.19],[133.095,52.155],[133.06,52.175],[132.935,52.15],[132.82,52.165],[132.76,52.12],[132.65,52.115],[132.62,52.08],[132.575,52.08],[132.535,52.05],[132.525,51.99],[132.485,51.975],[132.41,51.985],[132.42,51.905],[132.45,51.885],[132.385,51.845],[132.345,51.85],[132.295,51.805],[132.22,51.84],[132.12,51.78],[132.065,51.8],[132,51.78],[131.955,51.745],[131.86,51.76],[131.78,51.7],[131.735,51.69],[131.62,51.685],[131.605,51.665],[131.465,51.69],[131.385,51.625],[131.39,51.595],[131.47,51.485],[131.495,51.39],[131.485,51.35],[131.41,51.345],[131.36,51.39],[131.255,51.365],[131.245,51.335],[131.16,51.25],[131.11,51.265],[131.045,51.24],[131.025,51.175],[130.97,51.145],[130.96,51.07],[130.93,51.03],[130.805,51.025],[130.765,50.995],[130.86,50.895],[130.785,50.865],[130.775,50.83],[130.675,50.745],[130.705,50.695],[130.645,50.66],[130.725,50.605],[130.765,50.655],[130.85,50.655],[130.905,50.67],[130.985,50.64],[131.03,50.58],[130.935,50.495],[130.895,50.49],[130.875,50.45],[130.92,50.435],[130.94,50.375],[131.13,50.43],[131.17,50.37],[131.24,50.35],[131.32,50.365],[131.31,50.325],[131.345,50.275],[131.395,50.27],[131.415,50.215],[131.46,50.175],[131.39,50.16],[131.375,50.1],[131.43,50.065],[131.425,49.99],[131.385,49.975],[131.525,49.9],[131.48,49.78],[131.515,49.76],[131.37,49.72],[131.375,49.66],[131.44,49.67],[131.46,49.635],[131.51,49.615],[131.52,49.51],[131.505,49.46],[131.53,49.43],[131.49,49.39],[131.42,49.255]]],[[[137.27,54.845],[137.25,54.765],[137.305,54.775],[137.4,54.845],[137.475,54.87],[137.535,54.82],[137.555,54.77],[137.615,54.735],[137.665,54.64],[137.73,54.645],[137.78,54.685],[137.835,54.7],[137.87,54.745],[137.985,54.77],[138.01,54.81],[137.995,54.915],[138.08,54.98],[138.175,54.995],[138.205,55.035],[138.075,55.05],[137.96,55.105],[137.88,55.125],[137.735,55.15],[137.685,55.175],[137.555,55.185],[137.515,55.13],[137.49,55.045],[137.41,55],[137.395,54.97],[137.305,54.905],[137.27,54.845]]],[[[136.78,54.895],[136.755,54.925],[136.9,54.96],[136.97,54.92],[137.035,54.915],[137.085,54.93],[137.06,54.97],[137.135,55.06],[137.19,55.105],[137.015,55.105],[136.895,55.04],[136.785,55.01],[136.68,54.95],[136.675,54.895],[136.78,54.895]]]]},"properties":{"shapeName":"Хабаровский край","shapeISO":"RU-KHA","shapeID":"28173009B57295377776076","shapeGroup":"RUS","shapeType":"ADM1"}},{"type":"Feature","geometry":{"type":"MultiPolygon","coordinates":[[[[-172.59,64.685],[-172.35,64.7],[-172.21,64.745],[-172.13,64.745],[-172.095,64.775],[-172.275,64.825],[-172.395,64.835],[-172.505,64.81],[-172.64,64.69],[-172.59,64.685]]],[[[-180,65.04],[-179.83,65.095],[-179.78,65.13],[-179.67,65.14],[-179.55,65.235],[-179.52,65.325],[-179.48,65.365],[-179.49,65.41],[-179.27,65.525],[-179.34,65.575],[-179.275,65.63],[-179.445,65.66],[-179.585,65.72],[-179.695,65.785],[-179.775,65.885],[-179.795,65.94],[-179.75,66.04],[-179.75,66.095],[-179.605,66.175],[-179.535,66.11],[-179.41,66.11],[-179.285,66.135],[-179.215,66.18],[-179.285,66.24],[-179.38,66.28],[-179.39,66.32],[-179.16,66.265],[-179.13,66.28],[-179.12,66.345],[-179.055,66.36],[-179.045,66.225],[-178.96,66.16],[-178.845,66.155],[-178.73,66.19],[-178.7,66.25],[-178.535,66.35],[-178.44,66.35],[-178.45,66.23],[-178.51,66.165],[-178.475,66.14],[-178.565,66.09],[-178.665,66.08],[-178.65,66.025],[-178.735,65.985],[-178.845,65.975],[-178.815,65.88],[-178.715,65.845],[-178.7,65.805],[-178.605,65.74],[-178.45,65.745],[-178.405,65.705],[-178.44,65.665],[-178.485,65.545],[-178.54,65.51],[-178.43,65.465],[-178.26,65.455],[-178.185,65.465],[-177.775,65.45],[-177.48,65.465],[-177.32,65.485],[-177.155,65.58],[-176.995,65.635],[-176.775,65.575],[-176.62,65.55],[-176.295,65.48],[-176,65.44],[-175.92,65.41],[-175.89,65.355],[-175.915,65.33],[-175.89,65.26],[-175.75,65.165],[-175.735,65.135],[-175.795,65.08],[-175.785,65.05],[-175.86,64.99],[-175.785,64.945],[-175.65,64.925],[-175.48,64.88],[-175.46,64.84],[-175.375,64.845],[-175.345,64.79],[-175.19,64.765],[-175.045,64.76],[-174.935,64.79],[-174.785,64.765],[-174.635,64.705],[-174.43,64.66],[-174.37,64.635],[-174.275,64.64],[-174.225,64.595],[-174.04,64.53],[-174.045,64.48],[-173.99,64.415],[-173.62,64.325],[-173.54,64.335],[-173.39,64.385],[-173.3,64.435],[-173.28,64.48],[-173.35,64.575],[-173.28,64.57],[-173.275,64.52],[-173.22,64.48],[-173.275,64.395],[-173.375,64.32],[-173.315,64.29],[-173.175,64.25],[-173.105,64.245],[-172.935,64.26],[-172.965,64.31],[-172.835,64.3],[-172.805,64.36],[-172.815,64.45],[-173.03,64.455],[-172.965,64.49],[-172.755,64.5],[-172.715,64.435],[-172.725,64.4],[-172.595,64.37],[-172.445,64.4],[-172.235,64.41],[-172.355,64.47],[-172.41,64.535],[-172.58,64.55],[-172.625,64.58],[-172.715,64.605],[-172.905,64.615],[-172.83,64.655],[-172.835,64.695],[-172.74,64.76],[-172.91,64.835],[-173,64.805],[-173.085,64.83],[-172.96,64.865],[-172.76,64.835],[-172.67,64.87],[-172.515,64.905],[-172.39,64.925],[-172.265,64.965],[-172.095,65.065],[-172.09,65.095],[-172.165,65.15],[-172.21,65.225],[-172.175,65.29],[-172.215,65.335],[-172.13,65.44],[-172.305,65.42],[-172.44,65.46],[-172.305,65.485],[-172.4,65.535],[-172.38,65.575],[-172.535,65.615],[-172.64,65.615],[-172.655,65.64],[-172.59,65.7],[-172.52,65.67],[-172.43,65.685],[-172.26,65.655],[-172.315,65.63],[-172.21,65.585],[-172.155,65.535],[-172.07,65.555],[-171.97,65.52],[-171.74,65.51],[-171.455,65.515],[-171.25,65.525],[-171.08,65.47],[-170.985,65.5],[-170.97,65.555],[-171.045,65.625],[-171.24,65.655],[-171.305,65.705],[-171.3,65.73],[-171.395,65.755],[-171.35,65.8],[-171.22,65.76],[-171.165,65.705],[-170.885,65.655],[-170.84,65.62],[-170.655,65.6],[-170.535,65.625],[-170.495,65.675],[-170.525,65.775],[-170.475,65.805],[-170.5,65.87],[-170.395,65.925],[-170.275,65.95],[-170.155,66.01],[-170,66.04],[-169.89,66.045],[-169.845,66.015],[-169.72,66.005],[-169.65,66.08],[-169.675,66.13],[-169.725,66.155],[-170.03,66.19],[-170.11,66.205],[-170.21,66.285],[-170.57,66.35],[-170.665,66.42],[-170.86,66.485],[-170.885,66.505],[-171.11,66.575],[-171.36,66.675],[-171.39,66.72],[-171.335,66.745],[-171.61,66.825],[-171.695,66.885],[-171.63,66.91],[-171.67,66.94],[-171.93,66.965],[-172.045,66.945],[-172.25,66.96],[-172.61,66.995],[-172.66,67.015],[-173.075,67.05],[-173.365,67.075],[-173.61,67.105],[-173.74,67.075],[-174.12,67.08],[-174.52,67.075],[-174.56,67.035],[-174.465,67.025],[-174.2,67.055],[-174.185,66.985],[-174.04,66.97],[-174.025,66.9],[-173.97,66.86],[-173.94,66.78],[-173.92,66.68],[-173.94,66.66],[-174.22,66.575],[-174.07,66.53],[-173.83,66.51],[-173.81,66.47],[-173.71,66.45],[-173.69,66.425],[-173.73,66.35],[-173.835,66.335],[-173.795,66.305],[-173.885,66.28],[-174.005,66.22],[-174.035,66.26],[-174.02,66.32],[-173.93,66.365],[-173.975,66.395],[-173.96,66.45],[-174.04,66.47],[-174.175,66.455],[-174.165,66.405],[-174.245,66.39],[-174.305,66.35],[-174.305,66.305],[-174.38,66.285],[-174.455,66.305],[-174.48,66.415],[-174.42,66.475],[-174.44,66.53],[-174.59,66.57],[-174.735,66.595],[-174.89,66.59],[-174.865,66.625],[-174.94,66.66],[-174.92,66.69],[-174.7,66.77],[-174.755,66.91],[-174.87,67],[-174.905,67.045],[-174.905,67.105],[-174.865,67.275],[-174.75,67.31],[-174.815,67.385],[-175.045,67.47],[-175.245,67.555],[-175.295,67.605],[-175.32,67.67],[-175.635,67.755],[-175.87,67.84],[-176.2,67.91],[-176.555,68.01],[-177.2,68.195],[-177.38,68.24],[-177.505,68.2],[-177.66,68.225],[-177.59,68.3],[-178,68.45],[-178.455,68.58],[-178.875,68.765],[-179.2,68.83],[-179.485,68.92],[-179.545,68.9],[-179.68,68.9],[-179.835,68.925],[-180,68.975],[-180,68.97],[-180,68.96],[-180,68.93],[-180,68.925],[-180,68.55],[-180,68.515],[-180,68.355],[-180,67.925],[-180,67.55],[-180,67.17],[-180,66.93],[-180,66.915],[-180,66.895],[-180,66.64],[-180,65.865],[-180,65.805],[-180,65.48],[-180,65.455],[-180,65.445],[-180,65.43],[-180,65.41],[-180,65.385],[-180,65.36],[-180,65.33],[-180,65.325],[-180,65.31],[-180,65.04]]],[[[180,71.535],[179.9,71.485],[179.505,71.42],[179.215,71.28],[178.905,71.22],[178.845,71.16],[178.63,71.07],[178.635,71.005],[178.73,70.915],[178.79,70.83],[178.86,70.795],[179.08,70.85],[179.25,70.875],[179.605,70.87],[179.765,70.92],[179.8,70.95],[180,70.975],[180,71.025],[180,71.535]]],[[[-180,70.975],[-179.9,70.975],[-179.68,70.95],[-179.46,70.895],[-179.22,70.905],[-179.18,70.89],[-178.71,70.96],[-178.555,70.965],[-178.405,70.985],[-178.3,70.985],[-178.17,71.01],[-177.905,71.025],[-177.585,71.105],[-177.475,71.155],[-177.445,71.235],[-177.62,71.265],[-177.765,71.31],[-178.075,71.47],[-178.225,71.475],[-178.285,71.52],[-178.52,71.555],[-178.775,71.575],[-179.115,71.57],[-179.19,71.54],[-179.47,71.545],[-179.6,71.565],[-179.665,71.545],[-180,71.535],[-180,71.025],[-180,70.975]]],[[[158.545,66.335],[158.645,66.335],[158.725,66.315],[158.785,66.265],[158.9,66.265],[158.98,66.24],[159.215,66.215],[159.26,66.165],[159.19,66.115],[159.165,66.07],[159.095,66.045],[159.03,65.99],[159.015,65.935],[158.935,65.895],[158.95,65.825],[158.9,65.815],[158.95,65.725],[159.45,65.64],[159.58,65.6],[159.71,65.58],[159.805,65.535],[160.095,65.5],[160.24,65.435],[160.21,65.36],[160.33,65.32],[160.51,65.205],[160.5,65.18],[160.675,65.15],[160.76,65.155],[160.87,65.145],[161.02,65.18],[161.215,65.145],[161.32,65.15],[161.475,65.065],[161.69,65.015],[161.745,64.985],[161.755,64.91],[161.815,64.88],[161.85,64.825],[162.14,64.78],[162.225,64.785],[162.32,64.745],[162.42,64.76],[162.65,64.74],[162.75,64.66],[162.96,64.655],[163.11,64.68],[163.265,64.695],[163.165,64.745],[163.135,64.785],[163.21,64.815],[163.265,64.795],[163.355,64.815],[163.49,64.87],[163.495,64.91],[163.61,64.925],[163.68,64.885],[163.775,64.885],[163.915,64.85],[164.13,64.89],[164.22,64.935],[164.275,64.91],[164.45,64.875],[164.515,64.825],[164.67,64.805],[164.87,64.715],[164.86,64.685],[165.005,64.685],[165.04,64.75],[165.005,64.785],[165.025,64.84],[165.19,64.845],[165.285,64.83],[165.405,64.745],[165.5,64.755],[165.685,64.735],[165.74,64.7],[165.73,64.66],[165.82,64.625],[165.845,64.55],[166.04,64.55],[166.135,64.605],[166.28,64.59],[166.41,64.59],[166.54,64.555],[166.59,64.52],[166.73,64.55],[166.79,64.52],[166.845,64.54],[167,64.54],[167.14,64.62],[167.23,64.625],[167.335,64.54],[167.385,64.48],[167.585,64.43],[167.605,64.39],[167.685,64.325],[167.785,64.335],[168.04,64.265],[168.195,64.285],[168.245,64.33],[168.365,64.295],[168.485,64.315],[168.58,64.275],[168.65,64.195],[168.8,64.185],[168.81,64.11],[168.885,64.06],[168.875,63.985],[168.99,63.99],[169.085,63.94],[169.31,63.945],[169.385,63.94],[169.385,63.86],[169.57,63.81],[169.59,63.73],[169.57,63.69],[169.61,63.665],[169.48,63.565],[169.37,63.53],[169.315,63.535],[169.155,63.475],[169.135,63.44],[168.95,63.34],[168.825,63.305],[168.83,63.265],[168.745,63.18],[168.63,63.16],[168.495,63.11],[168.48,63.07],[168.58,63.035],[168.67,63.025],[168.825,62.965],[168.93,62.945],[169.065,62.975],[169.155,62.975],[169.245,62.92],[169.37,62.865],[169.58,62.795],[169.68,62.705],[169.81,62.675],[169.835,62.66],[170.005,62.675],[170.095,62.65],[170.03,62.625],[170.04,62.575],[169.99,62.54],[170.12,62.49],[170.08,62.435],[170.15,62.41],[170.155,62.355],[170.205,62.345],[170.195,62.295],[170.3,62.275],[170.41,62.315],[170.49,62.285],[170.545,62.305],[170.78,62.255],[170.88,62.28],[171.045,62.275],[171.085,62.32],[171.19,62.345],[171.315,62.32],[171.51,62.305],[171.675,62.355],[171.75,62.35],[171.9,62.37],[171.84,62.395],[171.98,62.415],[171.995,62.455],[172.08,62.465],[172.22,62.455],[172.265,62.38],[172.405,62.405],[172.45,62.44],[172.56,62.445],[172.77,62.4],[172.765,62.35],[172.855,62.35],[172.92,62.4],[173.07,62.385],[173.115,62.42],[173.215,62.45],[173.43,62.485],[173.5,62.525],[173.615,62.5],[173.67,62.545],[173.845,62.51],[173.86,62.47],[173.955,62.435],[174.08,62.465],[174.16,62.425],[174.15,62.34],[174.055,62.29],[174.135,62.205],[174.11,62.175],[174.16,62.085],[174.27,62.095],[174.355,62.08],[174.34,62.04],[174.45,62.025],[174.485,61.965],[174.435,61.91],[174.52,61.87],[174.44,61.85],[174.475,61.81],[174.585,61.82],[174.725,61.855],[174.835,61.92],[174.97,61.96],[175.065,61.975],[175.23,62.015],[175.4,62.1],[175.565,62.155],[175.79,62.21],[175.98,62.25],[176.28,62.29],[176.44,62.375],[176.545,62.415],[176.915,62.51],[177.125,62.54],[177.37,62.555],[177.62,62.56],[178.09,62.53],[178.165,62.495],[178.325,62.46],[178.78,62.385],[179.04,62.335],[179.085,62.28],[179.155,62.285],[179.185,62.32],[179.15,62.35],[179.18,62.385],[179.12,62.415],[179.145,62.465],[179.215,62.495],[179.365,62.475],[179.445,62.53],[179.445,62.575],[179.51,62.615],[179.595,62.625],[179.635,62.69],[179.615,62.755],[179.58,62.78],[179.58,62.82],[179.515,62.87],[179.375,62.875],[179.33,62.895],[179.28,62.98],[179.305,63.03],[179.365,63.065],[179.465,63.06],[179.455,63.115],[179.345,63.185],[179.245,63.23],[179.185,63.23],[179.045,63.3],[178.885,63.445],[178.825,63.535],[178.785,63.74],[178.685,63.975],[178.335,64.325],[178.255,64.275],[178.12,64.23],[178.145,64.185],[177.98,64.205],[177.855,64.235],[177.73,64.3],[177.585,64.36],[177.48,64.415],[177.415,64.515],[177.45,64.605],[177.54,64.735],[177.355,64.75],[177.185,64.7],[177.085,64.705],[176.865,64.595],[176.79,64.54],[176.64,64.64],[176.54,64.67],[176.475,64.665],[176.435,64.62],[176.35,64.595],[176.215,64.615],[176.36,64.64],[176.43,64.685],[176.25,64.82],[176.22,64.88],[176.28,64.885],[176.445,64.845],[176.45,64.795],[176.555,64.8],[176.685,64.855],[176.79,64.845],[176.83,64.82],[176.915,64.835],[176.97,64.82],[176.97,64.78],[177.17,64.765],[177.345,64.81],[177.28,64.825],[177.255,64.91],[177.215,64.935],[177.04,64.98],[176.995,65.03],[176.67,64.975],[176.525,64.985],[176.42,65.04],[176.58,65.035],[176.605,65.005],[176.765,65.045],[176.95,65.07],[177.125,65.02],[177.195,65.015],[177.255,64.98],[177.23,64.935],[177.27,64.915],[177.47,64.92],[177.51,64.9],[177.49,64.855],[177.545,64.8],[177.635,64.745],[177.67,64.7],[177.825,64.68],[177.995,64.68],[178.035,64.66],[178.18,64.665],[178.36,64.635],[178.765,64.675],[178.81,64.655],[178.895,64.67],[179.025,64.725],[179.14,64.76],[179.29,64.785],[179.51,64.795],[179.56,64.83],[179.75,64.93],[179.86,65],[180,65.04],[180,65.31],[180,65.325],[180,65.33],[180,65.36],[180,65.385],[180,65.445],[180,65.455],[180,65.48],[180,65.805],[180,65.865],[180,66.64],[180,66.895],[180,66.915],[180,66.93],[180,67.17],[180,67.55],[180,67.925],[180,68.355],[180,68.515],[180,68.55],[180,68.91],[180,68.925],[180,68.93],[180,68.96],[180,68.97],[179.83,68.975],[179.7,69],[179.695,69.045],[179.595,69.065],[179.55,69.16],[179.385,69.23],[179.205,69.29],[178.87,69.38],[178.625,69.43],[178.445,69.455],[178.2,69.45],[177.955,69.475],[177.74,69.525],[177.505,69.585],[177.41,69.6],[177.195,69.6],[176.895,69.645],[176.435,69.735],[176.34,69.77],[176.14,69.87],[175.935,69.865],[175.795,69.875],[175.485,69.865],[175.115,69.835],[174.83,69.835],[174.435,69.85],[174.34,69.87],[174.125,69.875],[173.875,69.845],[173.62,69.88],[173.465,69.935],[173.275,69.91],[173.31,69.88],[173.41,69.855],[173.52,69.8],[173.36,69.75],[173.215,69.755],[173.22,69.83],[173.035,69.845],[172.795,69.915],[172.755,69.965],[172.525,69.935],[172.26,69.97],[172,69.98],[171.59,70.025],[171.425,70.05],[171.24,70.055],[170.985,70.09],[170.775,70.08],[170.56,70.125],[170.585,70.035],[170.525,69.91],[170.57,69.88],[170.565,69.81],[170.61,69.755],[170.465,69.725],[170.395,69.725],[170.215,69.68],[170.155,69.595],[170.32,69.58],[170.46,69.6],[170.59,69.59],[170.655,69.56],[170.7,69.465],[170.755,69.45],[170.76,69.375],[170.825,69.365],[170.93,69.275],[170.935,69.235],[170.89,69.165],[170.99,69.14],[171.03,69.105],[171.02,69.045],[170.81,68.95],[170.685,68.925],[170.425,68.83],[170.14,68.795],[169.68,68.765],[169.59,68.77],[169.455,68.815],[169.41,68.865],[169.445,68.935],[169.4,69.045],[169.33,69.08],[169.13,69.085],[169.065,69.11],[168.715,69.2],[168.35,69.205],[168.265,69.245],[168.23,69.3],[168.215,69.425],[168.275,69.485],[168.285,69.545],[168.16,69.57],[167.965,69.645],[168.065,69.71],[168.055,69.745],[167.945,69.77],[167.745,69.765],[167.24,69.56],[167.21,69.54],[166.905,69.465],[166.57,69.495],[166.235,69.505],[166.075,69.525],[165.805,69.57],[165.46,69.57],[165.21,69.59],[164.87,69.56],[164.555,69.585],[164.265,69.665],[164.13,69.745],[164.015,69.755],[163.87,69.695],[163.66,69.67],[163.49,69.675],[163.315,69.705],[163.2,69.7],[163.08,69.67],[162.765,69.635],[162.63,69.665],[162.47,69.655],[162.345,69.59],[162.415,69.55],[162.32,69.53],[162.43,69.455],[162.35,69.405],[162.545,69.375],[162.515,69.33],[162.565,69.29],[162.7,69.245],[162.795,69.17],[162.53,69.105],[162.51,69.085],[162.58,68.96],[162.725,68.93],[162.775,68.905],[162.8,68.825],[162.74,68.77],[162.59,68.78],[162.605,68.685],[162.71,68.66],[162.75,68.585],[162.65,68.51],[162.565,68.485],[162.615,68.435],[162.555,68.395],[162.55,68.335],[162.395,68.275],[162.195,68.335],[162.055,68.34],[161.95,68.355],[161.715,68.345],[161.645,68.375],[161.335,68.37],[161.2,68.34],[161.03,68.285],[160.73,68.25],[160.395,68.24],[160.185,68.265],[160.075,68.265],[159.83,68.25],[159.73,68.19],[159.635,68.225],[159.365,68.19],[159.245,68.19],[159.05,68.15],[158.9,68.1],[158.645,68.125],[158.505,68.09],[158.4,68.08],[158.29,68.035],[158.3,68.005],[158.215,67.94],[158.105,67.915],[158.08,67.865],[158.105,67.82],[158.25,67.825],[158.36,67.735],[158.24,67.71],[157.935,67.72],[157.81,67.675],[157.73,67.515],[157.8,67.49],[157.795,67.45],[157.91,67.42],[157.81,67.31],[157.925,67.26],[158.095,67.23],[158.335,67.13],[158.575,67.065],[158.715,67.035],[158.81,66.965],[158.81,66.905],[158.865,66.87],[158.86,66.815],[158.935,66.77],[158.71,66.69],[158.725,66.64],[158.665,66.615],[158.635,66.565],[158.535,66.55],[158.49,66.505],[158.505,66.465],[158.37,66.43],[158.545,66.335]]],[[[168.75,69.575],[168.91,69.555],[169.025,69.565],[169.185,69.555],[169.305,69.65],[169.31,69.725],[169.45,69.795],[169.43,69.855],[169.04,69.925],[168.865,69.925],[168.805,69.96],[168.465,70.035],[168.18,70],[167.93,69.91],[167.79,69.815],[168.1,69.75],[168.125,69.705],[168.35,69.64],[168.75,69.575]]]]},"properties":{"shapeName":"Чукотский автономный округ","shapeISO":"RU-CHU","shapeID":"28173009B11091203162490","shapeGroup":"RUS","shapeType":"ADM1"}},{"type":"Feature","geometry":{"type":"Polygon","coordinates":[[[45.775,42.49],[45.78,42.445],[45.735,42.38],[45.75,42.31],[45.72,42.29],[45.65,42.29],[45.61,42.23],[45.75,42.145],[45.785,42.1],[45.895,42.105],[45.945,42.03],[45.985,42.045],[46.04,42.02],[46.075,42.04],[46.105,41.99],[46.16,41.99],[46.225,42.015],[46.255,42.005],[46.28,41.945],[46.32,41.93],[46.4,41.94],[46.48,41.88],[46.55,41.865],[46.555,41.825],[46.585,41.805],[46.635,41.83],[46.76,41.86],[46.765,41.8],[46.86,41.735],[46.9,41.735],[46.92,41.685],[47,41.64],[46.995,41.59],[47.05,41.555],[47.105,41.59],[47.13,41.55],[47.175,41.53],[47.225,41.42],[47.26,41.395],[47.29,41.325],[47.375,41.275],[47.475,41.255],[47.555,41.2],[47.575,41.215],[47.7,41.225],[47.725,41.195],[47.78,41.185],[47.81,41.22],[47.885,41.22],[47.95,41.35],[48.005,41.38],[48,41.43],[48.035,41.44],[48.065,41.49],[48.205,41.51],[48.25,41.53],[48.285,41.56],[48.375,41.59],[48.425,41.66],[48.555,41.78],[48.59,41.84],[48.49,41.91],[48.415,41.92],[48.36,41.955],[48.285,42.105],[48.24,42.135],[48.11,42.32],[48.01,42.39],[47.91,42.525],[47.885,42.58],[47.795,42.61],[47.735,42.67],[47.72,42.7],[47.71,42.83],[47.7,42.87],[47.645,42.89],[47.575,42.955],[47.47,43.005],[47.465,43.055],[47.48,43.15],[47.55,43.255],[47.495,43.285],[47.48,43.325],[47.49,43.41],[47.525,43.545],[47.56,43.595],[47.55,43.62],[47.605,43.75],[47.7,43.89],[47.605,43.89],[47.565,43.87],[47.545,43.785],[47.455,43.83],[47.37,44.01],[47.29,44.085],[47.24,44.2],[47.21,44.225],[47.14,44.205],[47.08,44.245],[47.035,44.335],[47.005,44.365],[46.96,44.34],[46.89,44.325],[46.88,44.365],[46.775,44.37],[46.68,44.47],[46.705,44.655],[46.765,44.715],[46.865,44.745],[46.905,44.79],[46.895,44.81],[46.86,44.8],[46.755,44.8],[46.77,44.825],[46.63,44.865],[46.57,44.905],[46.51,44.93],[46.385,44.945],[46.36,44.94],[46.225,44.975],[46.155,44.96],[46.01,44.98],[45.795,44.99],[45.785,44.97],[45.705,44.975],[45.615,44.875],[45.655,44.805],[45.52,44.68],[45.41,44.595],[45.385,44.605],[45.26,44.59],[45.24,44.555],[45.225,44.47],[45.36,44.465],[45.43,44.43],[45.425,44.395],[45.37,44.29],[45.22,44.27],[45.135,44.255],[45.105,44.19],[45.165,44.19],[45.505,44.175],[45.49,44.13],[45.49,44.01],[45.71,43.96],[45.795,43.95],[45.86,43.97],[45.885,43.95],[46.07,43.93],[46.06,43.885],[46.005,43.88],[46.045,43.82],[46.08,43.815],[46.095,43.86],[46.215,43.86],[46.25,43.88],[46.25,43.945],[46.36,43.945],[46.32,44.01],[46.44,44],[46.46,43.93],[46.45,43.875],[46.54,43.86],[46.585,43.875],[46.655,43.795],[46.63,43.77],[46.555,43.76],[46.515,43.705],[46.455,43.665],[46.455,43.63],[46.41,43.51],[46.385,43.48],[46.33,43.45],[46.33,43.415],[46.37,43.34],[46.41,43.325],[46.425,43.28],[46.39,43.205],[46.435,43.185],[46.385,43.15],[46.435,43.085],[46.505,43.085],[46.515,43.045],[46.48,43.02],[46.495,42.95],[46.535,42.925],[46.435,42.885],[46.43,42.86],[46.375,42.855],[46.335,42.895],[46.225,42.865],[46.18,42.875],[46.115,42.8],[46.15,42.785],[46.17,42.73],[46.075,42.715],[46.075,42.68],[46.015,42.675],[46.02,42.62],[45.965,42.58],[45.925,42.605],[45.905,42.56],[45.84,42.515],[45.775,42.49]]]},"properties":{"shapeName":"Республика Дагестан","shapeISO":"RU-DA","shapeID":"28173009B24428243574749","shapeGroup":"RUS","shapeType":"ADM1"}},{"type":"Feature","geometry":{"type":"Polygon","coordinates":[[[20.955,55.28],[20.855,55.19],[20.68,55.06],[20.59,55.005],[20.4,54.94],[20.3,54.945],[20.27,54.965],[20.12,54.945],[19.975,54.96],[19.93,54.9],[19.965,54.795],[19.96,54.755],[19.88,54.65],[19.945,54.635],[19.945,54.705],[19.975,54.725],[20.045,54.725],[20.06,54.675],[20.105,54.655],[20.18,54.69],[20.275,54.685],[20.285,54.63],[20.16,54.595],[20.09,54.555],[20.02,54.575],[19.965,54.555],[19.935,54.495],[19.83,54.47],[19.805,54.44],[20.33,54.4],[20.44,54.39],[20.82,54.36],[21.005,54.355],[21.275,54.33],[21.495,54.325],[22.32,54.34],[22.79,54.365],[22.735,54.445],[22.7,54.455],[22.68,54.535],[22.685,54.59],[22.755,54.655],[22.725,54.685],[22.74,54.73],[22.845,54.765],[22.885,54.815],[22.84,54.865],[22.845,54.895],[22.75,54.925],[22.725,54.965],[22.605,55.015],[22.59,55.07],[22.455,55.045],[22.29,55.065],[22.16,55.055],[22.075,55.025],[22.01,55.085],[21.965,55.075],[21.85,55.095],[21.815,55.12],[21.725,55.135],[21.65,55.18],[21.57,55.2],[21.515,55.185],[21.45,55.22],[21.385,55.295],[21.285,55.24],[21.275,55.2],[21.18,55.195],[21.225,54.995],[21.25,54.965],[21.21,54.92],[20.995,54.89],[20.87,54.9],[20.79,54.945],[20.69,54.93],[20.54,54.945],[20.645,55.03],[20.705,55.06],[20.795,55.125],[20.865,55.155],[20.875,55.18],[20.95,55.25],[20.955,55.28]]]},"properties":{"shapeName":"Калининградская область","shapeISO":"RU-KGD","shapeID":"28173009B40138449315491","shapeGroup":"RUS","shapeType":"ADM1"}},{"type":"Feature","geometry":{"type":"Polygon","coordinates":[[[50.77,51.775],[50.87,51.755],[50.895,51.68],[51.01,51.675],[51.055,51.68],[51.2,51.665],[51.27,51.685],[51.305,51.64],[51.38,51.64],[51.38,51.565],[51.24,51.565],[51.285,51.53],[51.285,51.49],[51.43,51.475],[51.565,51.505],[51.64,51.54],[51.655,51.45],[51.74,51.465],[51.815,51.495],[51.77,51.58],[51.825,51.64],[51.895,51.685],[52,51.685],[52.09,51.66],[52.175,51.685],[52.18,51.735],[52.24,51.725],[52.335,51.745],[52.415,51.64],[52.45,51.625],[52.51,51.5],[52.62,51.455],[52.695,51.475],[52.845,51.505],[52.945,51.46],[53.14,51.515],[53.26,51.495],[53.395,51.49],[53.48,51.445],[53.585,51.41],[53.625,51.37],[53.595,51.305],[53.645,51.275],[53.66,51.23],[53.745,51.205],[53.81,51.215],[53.885,51.2],[54.015,51.16],[54.04,51.135],[54.135,51.11],[54.195,50.965],[54.285,50.94],[54.29,50.9],[54.42,50.875],[54.455,50.85],[54.535,50.85],[54.475,50.78],[54.44,50.66],[54.415,50.62],[54.465,50.565],[54.545,50.525],[54.615,50.54],[54.73,50.62],[54.72,50.69],[54.68,50.72],[54.685,50.835],[54.7,50.895],[54.655,50.915],[54.565,50.915],[54.58,50.975],[54.57,51.02],[54.735,51.025],[54.785,50.985],[54.895,50.96],[54.895,50.92],[55.01,50.905],[55.085,50.92],[55.13,50.88],[55.055,50.82],[55.145,50.795],[55.385,50.655],[55.405,50.68],[55.5,50.67],[55.535,50.615],[55.61,50.6],[55.66,50.56],[55.735,50.55],[55.745,50.58],[55.83,50.62],[55.915,50.64],[56.055,50.695],[56.135,50.755],[56.135,50.83],[56.18,50.94],[56.3,50.9],[56.36,50.9],[56.395,50.945],[56.46,50.965],[56.45,51.055],[56.51,51.08],[56.635,50.985],[56.75,50.98],[56.7,51.075],[56.785,51.095],[56.89,51.06],[56.945,51.09],[56.985,51.065],[57.145,51.09],[57.185,51.115],[57.245,51.025],[57.28,51.03],[57.325,50.945],[57.415,50.895],[57.505,50.875],[57.56,50.935],[57.735,50.93],[57.755,50.97],[57.755,51.055],[57.77,51.14],[57.81,51.14],[57.87,51.1],[57.92,51.12],[57.95,51.085],[58.02,51.095],[58.105,51.07],[58.18,51.065],[58.22,51.11],[58.205,51.13],[58.295,51.15],[58.34,51.145],[58.385,51.075],[58.52,51.085],[58.59,51.05],[58.635,50.985],[58.58,50.94],[58.59,50.87],[58.69,50.885],[58.695,50.845],[58.655,50.81],[58.775,50.815],[58.845,50.755],[58.875,50.7],[59.03,50.69],[59.235,50.665],[59.415,50.635],[59.48,50.64],[59.57,50.575],[59.465,50.585],[59.455,50.545],[59.515,50.53],[59.775,50.54],[59.815,50.535],[59.905,50.635],[60,50.675],[59.975,50.77],[60.015,50.82],[60.19,50.84],[60.215,50.815],[60.185,50.78],[60.325,50.67],[60.56,50.66],[60.7,50.665],[60.81,50.655],[61.45,50.805],[61.485,50.96],[61.57,51.24],[61.69,51.255],[61.55,51.325],[61.505,51.405],[61.45,51.41],[61.32,51.445],[61.28,51.435],[61.205,51.46],[61.11,51.455],[61,51.47],[60.96,51.49],[60.91,51.555],[60.935,51.615],[60.54,51.62],[60.525,51.64],[60.42,51.645],[60.355,51.69],[60.43,51.72],[60.52,51.8],[60.43,51.8],[60.32,51.83],[60.16,51.89],[60.145,51.87],[60.035,51.915],[59.995,51.965],[60,51.995],[59.975,52.035],[59.91,52.04],[59.965,52.15],[60.06,52.18],[60.175,52.26],[60.16,52.285],[60.165,52.4],[60.04,52.425],[59.92,52.42],[59.825,52.48],[59.68,52.41],[59.66,52.44],[59.55,52.44],[59.525,52.41],[59.445,52.455],[59.29,52.48],[59.245,52.47],[59.225,52.425],[59.215,52.295],[59.165,52.275],[59.055,52.345],[59,52.36],[59,52.425],[58.86,52.445],[58.855,52.425],[58.835,52.355],[58.945,52.34],[58.955,52.285],[58.885,52.245],[58.745,52.26],[58.67,52.3],[58.66,52.2],[58.615,52.135],[58.65,52.13],[58.655,52.08],[58.715,52.08],[58.715,52.04],[58.66,52.03],[58.655,51.895],[58.62,51.875],[58.615,51.825],[58.575,51.825],[58.575,51.77],[58.49,51.78],[58.33,51.77],[58.255,51.735],[58.185,51.735],[58.115,51.76],[58.11,51.79],[57.955,51.795],[57.91,51.835],[57.755,51.825],[57.715,51.86],[57.61,51.785],[57.64,51.765],[57.575,51.725],[57.395,51.725],[57.405,51.69],[57.36,51.655],[57.295,51.63],[57.305,51.605],[57.16,51.575],[57.095,51.665],[57.005,51.665],[56.995,51.72],[56.8,51.75],[56.885,51.675],[56.89,51.605],[56.775,51.585],[56.73,51.61],[56.775,51.675],[56.745,51.735],[56.805,51.745],[56.675,51.815],[56.615,51.83],[56.635,51.9],[56.74,51.91],[56.72,51.945],[56.66,51.985],[56.705,52.06],[56.615,52.13],[56.47,52.17],[56.425,52.145],[56.27,52.12],[56.2,52.14],[56.24,52.22],[56.36,52.28],[56.455,52.3],[56.435,52.33],[56.44,52.405],[56.385,52.42],[56.35,52.495],[56.405,52.56],[56.42,52.605],[56.335,52.585],[56.265,52.545],[56.155,52.61],[56.075,52.62],[56.005,52.55],[55.945,52.515],[55.87,52.535],[55.85,52.47],[55.88,52.395],[55.77,52.345],[55.62,52.37],[55.495,52.415],[55.5,52.46],[55.465,52.625],[55.405,52.67],[55.355,52.64],[55.265,52.645],[55.315,52.695],[55.395,52.7],[55.34,52.77],[55.425,52.79],[55.35,52.855],[55.265,52.835],[55.19,52.84],[55.14,52.81],[55.125,52.915],[55.065,52.95],[54.995,53.06],[54.94,53.1],[54.955,53.12],[54.925,53.21],[54.815,53.265],[54.8,53.25],[54.66,53.215],[54.625,53.26],[54.55,53.265],[54.57,53.32],[54.55,53.355],[54.4,53.37],[54.315,53.405],[54.255,53.36],[54.14,53.4],[54.06,53.455],[54.04,53.5],[53.98,53.545],[53.85,53.685],[53.65,53.75],[53.57,53.915],[53.57,53.945],[53.5,54.025],[53.5,54.055],[53.415,54.03],[53.4,53.995],[53.345,54],[53.28,54.04],[53.285,54.085],[53.2,54.095],[53.135,54.075],[53.085,54.09],[53.09,54.125],[53.025,54.17],[52.975,54.18],[52.955,54.235],[53.1,54.235],[53.155,54.29],[53.08,54.315],[53.055,54.355],[52.995,54.32],[53.03,54.29],[52.98,54.27],[52.89,54.275],[52.935,54.31],[52.695,54.36],[52.64,54.34],[52.57,54.34],[52.53,54.305],[52.43,54.31],[52.345,54.295],[52.375,54.255],[52.365,54.19],[52.295,54.15],[52.38,54.135],[52.38,54.08],[52.48,54.07],[52.37,53.975],[52.42,53.94],[52.38,53.89],[52.345,53.795],[52.28,53.745],[52.19,53.555],[52.095,53.545],[52.09,53.47],[52.145,53.445],[52.145,53.405],[52.21,53.38],[52.175,53.325],[52.17,53.235],[52.125,53.235],[52.135,53.165],[52.07,53.155],[52.08,53.125],[52.165,53.12],[52.16,53.09],[52.05,53.09],[52.04,52.965],[51.99,52.945],[51.885,52.95],[51.84,52.865],[51.715,52.875],[51.725,52.805],[51.765,52.8],[51.725,52.655],[51.615,52.645],[51.61,52.68],[51.525,52.675],[51.53,52.63],[51.505,52.595],[51.45,52.57],[51.49,52.51],[51.55,52.465],[51.55,52.43],[51.475,52.43],[51.46,52.365],[51.385,52.36],[51.4,52.32],[51.41,52.225],[51.46,52.225],[51.39,52.07],[51.26,52.02],[51.155,51.955],[51.125,51.925],[51.035,51.925],[51,51.89],[50.91,51.86],[50.77,51.775]],[[52.225,53.35],[52.245,53.4],[52.315,53.39],[52.285,53.34],[52.225,53.35]]]},"properties":{"shapeName":"Оренбургская область","shapeISO":"RU-ORE","shapeID":"28173009B76603557910928","shapeGroup":"RUS","shapeType":"ADM1"}},{"type":"Feature","geometry":{"type":"MultiPolygon","coordinates":[[[[131.835,42.955],[131.9,42.965],[131.935,42.995],[131.89,43.035],[131.805,43.045],[131.75,42.98],[131.835,42.955]]],[[[134.005,46.655],[133.915,46.595],[133.885,46.52],[133.84,46.47],[133.925,46.42],[133.935,46.38],[133.87,46.36],[133.91,46.265],[133.825,46.225],[133.745,46.165],[133.68,46.14],[133.735,46.075],[133.735,46.055],[133.675,45.99],[133.675,45.96],[133.61,45.94],[133.61,45.9],[133.575,45.87],[133.505,45.89],[133.465,45.835],[133.465,45.735],[133.475,45.69],[133.385,45.58],[133.34,45.565],[133.225,45.51],[133.195,45.515],[133.165,45.44],[133.135,45.425],[133.14,45.375],[133.11,45.35],[133.095,45.235],[133.12,45.22],[133.135,45.125],[133.045,45.08],[133.005,45.04],[132.94,45.02],[132.845,45.06],[132.72,44.905],[132.65,44.855],[132.63,44.815],[132.64,44.72],[132.605,44.675],[132.4,44.59],[132.39,44.545],[132.32,44.54],[132.24,44.575],[132.255,44.625],[132.24,44.665],[132.08,44.705],[132.04,44.795],[132.05,44.825],[132.12,44.875],[132.13,44.97],[132.11,45.025],[132.02,45.035],[131.995,45.055],[132.015,45.095],[132.06,45.11],[132,45.165],[131.98,45.27],[131.935,45.28],[131.91,45.34],[131.875,45.34],[131.825,45.31],[131.78,45.245],[131.675,45.22],[131.645,45.155],[131.685,45.125],[131.625,45.075],[131.56,45.045],[131.52,45.01],[131.43,44.965],[131.35,44.99],[131.275,44.92],[131.2,44.915],[131.155,44.945],[131.08,44.92],[131.095,44.895],[131.055,44.87],[130.98,44.865],[130.96,44.825],[131.055,44.785],[131.105,44.71],[131.18,44.46],[131.305,44.045],[131.245,44.015],[131.235,43.965],[131.26,43.935],[131.21,43.835],[131.205,43.785],[131.22,43.76],[131.21,43.695],[131.225,43.635],[131.2,43.58],[131.2,43.53],[131.295,43.47],[131.285,43.44],[131.31,43.395],[131.275,43.375],[131.25,43.26],[131.2,43.235],[131.21,43.145],[131.165,43.11],[131.15,43.07],[131.095,43.02],[131.14,42.945],[131.105,42.915],[131.01,42.91],[131.035,42.86],[130.975,42.855],[130.94,42.875],[130.885,42.85],[130.835,42.88],[130.795,42.875],[130.775,42.84],[130.66,42.845],[130.555,42.815],[130.525,42.785],[130.46,42.77],[130.405,42.73],[130.46,42.685],[130.52,42.7],[130.585,42.67],[130.625,42.6],[130.615,42.57],[130.565,42.555],[130.555,42.52],[130.595,42.485],[130.595,42.445],[130.635,42.425],[130.67,42.365],[130.655,42.325],[130.695,42.295],[130.76,42.39],[130.78,42.465],[130.84,42.475],[130.84,42.565],[130.78,42.575],[130.67,42.675],[130.72,42.7],[130.775,42.685],[130.985,42.65],[131.08,42.64],[131.13,42.62],[131.185,42.56],[131.215,42.58],[131.205,42.65],[131.24,42.675],[131.255,42.765],[131.305,42.795],[131.34,42.79],[131.375,42.835],[131.44,42.87],[131.38,42.915],[131.505,42.955],[131.505,43.015],[131.59,43.05],[131.695,43.165],[131.78,43.18],[131.745,43.22],[131.77,43.25],[131.755,43.33],[131.78,43.355],[131.88,43.32],[132.055,43.285],[132,43.26],[131.98,43.235],[131.92,43.205],[131.905,43.145],[131.855,43.095],[131.965,43.075],[132.06,43.15],[132.175,43.215],[132.23,43.23],[132.26,43.27],[132.335,43.31],[132.35,43.27],[132.315,43.25],[132.325,43.215],[132.375,43.215],[132.39,43.19],[132.33,43.16],[132.34,43.13],[132.295,43],[132.29,42.88],[132.345,42.86],[132.41,42.945],[132.52,42.905],[132.54,42.85],[132.59,42.84],[132.625,42.86],[132.7,42.855],[132.735,42.91],[132.785,42.89],[132.77,42.825],[132.81,42.805],[132.805,42.76],[132.85,42.75],[132.895,42.76],[132.9,42.83],[132.965,42.84],[133.055,42.765],[133.02,42.715],[133.075,42.69],[133.15,42.685],[133.23,42.75],[133.36,42.76],[133.43,42.78],[133.62,42.855],[133.665,42.855],[133.71,42.825],[133.885,42.905],[133.905,42.87],[134.05,42.975],[134.125,42.995],[134.185,43.07],[134.32,43.12],[134.345,43.11],[134.415,43.145],[134.55,43.225],[134.625,43.245],[134.7,43.3],[134.78,43.31],[134.795,43.35],[134.9,43.415],[135.095,43.5],[135.14,43.505],[135.17,43.555],[135.175,43.61],[135.215,43.63],[135.235,43.695],[135.28,43.685],[135.37,43.725],[135.435,43.765],[135.505,43.865],[135.46,43.88],[135.465,43.955],[135.51,43.94],[135.525,44.005],[135.635,44.045],[135.63,44.1],[135.66,44.13],[135.65,44.175],[135.685,44.19],[135.72,44.24],[135.795,44.265],[135.84,44.335],[135.83,44.355],[135.885,44.415],[136.035,44.445],[136.15,44.495],[136.195,44.535],[136.195,44.575],[136.225,44.655],[136.265,44.695],[136.34,44.73],[136.355,44.8],[136.415,44.78],[136.435,44.82],[136.495,44.86],[136.505,44.895],[136.56,44.92],[136.555,44.95],[136.635,45.025],[136.685,45.04],[136.765,45.095],[136.8,45.2],[136.855,45.235],[136.945,45.265],[137.06,45.355],[137.14,45.375],[137.2,45.46],[137.3,45.52],[137.36,45.615],[137.445,45.665],[137.49,45.675],[137.565,45.735],[137.655,45.785],[137.695,45.82],[137.77,45.945],[137.93,46.07],[138.105,46.24],[138.095,46.29],[138.12,46.355],[138.19,46.46],[138.23,46.49],[138.345,46.54],[138.35,46.69],[138.42,46.81],[138.495,46.875],[138.5,46.94],[138.57,47.045],[138.605,47.075],[138.71,47.14],[138.835,47.275],[138.935,47.32],[138.99,47.315],[138.985,47.355],[139.035,47.395],[138.995,47.39],[138.935,47.445],[138.86,47.47],[138.8,47.465],[138.725,47.44],[138.535,47.48],[138.6,47.52],[138.59,47.56],[138.63,47.605],[138.575,47.65],[138.505,47.675],[138.575,47.715],[138.74,47.77],[138.805,47.82],[138.83,47.865],[138.775,47.885],[138.575,48.05],[138.615,48.085],[138.7,48.12],[138.725,48.155],[138.7,48.215],[138.635,48.18],[138.56,48.19],[138.52,48.215],[138.545,48.255],[138.465,48.32],[138.5,48.38],[138.395,48.445],[138.335,48.44],[138.31,48.465],[138.235,48.445],[138.17,48.385],[138.175,48.335],[138.1,48.33],[138,48.275],[137.945,48.26],[137.93,48.23],[137.835,48.21],[137.775,48.23],[137.715,48.21],[137.665,48.255],[137.57,48.24],[137.535,48.205],[137.45,48.205],[137.335,48.11],[137.32,48.065],[137.42,48.02],[137.425,47.99],[137.515,47.975],[137.54,47.95],[137.605,47.925],[137.61,47.9],[137.48,47.855],[137.42,47.805],[137.455,47.785],[137.6,47.805],[137.72,47.76],[137.785,47.7],[137.875,47.75],[137.99,47.72],[137.995,47.69],[138.055,47.67],[137.97,47.615],[138.035,47.585],[138.065,47.59],[138.08,47.51],[138.04,47.51],[138.005,47.465],[137.905,47.44],[137.92,47.41],[137.745,47.33],[137.72,47.355],[137.595,47.315],[137.555,47.265],[137.465,47.21],[137.395,47.2],[137.245,47.285],[137.185,47.26],[137.15,47.29],[137.08,47.305],[137.035,47.285],[137,47.2],[136.95,47.17],[136.945,47.1],[136.925,47.08],[136.98,47.025],[136.895,46.955],[136.825,46.955],[136.795,46.9],[136.705,46.845],[136.555,46.81],[136.42,46.825],[136.39,46.785],[136.335,46.775],[136.155,46.805],[136.115,46.85],[136.055,46.865],[135.985,46.795],[135.835,46.83],[135.805,46.885],[135.75,46.915],[135.755,46.965],[135.69,46.965],[135.61,46.95],[135.585,46.975],[135.525,46.965],[135.43,46.925],[135.345,46.93],[135.36,46.98],[135.42,47.055],[135.37,47.065],[135.34,47.105],[135.295,47.125],[135.295,47.16],[135.195,47.17],[135.14,47.205],[135.085,47.215],[135.015,47.17],[135.02,47.145],[134.925,47.13],[134.84,47.17],[134.66,47.125],[134.64,47.065],[134.575,47.05],[134.575,46.995],[134.515,46.965],[134.465,46.985],[134.43,46.965],[134.455,46.92],[134.405,46.86],[134.45,46.825],[134.475,46.77],[134.435,46.695],[134.39,46.675],[134.255,46.675],[134.21,46.65],[134.005,46.655]]]]},"properties":{"shapeName":"Приморский край","shapeISO":"RU-PRI","shapeID":"28173009B46831765844996","shapeGroup":"RUS","shapeType":"ADM1"}},{"type":"Feature","geometry":{"type":"Polygon","coordinates":[[[57.405,56.345],[57.285,56.305],[57.205,56.24],[57.21,56.18],[57.08,56.16],[56.92,56.105],[56.885,56.11],[56.85,56.165],[56.785,56.165],[56.725,56.23],[56.665,56.235],[56.595,56.275],[56.47,56.37],[56.405,56.405],[56.325,56.365],[56.265,56.305],[56.16,56.315],[56.08,56.295],[55.96,56.37],[55.91,56.455],[55.835,56.42],[55.775,56.445],[55.705,56.435],[55.69,56.41],[55.52,56.38],[55.46,56.33],[55.325,56.315],[55.24,56.335],[55.15,56.305],[55.1,56.35],[55.025,56.325],[54.945,56.335],[54.94,56.37],[54.79,56.425],[54.735,56.43],[54.67,56.5],[54.54,56.51],[54.485,56.41],[54.445,56.375],[54.38,56.38],[54.365,56.31],[54.4,56.265],[54.335,56.235],[54.2,56.2],[54.15,56.145],[54.09,56.11],[54.035,56.02],[53.975,56.005],[53.845,56.045],[53.8,55.97],[53.71,55.97],[53.695,55.925],[53.785,55.895],[53.865,55.885],[53.94,55.845],[53.955,55.78],[54.04,55.81],[54.065,55.78],[54.16,55.74],[54.21,55.705],[54.265,55.705],[54.165,55.62],[54.045,55.545],[53.965,55.53],[53.98,55.465],[53.9,55.43],[53.86,55.365],[53.725,55.325],[53.69,55.295],[53.6,55.265],[53.615,55.215],[53.485,55.215],[53.425,55.23],[53.36,55.2],[53.32,55.16],[53.24,55.175],[53.16,55.165],[53.17,55.105],[53.25,55.105],[53.27,55.05],[53.315,55.045],[53.475,54.98],[53.475,54.95],[53.555,54.88],[53.64,54.91],[53.6,54.82],[53.625,54.8],[53.615,54.695],[53.52,54.615],[53.435,54.57],[53.405,54.45],[53.425,54.425],[53.38,54.375],[53.43,54.335],[53.445,54.26],[53.43,54.205],[53.47,54.14],[53.465,54.09],[53.5,54.055],[53.5,54.025],[53.57,53.945],[53.57,53.915],[53.65,53.75],[53.85,53.685],[53.98,53.545],[54.04,53.5],[54.06,53.455],[54.14,53.4],[54.255,53.36],[54.315,53.405],[54.4,53.37],[54.55,53.355],[54.57,53.32],[54.55,53.265],[54.625,53.26],[54.66,53.215],[54.8,53.25],[54.815,53.265],[54.925,53.21],[54.955,53.12],[54.94,53.1],[54.995,53.06],[55.065,52.95],[55.125,52.915],[55.14,52.81],[55.19,52.84],[55.265,52.835],[55.35,52.855],[55.425,52.79],[55.34,52.77],[55.395,52.7],[55.315,52.695],[55.265,52.645],[55.355,52.64],[55.405,52.67],[55.465,52.625],[55.5,52.46],[55.495,52.415],[55.62,52.37],[55.77,52.345],[55.88,52.395],[55.85,52.47],[55.87,52.535],[55.945,52.515],[56.005,52.55],[56.075,52.62],[56.155,52.61],[56.265,52.545],[56.335,52.585],[56.42,52.605],[56.405,52.56],[56.35,52.495],[56.385,52.42],[56.44,52.405],[56.435,52.33],[56.455,52.3],[56.36,52.28],[56.24,52.22],[56.2,52.14],[56.27,52.12],[56.425,52.145],[56.47,52.17],[56.615,52.13],[56.705,52.06],[56.66,51.985],[56.72,51.945],[56.74,51.91],[56.635,51.9],[56.615,51.83],[56.675,51.815],[56.805,51.745],[56.745,51.735],[56.775,51.675],[56.73,51.61],[56.775,51.585],[56.89,51.605],[56.885,51.675],[56.8,51.75],[56.995,51.72],[57.005,51.665],[57.095,51.665],[57.16,51.575],[57.305,51.605],[57.295,51.63],[57.36,51.655],[57.405,51.69],[57.395,51.725],[57.575,51.725],[57.64,51.765],[57.61,51.785],[57.715,51.86],[57.755,51.825],[57.91,51.835],[57.955,51.795],[58.11,51.79],[58.115,51.76],[58.185,51.735],[58.255,51.735],[58.33,51.77],[58.49,51.78],[58.575,51.77],[58.575,51.825],[58.615,51.825],[58.62,51.875],[58.655,51.895],[58.66,52.03],[58.715,52.04],[58.715,52.08],[58.655,52.08],[58.65,52.13],[58.615,52.135],[58.66,52.2],[58.67,52.3],[58.745,52.26],[58.885,52.245],[58.955,52.285],[58.945,52.34],[58.835,52.355],[58.855,52.425],[58.795,52.43],[58.77,52.47],[58.78,52.52],[58.84,52.52],[58.825,52.595],[58.75,52.61],[58.75,52.66],[58.805,52.695],[58.76,52.85],[58.805,52.895],[58.81,52.94],[58.86,52.945],[58.84,53.025],[58.99,53.02],[58.975,53.05],[58.915,53.055],[58.91,53.19],[58.87,53.2],[58.9,53.275],[58.895,53.495],[58.905,53.55],[58.815,53.55],[58.815,53.59],[58.905,53.645],[58.89,53.72],[58.925,53.785],[58.91,53.865],[58.965,53.91],[58.93,53.955],[59,53.95],[59.05,53.97],[59.105,53.955],[59.19,54.005],[59.285,54.15],[59.325,54.19],[59.525,54.185],[59.6,54.16],[59.71,54.14],[59.705,54.18],[59.79,54.245],[59.755,54.315],[59.67,54.34],[59.735,54.4],[59.74,54.455],[59.685,54.47],[59.68,54.52],[59.855,54.61],[59.9,54.705],[59.945,54.77],[59.94,54.82],[60,54.865],[59.915,54.87],[59.81,54.85],[59.735,54.885],[59.62,54.905],[59.6,54.865],[59.535,54.84],[59.525,54.78],[59.29,54.66],[59.265,54.615],[59.15,54.63],[59.065,54.65],[58.955,54.585],[58.84,54.565],[58.74,54.535],[58.715,54.48],[58.585,54.465],[58.435,54.545],[58.35,54.55],[58.255,54.515],[58.17,54.505],[58.12,54.46],[58.01,54.395],[57.9,54.42],[57.825,54.485],[57.755,54.5],[57.745,54.58],[57.625,54.62],[57.59,54.68],[57.245,54.77],[57.2,54.805],[57.155,54.87],[57.25,54.94],[57.19,54.995],[57.165,55.06],[57.13,55.085],[57.155,55.125],[57.24,55.15],[57.215,55.2],[57.265,55.22],[57.245,55.265],[57.325,55.26],[57.395,55.315],[57.53,55.335],[57.64,55.3],[57.885,55.3],[58.025,55.275],[58.045,55.24],[58.125,55.22],[58.12,55.19],[58.04,55.155],[57.99,55.09],[58.03,55.06],[58.005,54.985],[57.935,54.95],[58.005,54.905],[58.13,54.95],[58.13,55.015],[58.2,55.09],[58.13,55.125],[58.21,55.14],[58.265,55.17],[58.36,55.14],[58.375,55.095],[58.43,55.065],[58.42,55.02],[58.505,54.975],[58.6,54.955],[58.725,54.97],[58.73,54.995],[58.805,55.03],[58.735,55.12],[58.575,55.16],[58.615,55.195],[58.695,55.15],[58.755,55.165],[58.775,55.215],[58.695,55.23],[58.725,55.29],[58.84,55.295],[58.845,55.325],[58.965,55.315],[59.005,55.265],[59.085,55.325],[59.16,55.34],[59.185,55.385],[59.17,55.425],[59.2,55.465],[59.28,55.465],[59.58,55.515],[59.645,55.56],[59.655,55.59],[59.47,55.595],[59.465,55.645],[59.275,55.58],[59.25,55.605],[59.335,55.63],[59.3,55.7],[59.32,55.76],[59.27,55.79],[59.135,55.79],[59.225,55.85],[59.21,55.895],[59.25,55.935],[59.195,56.025],[59.285,56.035],[59.325,56.085],[59.32,56.13],[59.095,56.15],[59.04,56.17],[59.04,56.13],[58.96,56.065],[58.9,56.055],[58.83,56.085],[58.71,56.095],[58.645,56.115],[58.585,56.165],[58.51,56.17],[58.47,56.12],[58.42,56.12],[58.385,56.08],[58.255,56.105],[58.165,56.14],[58.075,56.115],[57.92,56.105],[57.895,56.14],[57.775,56.145],[57.685,56.135],[57.655,56.095],[57.6,56.085],[57.515,56.095],[57.465,56.125],[57.5,56.21],[57.405,56.27],[57.435,56.315],[57.405,56.345]]]},"properties":{"shapeName":"Республика Башкортостан","shapeISO":"RU-BA","shapeID":"28173009B30250450380208","shapeGroup":"RUS","shapeType":"ADM1"}},{"type":"Feature","geometry":{"type":"Polygon","coordinates":[[[37.875,49.235],[37.935,49.19],[37.925,49.145],[38.04,49.125],[38.1,49],[38.005,48.945],[38.195,48.93],[38.275,48.825],[38.315,48.735],[38.265,48.665],[38.3,48.49],[38.345,48.44],[38.435,48.45],[38.425,48.28],[38.565,48.27],[38.615,48.205],[38.695,48.16],[38.82,48.115],[38.805,48.07],[38.86,48.015],[39.04,48.005],[39.09,47.94],[39.075,47.87],[39.15,47.84],[39.24,47.865],[39.385,47.87],[39.565,47.835],[39.74,47.83],[39.795,47.92],[39.815,48],[39.885,48.04],[39.875,48.12],[39.935,48.18],[39.935,48.29],[39.91,48.42],[39.845,48.475],[39.855,48.56],[39.79,48.595],[39.69,48.585],[39.71,48.725],[39.78,48.785],[39.8,48.845],[39.975,48.795],[40.08,48.87],[40.06,48.905],[39.85,48.89],[39.745,48.985],[39.665,49],[39.695,49.05],[39.94,49.085],[40.03,49.18],[40.075,49.185],[40.185,49.28],[40.195,49.345],[40.03,49.455],[40.04,49.52],[40.17,49.57],[40.135,49.615],[39.95,49.595],[39.89,49.56],[39.805,49.56],[39.75,49.595],[39.66,49.615],[39.59,49.72],[39.445,49.76],[39.38,49.74],[39.285,49.755],[39.18,49.89],[39.065,49.815],[38.95,49.795],[38.85,49.865],[38.745,49.895],[38.725,49.925],[38.585,49.975],[38.49,49.965],[38.35,50.005],[38.33,50.085],[38.18,50.08],[38.22,49.98],[38.17,49.94],[38.035,49.9],[38.02,49.835],[38.055,49.785],[37.95,49.73],[38.015,49.68],[37.975,49.615],[37.845,49.52],[37.845,49.445],[37.895,49.405],[37.875,49.33],[37.945,49.305],[37.875,49.235]]]},"properties":{"shapeName":"Луганская Народная Республика","shapeISO":"RU-LUG","shapeID":"CTFMAP-RU-LUG","shapeGroup":"RUS","shapeType":"ADM1"}},{"type":"Feature","geometry":{"type":"Polygon","coordinates":[[[36.74,48.625],[36.79,48.565],[36.86,48.57],[36.83,48.485],[36.815,48.315],[36.91,48.31],[36.935,48.195],[36.875,48.185],[36.895,48.08],[36.855,48.035],[36.65,48.1],[36.59,48.08],[36.585,47.955],[36.54,47.905],[36.585,47.845],[36.595,47.785],[36.67,47.795],[36.725,47.63],[36.83,47.625],[36.895,47.545],[36.945,47.575],[37.02,47.555],[37.075,47.495],[37.16,47.455],[37.245,47.47],[37.195,47.375],[37.105,47.375],[37.085,47.315],[36.945,47.31],[36.935,47.165],[37,47.125],[37.01,47.085],[37.08,47.045],[37.09,46.97],[37.02,46.93],[37.06,46.885],[37.17,46.71],[37.33,46.69],[37.44,46.715],[37.62,46.83],[38.14,46.86],[38.34,46.98],[38.23,47.125],[38.26,47.24],[38.325,47.255],[38.335,47.305],[38.22,47.305],[38.255,47.375],[38.3,47.395],[38.285,47.545],[38.35,47.615],[38.455,47.645],[38.615,47.645],[38.665,47.7],[38.735,47.7],[38.79,47.74],[38.79,47.815],[38.88,47.875],[39.075,47.87],[39.09,47.94],[39.04,48.005],[38.86,48.015],[38.805,48.07],[38.82,48.115],[38.695,48.16],[38.615,48.205],[38.565,48.27],[38.425,48.28],[38.435,48.45],[38.345,48.44],[38.3,48.49],[38.265,48.665],[38.315,48.735],[38.275,48.825],[38.195,48.93],[38.005,48.945],[38.1,49],[38.04,49.125],[37.925,49.145],[37.935,49.19],[37.875,49.235],[37.8,49.2],[37.57,49.23],[37.5,49.18],[37.585,49.125],[37.485,49.1],[37.48,49.055],[37.385,49.05],[37.37,49.005],[37.295,48.975],[37.33,48.92],[37.225,48.905],[37.145,48.84],[37.025,48.82],[36.995,48.785],[36.855,48.8],[36.69,48.775],[36.735,48.705],[36.74,48.625]]]},"properties":{"shapeName":"Донецкая Народная Республика","shapeISO":"RU-DON","shapeID":"CTFMAP-RU-DON","shapeGroup":"RUS","shapeType":"ADM1"}},{"type":"Feature","geometry":{"type":"Polygon","coordinates":[[[32.775,45.825],[32.59,45.71],[32.38,45.635],[32.295,45.575],[32.21,45.45],[32.2,45.395],[32.225,45.305],[32.275,45.225],[32.415,45.155],[32.57,45.12],[32.67,45.115],[32.83,45.15],[32.89,45.09],[33.045,45],[33.175,44.955],[33.295,44.94],[33.555,44.84],[33.585,44.81],[33.615,44.71],[33.725,44.715],[33.775,44.69],[33.715,44.62],[33.825,44.57],[33.84,44.53],[33.925,44.42],[33.76,44.39],[33.695,44.19],[33.95,44.185],[34.24,44.23],[34.57,44.415],[34.665,44.545],[34.81,44.605],[34.93,44.61],[35.02,44.585],[35.12,44.585],[35.23,44.615],[35.315,44.66],[35.4,44.735],[35.5,44.76],[35.63,44.85],[35.725,44.805],[35.86,44.795],[36.05,44.815],[36.105,44.835],[36.195,44.82],[36.435,44.855],[36.545,44.89],[36.61,44.94],[36.57,45.05],[36.53,45.2],[36.595,45.255],[36.605,45.31],[36.665,45.36],[36.68,45.455],[36.67,45.625],[36.34,45.67],[36.135,45.65],[35.98,45.615],[35.89,45.645],[35.785,45.645],[35.675,45.61],[35.615,45.565],[35.575,45.49],[35.46,45.56],[35.385,45.655],[35.235,45.79],[34.975,45.76],[34.8,45.81],[34.8,45.9],[34.67,45.97],[34.56,45.995],[34.475,45.945],[34.33,46.06],[34.185,46.065],[34.115,46.105],[34.055,46.11],[33.81,46.205],[33.74,46.185],[33.645,46.23],[33.635,46.145],[33.57,46.105],[33.59,46.06],[33.54,46.01],[32.775,45.825]]]},"properties":{"shapeName":"Республика Крым","shapeISO":"RU-CR","shapeID":"CTFMAP-RU-CR","shapeGroup":"RUS","shapeType":"ADM1"}},{"type":"Feature","properties":{"shapeName":"Херсонская область","shapeISO":"RU-KHE","shapeID":"CTFMAP-RU-KHE","shapeGroup":"RUS","shapeType":"ADM1"},"geometry":{"type":"Polygon","coordinates":[[[35.2334204,45.7917299],[35.2263236,45.8173925],[35.2151647,45.8401574],[35.199837,45.8617041],[35.1739108,45.8873198],[35.1661348,45.9068986],[35.1509695,45.9315235],[35.19237360000001,45.9348755],[35.2418565,45.9453848],[35.2874403,45.9624012],[35.3273733,45.9852651],[35.3500872,46.0033274],[35.3692134,46.0232881],[35.384424399999986,46.0448037],[35.3911545,46.057589],[35.4222254,46.0810777],[35.4413515,46.1010103],[35.4565625,46.1224956],[35.4680391,46.1464862],[35.3757487,46.1944895],[35.2780627,46.264581],[35.2534755,46.2710593],[35.2274451,46.2812001],[35.1694604,46.2944092],[35.128223,46.3020878],[35.0956105,46.3017269],[35.0735362,46.2998986],[35.0672758,46.3289991],[35.0692533,46.3301742],[35.06590280000001,46.3359148],[35.0582559,46.3755365],[35.0674756,46.3764614],[35.0710047,46.3797609],[35.0534528,46.4815667],[35.0222178,46.4793022],[34.95308149999999,46.5037628],[34.9484152,46.503464],[34.9472209,46.5124675],[34.8903855,46.5067797],[34.885143,46.5367184],[34.8950368,46.5376268],[34.8912198,46.5625704],[34.7576007,46.5493238],[34.748275,46.5841895],[34.7232991,46.5814666],[34.7127641,46.6200738],[34.7563087,46.6269756],[34.7461772,46.6832188],[34.6851011,46.6770294],[34.6835688,46.6772691],[34.6808284,46.6919901],[34.6322356,46.6876186],[34.6252257,46.723972],[34.6612754,46.7271564],[34.6586929,46.7403319],[34.73500520000001,46.7473443],[34.735172200000015,46.7570629],[34.7504856,46.7578954],[34.7501431,46.7805134],[34.7675765,46.7809131],[34.7581324,46.8227066],[34.817047399999986,46.82893510000001],[34.8126588,46.8336305],[34.8046826,46.8825274],[34.7525692,46.8795369],[34.7361514,46.9614556],[34.6854556,46.9558631],[34.6809711,46.9791411],[34.6542543,46.9766286],[34.6425991,46.9741138],[34.6238427,46.9733971],[34.6205819,46.9881738],[34.6174822,46.99331580000001],[34.5996222,46.9917725],[34.5916567,47.0267916],[34.5672697,47.0244915],[34.5534973,47.1059694],[34.5195021,47.1047491],[34.4909976,47.2406],[34.4908861,47.2468443],[34.5300976,47.2507598],[34.5272052,47.2674288],[34.5236425,47.26717030000001],[34.5182002,47.2835488],[34.4877638,47.2799494],[34.4804555,47.3077858],[34.4794346,47.3151248],[34.5138315,47.3181455],[34.5146898,47.3225547],[34.5132134,47.3243997],[34.5086227,47.32538],[34.5088162,47.3277382],[34.5161696,47.3332205],[34.5158861,47.3362281],[34.5121334,47.3386697],[34.5046165,47.3400705],[34.5003723,47.3385051],[34.4984492,47.334959],[34.4920185,47.332266],[34.4134848,47.3233412],[34.4187949,47.3009396],[34.3987212,47.298378100000015],[34.4012258,47.2871716],[34.3695731,47.2835733],[34.3576058,47.2933836],[34.3290637,47.2907036],[34.3053474,47.269141],[34.3022536,47.2729715],[34.29973870000001,47.2722433],[34.29299390000001,47.2743463],[34.282583,47.3176625],[34.2817997,47.3240861],[34.2834383,47.3263116],[34.2711741,47.3622316],[34.2599647,47.3606487],[34.2529149,47.3911219],[34.2563617,47.3942107],[34.2529693,47.4094825],[34.2426886,47.4338649],[34.230114,47.4460149],[34.2184503,47.452729],[34.1699642,47.4690813],[34.1394646,47.4772499],[34.0608047,47.4685901],[34.0033403,47.4566155],[33.9970431,47.4594667],[33.9870479,47.45788719999999],[33.9778285,47.4593227],[33.9547773,47.4575536],[33.951341,47.4615802],[33.9467374,47.5012777],[33.9420865,47.5082768],[33.9408165,47.5148436],[33.9348228,47.5162966],[33.9067329,47.5117889],[33.6436096,47.4845268],[33.6359662,47.5140686],[33.6037327,47.5103641],[33.6050084,47.5041566],[33.588445,47.5023016],[33.5803921,47.5324929],[33.5714555,47.5242037],[33.5873041,47.5409618],[33.59253730000001,47.544415],[33.5886516,47.5582341],[33.6090873,47.5609181],[33.605488,47.575002],[33.5922908,47.573653],[33.5881313,47.5887344],[33.5838111,47.5882285],[33.5803214,47.600194],[33.473719,47.5873296],[33.4861004,47.5439264],[33.3264657,47.5230895],[33.3226885,47.5235625],[33.3300843,47.5101208],[33.3488161,47.4936669],[33.3142543,47.4825445],[33.3071617,47.486159],[33.3137051,47.4885994],[33.3149605,47.4907056],[33.3099863,47.5016046],[33.29631950000001,47.5039827],[33.2792403,47.5167806],[33.2787682,47.5199978],[33.2865148,47.52547830000001],[33.2884945,47.531703],[33.287995,47.5419471],[33.2855917,47.5441343],[33.2792832,47.5460897],[33.2731248,47.5460752],[33.2619883,47.5409187],[33.2558085,47.5358631],[33.2418181,47.5303578],[33.2314111,47.52935810000001],[33.228514300000015,47.5312271],[33.2226135,47.5305462],[33.2154252,47.5330381],[33.2150604,47.534313],[33.22175520000001,47.5395571],[33.2216479,47.5446413],[33.2180859,47.548407],[33.2300164,47.5549531],[33.2359602,47.5631489],[33.2374193,47.5717054],[33.2339646,47.577076],[33.2301451,47.5777418],[33.22613250000001,47.5736742],[33.208515800000015,47.56951930000001],[33.19806590000001,47.5696496],[33.184935,47.5728214],[33.1718551,47.5666814],[33.0926838,47.5788322],[33.0888625,47.5521654],[33.0949698,47.5276253],[33.1413235,47.5445215],[33.1417425,47.5434739],[33.1468637,47.5146486],[33.1232429,47.5079417],[33.1300994,47.482542],[33.12539810000001,47.4763361],[33.1310387,47.4578746],[33.1378337,47.4195283],[33.0715543,47.4124492],[33.070533,47.4748122],[33.0667949,47.4749215],[33.0472559,47.4684701],[33.0538642,47.4440506],[33.0341304,47.4416307],[33.0372238,47.4258875],[33.0292793,47.4228555],[33.0359379,47.3911547],[33.0392937,47.3796948],[33.122145,47.3900959],[33.1322319,47.3456417],[33.1372968,47.3336504],[33.1332488,47.3323135],[33.1306492,47.32855630000001],[33.1029147,47.3223493],[33.11078,47.3010186],[33.1098618,47.2968786],[33.1115348,47.293926],[33.1020838,47.2906506],[33.1052117,47.280462],[33.1185042,47.2819721],[33.12017320000001,47.2776867],[33.13953230000001,47.272333900000014],[33.1361639,47.2677686],[33.1828442,47.2386218],[33.1758533,47.2379663],[33.1719971,47.23411680000001],[33.16619690000001,47.2341253],[33.16255670000001,47.23203630000001],[33.159555,47.2330876],[33.1636149,47.235319],[33.1620813,47.23655870000001],[33.152572,47.2348582],[33.1444537,47.2304421],[33.1335593,47.2330256],[33.1282443,47.23131820000001],[33.126968,47.2235612],[33.1295396,47.2179894],[33.13371930000001,47.2132248],[33.142931,47.2098343],[33.1385213,47.2063175],[33.1296424,47.2028056],[33.1176324,47.2040085],[33.110127,47.2072055],[33.1041707,47.2131126],[33.1052252,47.2165387],[33.0971346,47.2236855],[33.0883305,47.2232166],[33.0804306,47.2199858],[33.0721214,47.22337070000001],[33.0741395,47.2175625],[33.0675061,47.220136900000014],[33.0655485,47.2189481],[33.0661548,47.200813],[33.05468659999999,47.19212130000001],[33.0361795,47.1875473],[33.0356524,47.1824307],[33.0386166,47.1783839],[33.0366964,47.1777301],[33.0254393,47.1765432],[33.0144459,47.1804719],[33.0118799,47.1840547],[33.0130514,47.1876712],[33.0113939,47.1913007],[33.0051697,47.1962707],[33.0004037,47.19555680000001],[33.0005608,47.19279610000001],[33.0042091,47.1909874],[33.0023238,47.1894167],[32.9951667,47.1918441],[32.9894588,47.1898446],[32.9908109,47.1938013],[32.9889343,47.1939498],[32.981254,47.1913607],[32.961355,47.1896302],[32.9607042,47.1844835],[32.947374,47.1620773],[32.9312515,47.1499015],[32.9200065,47.146116],[32.9178741,47.1434371],[32.919198,47.1329962],[32.9111437,47.12677270000001],[32.9068393,47.1205517],[32.9124278,47.1145766],[32.9146216,47.1052965],[32.9108842,47.09952230000001],[32.9103274,47.0938696],[32.9166978,47.0871808],[32.9238864,47.0858174],[32.9305061,47.0803916],[33.06857030000001,47.0221965],[33.0227575,46.9729052],[32.9496959,47.0031886],[32.9339743,46.9862828],[32.9418132,46.9737922],[32.9496623,46.9465451],[32.9755524,46.9490526],[32.9794684,46.9335239],[32.921715,46.9266563],[32.9260797,46.9106537],[32.9246045,46.9100577],[32.8414564,46.900036],[32.8392106,46.8962844],[32.8420803,46.8945033],[32.8419142,46.8919446],[32.8360347,46.8845583],[32.8409021,46.8820066],[32.8564489,46.8770292],[32.9152698,46.883276],[32.9198948,46.8661432],[32.9462653,46.8686577],[32.9491152,46.8579487],[32.8716194,46.8467613],[32.8136251,46.8401364],[32.8147714,46.8346046],[32.776203,46.8311441],[32.7794364,46.8249027],[32.7715653,46.8207817],[32.7674922,46.820595],[32.7645995,46.8279672],[32.7484841,46.8259694],[32.7429267,46.8279205],[32.7013967,46.8207644],[32.6978757,46.8226363],[32.68788449999999,46.8620814],[32.6174686,46.85440469999999],[32.6149533,46.8543962],[32.6152095,46.8559751],[32.6111053,46.8587863],[32.5854524,46.8558401],[32.5836015,46.85964149999999],[32.5785743,46.8591471],[32.5775016,46.8631892],[32.5717759,46.8632274],[32.5704869,46.8725642],[32.5467399,46.869438],[32.5442811,46.8831729],[32.5337954,46.88146459999999],[32.5417418,46.8501696],[32.526146,46.84844],[32.5319975,46.8237711],[32.4693254,46.816568],[32.4632807,46.8404296],[32.4191401,46.8363506],[32.3653801,46.8292647],[32.3728903,46.7990798],[32.3416307,46.7954457],[32.3147034,46.8059881],[32.2275364,46.8452028],[32.2314146,46.8386739],[32.2522118,46.81960439999999],[32.2304225,46.8085056],[32.2096967,46.8057258],[32.2186855,46.7713054],[32.16895310000001,46.7635024],[32.171543,46.75232290000001],[32.1118177,46.7451273],[32.1088909,46.752464],[32.05715,46.7446436],[32.0609094,46.7279785],[32.0756701,46.729975900000014],[32.0869547,46.6835172],[32.0718979,46.6818729],[32.0714344,46.6836777],[32.0207063,46.6775492],[32.030712,46.6689345],[31.9874104,46.6641164],[31.9890455,46.6591978],[31.9401854,46.6509997],[31.845679,46.4979457],[31.8327464,46.499909],[31.8187783,46.49552880000001],[31.8144298,46.4926275],[31.8072011,46.4789798],[31.8306389,46.3532824],[31.3814661,46.4076023],[31.1590964,46.4096818],[31.1998745,46.404396],[31.2372722,46.4031776],[31.2335704,46.387153],[31.2317777,46.3597165],[31.2354164,46.3323533],[31.2395833,46.3180155],[31.239739,46.2838237],[31.2460744,46.2566582],[31.2512379,46.2433579],[31.2654363,46.217633],[31.2845662,46.1934741],[31.2958725,46.1821246],[31.3217046,46.1611517],[31.3436306,46.1472926],[31.3789842,46.116737],[31.4086996,46.09837390000001],[31.424843,46.0902872],[31.4593257,46.0764938],[31.496195,46.0660832],[31.5367522,46.0590466],[31.5784253,46.0443529],[31.6162327,46.0357073],[31.6553839,46.03071520000001],[31.6802135,46.0295837],[31.7062203,46.022538900000015],[31.7447895,46.0157018],[31.7644879,46.0136693],[31.8036251,46.0124291],[31.8453512,46.0025607],[31.8924887,45.9971252],[31.9107437,45.9903347],[31.947613,45.9799079],[31.9985396,45.9717896],[32.0239391,45.9619012],[32.0608085,45.951469],[32.0993777,45.9446232],[32.1429798,45.9414617],[32.1648595,45.9344364],[32.202667,45.9257736],[32.2475868,45.9204531],[32.2748785,45.9097351],[32.3117478,45.8992931],[32.350317,45.8924408],[32.3774797,45.8899915],[32.4089799,45.8793962],[32.4467873,45.8707248],[32.4859385,45.8657178],[32.5279336,45.8645587],[32.5790759,45.8517299],[32.6182271,45.8467212],[32.6626395,45.8456584],[32.7140922,45.8327284],[32.733545,45.8297573],[32.7727018,45.8266419],[33.1866939,45.926666],[33.5407189,46.0120312],[33.5911874,46.0612472],[33.572132900000014,46.1025643],[33.6147942,46.1346903],[33.6412746,46.1424429],[33.6355706,46.1463365],[33.6152408,46.2262179],[33.6459447,46.2301515],[33.6654505,46.22132280000001],[33.6855494,46.2064204],[33.6995994,46.20285530000001],[33.7399776,46.1852474],[33.7503231,46.18772],[33.7726027,46.1976249],[33.7968936,46.2030156],[33.811324,46.203796],[33.8486859,46.1996667],[33.86133,46.1945116],[33.905124,46.1654361],[33.9185407,46.1582953],[33.9847014,46.1347466],[33.9982336,46.1264504],[34.0526389,46.1091293],[34.0695052,46.1166994],[34.0809285,46.117556],[34.1174996,46.1072692],[34.1314309,46.1002124],[34.1450093,46.0866862],[34.1843736,46.0668628],[34.2477875,46.0532232],[34.3295267,46.0606161],[34.3396228,46.0578798],[34.3471695,46.0549489],[34.4049875,46.0092864],[34.4107666,45.9992636],[34.4131796,45.9897359],[34.4369402,45.9666649],[34.45721,45.9524054],[34.4762212,45.9441393],[34.4868901,45.9424418],[34.498434,45.9428504],[34.5109022,45.9480281],[34.5269998,45.9590021],[34.5443875,45.9761218],[34.5448398,45.9790277],[34.5542176,45.9904652],[34.5611691,45.9943843],[34.5816123,45.9956678],[34.6011392,45.9941699],[34.628541,45.9864034],[34.6549879,45.97549],[34.66991080000001,45.9676437],[34.7540112,45.9088363],[34.8021689,45.9006479],[34.7990874,45.8104643],[34.876163,45.7904304],[34.9411705,45.7658247],[34.9597746,45.7565682],[34.9750832,45.76201720000001],[35.2334204,45.7917299]]]}},{"type":"Feature","properties":{"shapeName":"Запорожская область","shapeISO":"RU-ZAP","shapeID":"CTFMAP-RU-ZAP","shapeGroup":"RUS","shapeType":"ADM1"},"geometry":{"type":"Polygon","coordinates":[[[35.4680391,46.1464862],[35.4819473,46.1566185],[35.50291230000001,46.175615],[35.5201177,46.19633670000001],[35.5307274,46.2137275],[35.5549159,46.2326741],[35.5819369,46.26281080000001],[35.6189263,46.2749908],[35.6475954,46.288284],[35.6852912,46.3127683],[35.7062562,46.3317109],[35.720357,46.3483463],[35.7671261,46.363062],[35.795795200000015,46.3763338],[35.8217084,46.3920699],[35.8444224,46.409999],[35.8673925,46.3827203],[35.8918154,46.3620491],[35.9200904,46.3438584],[35.9516906,46.3284899],[35.9860276,46.3162322],[36.0040241,46.31134439999999],[36.0412541,46.3041657],[36.07955230000001,46.3005555],[36.1182054,46.3005817],[36.1564934,46.3042438],[36.19370290000001,46.3114728],[36.22914090000001,46.32213280000001],[36.2459876,46.3286891],[36.2775441,46.3441003],[36.292106900000014,46.3528828],[36.318462,46.3723951],[36.3407215,46.3941939],[36.3584708,46.4178707],[36.4085639,46.4393093],[36.4462598,46.4637262],[36.4763173,46.4927262],[36.4915284,46.5140584],[36.4987834,46.5281547],[36.5457041,46.5356505],[36.5740658,46.512447],[36.6141225,46.4899056],[36.6597982,46.4731705],[36.7093378,46.4628902],[36.7608373,46.4594637],[36.7952827,46.4610639],[36.8291301,46.4657472],[36.8775187,46.4783618],[36.9073843,46.4902863],[36.9347341,46.5047894],[36.9590999,46.5216209],[36.9800648,46.540491],[36.9972703,46.5610748],[37.0104216,46.5830182],[37.0192941,46.6059446],[37.024161,46.6389232],[37.0644985,46.6616796],[37.097886,46.6898727],[37.1333852,46.6979828],[37.1687215,46.710379],[37.0624638,46.8839559],[37.0335649,46.9175287],[37.0214379,46.92794],[37.092348,46.9683681],[37.1026884,46.9599756],[37.1411334,46.9819937],[37.0893372,47.0074623],[37.1249171,47.0391072],[37.0986952,47.0592489],[37.0865397,47.0524616],[37.081212,47.0474791],[36.9854155,47.0797715],[36.99851320000001,47.0836021],[37.0083874,47.0845123],[37.0127672,47.0893595],[37.0086432,47.09220280000001],[37.0108917,47.0984865],[37.00595890000001,47.097536],[37.0019709,47.100854],[37.0093366,47.1064994],[37.0107914,47.1106078],[37.0094951,47.1141209],[37.0058586,47.1129805],[36.9997972,47.1143517],[37.0027317,47.1210424],[37.0022217,47.1271634],[36.9979671,47.1296066],[36.99257230000001,47.1240194],[36.9881899,47.1257896],[36.9835274,47.1244045],[36.9789843,47.1273412],[36.9798502,47.130819],[36.9703182,47.1357456],[36.9737933,47.1398854],[36.9638271,47.1449395],[36.9617594,47.1488122],[36.9545717,47.1495599],[36.9546827,47.1535393],[36.9504188,47.1549083],[36.9495352,47.1586788],[36.945679,47.1600545],[36.9404074,47.1573171],[36.9367874,47.161378],[36.9366519,47.16551850000001],[36.9225285,47.1605548],[36.9240584,47.1704283],[36.9183231,47.1710081],[36.9143351,47.1658414],[36.9120777,47.1666144],[36.909812,47.16513650000001],[36.9026051,47.1696838],[36.8995953,47.173901],[36.8885102,47.1708321],[36.8861765,47.1728723],[36.8864357,47.1766744],[36.8848054,47.1770494],[36.881503,47.1746057],[36.8789279,47.1755377],[36.8759997,47.1811231],[36.8702477,47.1842624],[36.864323,47.1853625],[36.8632654,47.1877095],[36.8591538,47.1894476],[36.8599955,47.1924911],[36.8577509,47.1923004],[36.855981,47.1940457],[36.8573624,47.1976022],[36.8546099,47.19913380000001],[36.8917618,47.2000037],[36.894083,47.2059071],[36.9308514,47.2069799],[36.9313312,47.2005647],[36.9626139,47.2016559],[36.9556994,47.2290267],[36.9490524,47.2281976],[36.9451641,47.2404607],[36.9363786,47.2871212],[36.9260224,47.3194178],[36.9442269,47.3206358],[36.9466004,47.3109951],[37.0264564,47.3147836],[37.02891240000001,47.3108184],[37.0339637,47.3090152],[37.0361269,47.2999843],[37.0837011,47.3147193],[37.0804635,47.3174145],[37.0829384,47.3176118],[37.0832455,47.3218255],[37.0951442,47.3259678],[37.0922697,47.3300747],[37.122176900000014,47.3403728],[37.106553,47.3759571],[37.146039,47.3811051],[37.1619798,47.341438],[37.2034182,47.3557652],[37.1945741,47.3733558],[37.23200590000001,47.437834],[37.23675320000001,47.4368406],[37.24841580000001,47.45682449999999],[37.2395517,47.4597266],[37.2450004,47.4691412],[37.2136118,47.4694975],[37.2114777,47.4688174],[37.2114146,47.4666903],[37.2082931,47.4669578],[37.2067781,47.4687542],[37.19003280000001,47.4689803],[37.19597060000001,47.4789319],[37.1797983,47.4836571],[37.1577018,47.4548597],[37.1288798,47.4677276],[37.1274007,47.46871080000001],[37.1288856,47.4697688],[37.0843169,47.496115],[37.0781408,47.4916871],[37.0741782,47.4937229],[37.0210271,47.5527976],[37.0015961,47.5388645],[36.9800607,47.5607131],[36.9667558,47.553407],[36.9443387,47.5761317],[36.8934106,47.5449148],[36.8303171,47.6242291],[36.7646269,47.600787],[36.7631436,47.6005689],[36.76211630000002,47.6031478],[36.7649174,47.6077703],[36.74810320000001,47.6065962],[36.7452576,47.6217404],[36.76621220000001,47.623444],[36.765849,47.63411330000001],[36.725195,47.6310934],[36.7182719,47.6588466],[36.7548069,47.6619953],[36.7544358,47.6644869],[36.752336,47.6641601],[36.7534448,47.6668305],[36.7689401,47.6679185],[36.7688682,47.6662988],[36.7747236,47.665137],[36.7760591,47.6662101],[36.7745633,47.66957],[36.7786899,47.6679746],[36.7794065,47.6703493],[36.7845168,47.6734753],[36.7805276,47.6751497],[36.7807309,47.6770004],[36.7842412,47.6799813],[36.79197890000001,47.6810063],[36.7902865,47.6836962],[36.7916444,47.6849218],[36.7133797,47.6788709],[36.699959,47.7324982],[36.685659,47.7308949],[36.6713057,47.7935819],[36.5938369,47.7840344],[36.5876317,47.78535580000001],[36.5885271,47.8165077],[36.59933010000001,47.8178481],[36.6083961,47.8408481],[36.6047014,47.8508377],[36.5847724,47.8473971],[36.52091690000001,47.8364524],[36.5228575,47.828813],[36.4695098,47.8239992],[36.4490522,47.8240875],[36.421847,47.8289118],[36.4118732,47.8276503],[36.3977879,47.8308742],[36.3767052,47.8299891],[36.3744194,47.837979],[36.324133,47.8394667],[36.3231212,47.8355965],[36.3305252,47.8306801],[36.3294652,47.8273268],[36.3322116,47.8258819],[36.3283106,47.8229113],[36.3301558,47.8203176],[36.298596300000014,47.8159282],[36.29819480000001,47.8177401],[36.275516900000014,47.8154752],[36.2738145,47.8233586],[36.2661856,47.833203],[36.1975738,47.8325454],[36.1931612,47.8381075],[36.1895222,47.8370862],[36.1882444,47.8415243],[36.194395,47.8489805],[36.1974,47.8569064],[36.1958241,47.8594481],[36.1771939,47.8571957],[36.1787749,47.8506565],[36.1016634,47.8425887],[36.1002183,47.848513],[36.0958889,47.8500811],[36.0736508,47.8488326],[36.0685622,47.8674888],[36.0575194,47.8682955],[36.0540611,47.8800013],[36.0807874,47.8832195],[36.0872019,47.8612274],[36.1192273,47.8647615],[36.1169226,47.8709357],[36.1301856,47.8903331],[36.1224771,47.90019],[36.12771270000001,47.9019169],[36.1103646,47.924578],[36.1197291,47.9278626],[36.1087035,47.9417691],[36.0850119,47.9303057],[36.0735698,47.9652124],[36.051624,47.9585709],[36.0479461,47.9655214],[36.0707449,47.9715179],[36.0661957,47.9820963],[36.0619976,48.0010325],[36.0416478,48.0039192],[36.0344335,48.0187162],[36.0655311,48.0251985],[36.0560879,48.0460971],[36.0582208,48.0465397],[36.0524844,48.0590719],[35.9752911,48.043179],[35.9779628,48.0515222],[35.982607,48.0567899],[35.9879416,48.0570536],[35.9885154,48.058354],[35.9806564,48.0634002],[35.9751852,48.0594259],[35.9720218,48.0599386],[35.9742044,48.0665088],[35.9694347,48.0731229],[35.9770196,48.0779751],[35.9839606,48.0781564],[35.985463,48.0846407],[35.9840366,48.0866397],[35.9760994,48.0863475],[35.975402,48.0922845],[35.9665982,48.0947947],[35.920633,48.0820667],[35.8168631,48.0661227],[35.8060527,48.1006107],[35.7947346,48.09633510000001],[35.7831565,48.0941682],[35.7761836,48.09671810000001],[35.75815510000001,48.0986094],[35.7560005,48.098353],[35.7565701,48.0964426],[35.7428249,48.0957479],[35.7034121,48.1402147],[35.5930955,48.0983456],[35.5236574,48.0744153],[35.5188268,48.0948608],[35.5079687,48.0977291],[35.4856094,48.0949666],[35.4806579,48.0974037],[35.4794053,48.0967819],[35.4792211,48.0981076],[35.4744756,48.0976521],[35.4622801,48.1017036],[35.4496851,48.1030923],[35.4212624,48.1001881],[35.4205126,48.1045867],[35.4162676,48.1096858],[35.4046762,48.111658],[35.4017105,48.1146833],[35.3943568,48.1141477],[35.3830034,48.1200412],[35.3780303,48.1180874],[35.3763249,48.1193508],[35.3687642,48.1192433],[35.365691,48.1210151],[35.3534199,48.1210797],[35.349154,48.123167],[35.3435342,48.1234396],[35.3433623,48.1245442],[35.3384996,48.1234298],[35.3325656,48.128131300000014],[35.2950206,48.1443499],[35.273859,48.1441178],[35.26539430000001,48.1420287],[35.2539868,48.1360893],[35.2418637,48.1346782],[35.2197084,48.1427251],[35.2096784,48.140133],[35.1945477,48.1403684],[35.1790221,48.1311071],[35.1636852,48.1287625],[35.1017463,48.1316069],[35.0848266,48.1234013],[35.0645638,48.1224476],[35.0579429,48.1204851],[35.0446942,48.10813390000001],[35.03891520000001,48.0984461],[35.0200469,48.0970349],[35.0146508,48.0947498],[34.9963497,48.0918553],[34.9902585,48.0891896],[34.9855916,48.0966064],[34.9297378,48.0903267],[34.930067,48.0926344],[34.9147229,48.09093690000001],[34.9104044,48.1040582],[34.91168639999999,48.1136994],[34.9200639,48.1145847],[34.9158128,48.1306035],[34.881325,48.127115900000014],[34.8783006,48.1338285],[34.8551126,48.133049],[34.8756638,48.0544638],[34.8392142,48.0505126],[34.8469684,48.0139203],[34.8583305,48.0151785],[34.8644652,48.0016255],[34.8695389,47.9823938],[34.904884399999986,47.9857185],[34.9124961,47.9577887],[34.9092776,47.9573995],[34.9137254,47.9407079],[34.9190894,47.9334607],[34.8810268,47.92890830000001],[34.8764227,47.9419506],[34.8492,47.9377732],[34.8516809,47.9209705],[34.8019738,47.915638],[34.8171129,47.8643294],[34.828275,47.8686746],[34.8376164,47.8698855],[34.8502521,47.8770898],[34.860842,47.8805301],[34.864016,47.8794002],[34.8708044,47.8506261],[34.8972316,47.8528148],[34.9033773,47.8295927],[34.8788837,47.8184011],[34.8935727,47.7601605],[34.9575165,47.7696292],[34.9649274,47.7402064],[34.9544831,47.7390806],[34.9575224,47.7275431],[34.9518559,47.7270494],[34.95604139999999,47.7123379],[34.9298855,47.7115927],[34.93824,47.6774],[34.90571290000001,47.6738848],[34.9161366,47.6338072],[34.93275230000001,47.6358178],[34.9416662,47.6011744],[34.9372093,47.5979805],[34.9387011,47.5946354],[34.9343747,47.5903845],[34.9315775,47.5915668],[34.9317826,47.59334],[34.9257405,47.5940066],[34.9290786,47.5898437],[34.9344679,47.588259],[34.9359785,47.5824982],[34.927307,47.581429],[34.9275494,47.5803095],[34.9391114,47.5804856],[34.9458807,47.5742459],[34.9348596,47.5695404],[34.9362022,47.5682445],[34.9487339,47.572132300000014],[34.9569205,47.5685842],[34.9655262,47.5499983],[34.9580347,47.538279],[34.945434,47.5296215],[34.9291978,47.524718],[34.8996211,47.5182247],[34.8762616,47.5150053],[34.8622727,47.5150718],[34.8404749,47.5210181],[34.8171027,47.5307827],[34.7963243,47.5370197],[34.7355014,47.5389117],[34.6696871,47.5556503],[34.6449779,47.5597593],[34.5883534,47.5623516],[34.572379,47.5616158],[34.5280762,47.5536807],[34.4984592,47.5435748],[34.4780999,47.5342211],[34.4688614,47.532118],[34.4240417,47.5301679],[34.3457294,47.5218916],[34.299975,47.5191405],[34.268116200000016,47.508853],[34.2341536,47.4943982],[34.2073873,47.4882571],[34.1394646,47.4772499],[34.1699642,47.4690813],[34.2184503,47.452729],[34.230114,47.4460149],[34.2426886,47.4338649],[34.2529693,47.4094825],[34.2563617,47.3942107],[34.2529149,47.3911219],[34.2599647,47.3606487],[34.2711741,47.3622316],[34.2834383,47.3263116],[34.2817997,47.3240861],[34.282583,47.3176625],[34.29299390000001,47.2743463],[34.29973870000001,47.2722433],[34.3022536,47.2729715],[34.3053474,47.269141],[34.3290637,47.2907036],[34.3576058,47.2933836],[34.3695731,47.2835733],[34.4012258,47.2871716],[34.3987212,47.298378100000015],[34.4187949,47.3009396],[34.4134848,47.3233412],[34.4920185,47.332266],[34.4984492,47.334959],[34.5003723,47.3385051],[34.5046165,47.3400705],[34.5121334,47.3386697],[34.5158861,47.3362281],[34.5161696,47.3332205],[34.5088162,47.3277382],[34.5086227,47.32538],[34.5132134,47.3243997],[34.5146898,47.3225547],[34.5138315,47.3181455],[34.4794346,47.3151248],[34.4804555,47.3077858],[34.4877638,47.2799494],[34.5182002,47.2835488],[34.5236425,47.26717030000001],[34.5272052,47.2674288],[34.5300976,47.2507598],[34.4908861,47.2468443],[34.4909976,47.2406],[34.5195021,47.1047491],[34.5534973,47.1059694],[34.5672697,47.0244915],[34.5916567,47.0267916],[34.5996222,46.9917725],[34.6174822,46.99331580000001],[34.6205819,46.9881738],[34.6238427,46.9733971],[34.6425991,46.9741138],[34.6542543,46.9766286],[34.6809711,46.9791411],[34.6854556,46.9558631],[34.7361514,46.9614556],[34.7525692,46.8795369],[34.8046826,46.8825274],[34.8126588,46.8336305],[34.817047399999986,46.82893510000001],[34.7581324,46.8227066],[34.7675765,46.7809131],[34.7501431,46.7805134],[34.7504856,46.7578954],[34.735172200000015,46.7570629],[34.73500520000001,46.7473443],[34.6586929,46.7403319],[34.6612754,46.7271564],[34.6252257,46.723972],[34.6322356,46.6876186],[34.6808284,46.6919901],[34.6835688,46.6772691],[34.6851011,46.6770294],[34.7461772,46.6832188],[34.7563087,46.6269756],[34.7127641,46.6200738],[34.7232991,46.5814666],[34.748275,46.5841895],[34.7576007,46.5493238],[34.8912198,46.5625704],[34.8950368,46.5376268],[34.885143,46.5367184],[34.8903855,46.5067797],[34.9472209,46.5124675],[34.9484152,46.503464],[34.95308149999999,46.5037628],[35.0222178,46.4793022],[35.0534528,46.4815667],[35.0710047,46.3797609],[35.0674756,46.3764614],[35.0582559,46.3755365],[35.06590280000001,46.3359148],[35.0692533,46.3301742],[35.0672758,46.3289991],[35.0735362,46.2998986],[35.0956105,46.3017269],[35.128223,46.3020878],[35.1694604,46.2944092],[35.2274451,46.2812001],[35.2534755,46.2710593],[35.2780627,46.264581],[35.3757487,46.1944895],[35.4680391,46.1464862]]]}},{"type":"Feature","properties":{"shapeName":"Севастополь","shapeISO":"RU-SEV","shapeID":"CTFMAP-RU-SEV","shapeGroup":"RUS","shapeType":"ADM1"},"geometry":{"type":"Polygon","coordinates":[[[33.2951871,44.9405202],[33.2853679,44.927546],[33.270362,44.9014366],[33.2468782,44.8354389],[33.242376,44.8073853],[33.242158900000014,44.7932554],[33.2462933,44.763327],[33.209091,44.7467639],[33.1788052,44.7284144],[33.1650545,44.71817930000001],[33.1406578,44.6958248],[33.1301256,44.683809],[33.1126386,44.6583786],[33.1057654,44.645082],[33.09591970000001,44.6176345],[33.092993,44.6036113],[33.0912003,44.575292],[33.0948391,44.5470488],[33.098678,44.5331207],[33.1103056,44.5059764],[33.1270087,44.4802021],[33.1484762,44.45628],[33.1743082,44.4346585],[33.2086709,44.4133451],[33.2183833,44.399382],[33.2398508,44.3754269],[33.2656829,44.3537755],[33.295398200000015,44.3348338],[33.3284434,44.3189574],[33.3460243,44.31226439999999],[33.3828937,44.3015261],[33.4203481,44.2946542],[33.4464718,44.2756294],[33.4617819,44.26651020000001],[33.494827,44.2506154],[33.512408,44.2439146],[33.5305864,44.2380882],[33.5651943,44.2298337],[33.58211030000001,44.222279],[33.6178696,44.2097458],[33.696591,44.1910397],[33.7618573,44.3895298],[33.76618830000001,44.3922413],[33.7777973,44.3942201],[33.7873171,44.3978598],[33.7908731,44.4044546],[33.802175,44.4021948],[33.8116301,44.4038328],[33.8269394,44.4079137],[33.8469623,44.4171293],[33.8573247,44.4196807],[33.8706281,44.4188467],[33.8980569,44.4214726],[33.9024805,44.4193681],[33.9094099,44.4188846],[33.9262025,44.4213251],[33.8934902,44.4732254],[33.8971535,44.4787873],[33.8869091,44.4822103],[33.8736292,44.4926938],[33.8672494,44.5003522],[33.8673484,44.5025419],[33.8707581,44.5054113],[33.868911,44.5073968],[33.8603572,44.5067568],[33.85315,44.5154015],[33.8456566,44.519124],[33.8572702,44.5258757],[33.8494976,44.5306195],[33.8401482,44.5304315],[33.8394649,44.5384748],[33.8337314,44.5416787],[33.8372152,44.548782],[33.8310821,44.5548411],[33.8273394,44.563316],[33.8272108,44.5712636],[33.8173303,44.577274],[33.8139036,44.5771175],[33.8114458,44.5738111],[33.8093847,44.5769972],[33.8056839,44.57531860000001],[33.8004378,44.5814222],[33.795198700000014,44.5802969],[33.7920091,44.5848619],[33.7876721,44.5854157],[33.781845,44.5971035],[33.7828306,44.6059825],[33.7800828,44.612849],[33.7651672,44.6091022],[33.7496197,44.60791],[33.7419079,44.60535080000001],[33.735653,44.6009246],[33.7286926,44.6046812],[33.7272166,44.6085501],[33.7162703,44.62043830000001],[33.7218757,44.631584],[33.7168675,44.6332156],[33.7176817,44.6375914],[33.72547620000001,44.6401041],[33.73003230000001,44.6470751],[33.7518666,44.6637439],[33.7538142,44.6657454],[33.7525767,44.668575300000015],[33.754625,44.67533990000001],[33.7674787,44.6820761],[33.7769711,44.690265],[33.76151320000001,44.7009902],[33.7518027,44.6987863],[33.7462868,44.7010307],[33.7348624,44.7075832],[33.72659210000001,44.716636],[33.715643,44.715848],[33.7145084,44.705868],[33.7050933,44.7049158],[33.70515330000001,44.7086069],[33.7072434,44.7105734],[33.7006932,44.7148119],[33.6708014,44.7097439],[33.6589663,44.7142533],[33.6161203,44.711976],[33.6136625,44.7497551],[33.6355485,44.7529449],[33.6823606,44.7699841],[33.6772085,44.7861542],[33.6642612,44.7947092],[33.620752300000014,44.8065488],[33.6028486,44.8103113],[33.5866523,44.807848],[33.5736666,44.8238183],[33.5671526,44.838601],[33.56217870000001,44.8410979],[33.5542562,44.8402319],[33.2951871,44.9405202]]]}}]}